ID,TOMBO,EQUIPAMENTO,ID_CLIENTE,CLIENTE,TIPO_MOV,ID_ULTI_MOVI,MOV_TIPO_ID,DATA_ULTI_MOVI,MOVIMENTO_TIPO
1,1,ESTABILIZADOR 300 VA FORCELINE S/N/S,2807,P.M. IGUATU - SECRETARIA DO MEIO AMBIENTE - 2017,Alugado,21132,1,2017-06-19 09:49:00,Alugado
143908,1,ACCESS POINT TESTE GUSTAVO,,,,,,,Sem Movimento
135,135,ESTABILIZADOR RAGTECH S/N 040802095443,1194,ROBERTO SÍTIO,Devolução,543168,2,2025-11-05 11:13:31,Devolução
35922,135,MICRO I3,3576,IZZI SOLUÇÕES EM COBRANÇAS E TELEATENDIMENTO LTDA,Substituição Devolução,505861,3,2023-08-30 14:31:55,Substituição Devolução
203,203,ESTABILIZADOR MAX RAGTECH S/N 040802095688,1237,CASCAVEL - LICITAÇÃO - FAZENDA,Alugado,12488,1,2014-03-31 23:00:00,Alugado
36081,203,MONITOR LCD,3577,P M DE ARACOIABA/SEC EDUCAÇÃO,Alugado,117545,1,2021-08-19 11:24:33,Alugado
500,500,FONTE DE IMPRESSORA HP 840 C,409,PM DE CAUCAIA - SECRETARIA DE TURISMO,Devolução,503208,2,2023-06-22 08:26:15,Devolução
36324,500,ESTABILIZADOR 300 VA,3587,P M INDEPENDÊNCIA/FUNDO MUNICIPAL DE SAÚDE,Devolução,528884,2,2025-03-11 12:58:05,Devolução
542,542,ESTABILIZADOR DE TENSAO 1KVA,3429,P. M. DE CASCAVEL - AÇÃO SOCIAL A LOCALIZAR,Alugado,30189,1,2019-06-18 04:30:00,Alugado
36351,542,ESTABILIZADOR 300 VA,3588,P M DE IRAUÇUBA/SECRETARIA DE SAUDE,Devolução,503697,2,2023-07-07 14:46:54,Devolução
543,543,IMPRESSORA HP JATO DE TINTA 840C S/N BR18N1T1J6,,,,,,,Sem Movimento
36352,543,ESTABILIZADOR 300 VA,3588,P M DE IRAUÇUBA/SECRETARIA DE SAUDE,Alugado,116993,1,2020-10-23 11:39:14,Alugado
559,559,ESTABILIZADOR DE TENSAO 1KVA  SMS S/N,2077,P. M. DE BARROQUINHA - SAÚDE -  NÃO LOCALIZADOS,Alugado,10459,1,2013-05-24 23:59:00,Alugado
36368,559,"MONITOR LED 15,4",3630,P M CAMOCIM  - SECRET DESENVOLVIMENTO SOCIAL,Alugado,117244,1,2021-06-14 09:08:32,Alugado
636,636,HUB 8 PORTAS BENQ LINK/ACT 100/10 S/N 99330N202421300547HB2000,126,ALTA ROTA PARS LTDA,Devolução,501,2,2005-05-14 23:00:00,Devolução
36447,636,ESTABILIZADOR 300 VA,3587,P M INDEPENDÊNCIA/FUNDO MUNICIPAL DE SAÚDE,Devolução,528884,2,2025-03-11 12:58:05,Devolução
702,702,FONTE DE IMPRESSORA HP 610 C S/N 97KZ12-L3,50,NAO IDENTIFICADO,Devolução,249,2,2005-01-03 23:00:00,Devolução
36532,702,"MONITOR LED 19,5",3576,IZZI SOLUÇÕES EM COBRANÇAS E TELEATENDIMENTO LTDA,Alugado,117017,1,2020-12-17 15:18:29,Alugado
703,703,ESTABILIZADOR BMI COMPACT S/N 00137,528,ANTONIO MACIEL DE OIIVEIRA JÚNIOR,Devolução,388,2,2005-03-16 23:00:00,Devolução
36533,703,"MONITOR LED 19,5",3576,IZZI SOLUÇÕES EM COBRANÇAS E TELEATENDIMENTO LTDA,Alugado,117017,1,2020-12-17 15:18:29,Alugado
723,723,HUB 08 PORTAS S/N 2008012024F00886,547,P M DE CAUCAIA / SEINFRA,Devolução,19981,2,2017-02-23 08:32:00,Devolução
36543,723,TRANSFORMADOR,3595,TCE - TRIBUNAL DE CONTAS DO ESTADO,Devolução,524533,2,2024-12-05 11:51:27,Devolução
747,747,ESTABILIZADOR RAGTECH S/N 99138274,307,DUDA - RONALDY,Devolução,555293,2,2026-06-12 14:20:12,Devolução
36570,747,TRANSFORMADOR,1471,P M DE CAUCAIA / AÇÃO SOCIAL - CONSELHO TUTELAR SEDE,Devolução,555014,2,2026-06-09 12:14:39,Devolução
969,969,MONITOR COLOR 14'' SPECTRUM S/N ECSK81429190,,,,,,,Sem Movimento
36799,969,MICRO CORE I5,3611,P M DE EUSEBIO - SECRETARIA MUNIC DE OBRAS E SERV PUBLICOS,Alugado,117132,1,2021-04-08 18:17:37,Alugado
980,980,IMPRESSORA EPSON LX 300 S/N 1YMY568670,935,LIVRARIA E PAPELARIA MAGAZINE LTDA-ME,Devolução,1714,2,2007-03-15 23:00:00,Devolução
36811,980,NOTEBOOK I7 LENOVO IDEAPAD 8GB SSD 240 NS MP1SDYH1,10484,SAO LUIS ALUCOM LOCACOES,Alugado,501947,1,2023-04-25 13:37:30,Alugado
997,997,ESTABILIZADOR RAGTECH S/N 99411474,307,DUDA - RONALDY,Alugado,4008,1,2009-07-18 23:00:00,Alugado
36873,997,MICRO CORE I5,3622,ALUCOM LOCACOES,Devolução,531460,2,2025-04-27 17:30:35,Devolução
36853,1021,ESTABILIZADOR,3772,P M DE BEBERIBE - SECRETARIA DA SAUDE,Devolução,503024,2,2023-06-19 10:52:41,Devolução
82271,1021,"TV 32"" S/N Y1YD3|AF330285A",,,,,,,Sem Movimento
36854,1022,ESTABILIZADOR,3609,P M DE GUARAMIRANGA - SECRETARIA DE SAUDE,Substituição Alugado,117301,5,2021-07-06 17:04:02,Substituição Alugado
82272,1022,"TV 32"" S/N  ZB1115330627",,,,,,,Sem Movimento
1038,1038,TELAO 1.8 X 1.80 COM TRIPE,1104,LANDELINO BEZERRA NETO,Alugado,2346,1,2008-04-11 23:00:00,Alugado
36881,1038,"MONITOR LED 19,5",3611,P M DE EUSEBIO - SECRETARIA MUNIC DE OBRAS E SERV PUBLICOS,Alugado,117143,1,2021-04-16 12:21:59,Alugado
1112,1112,IMPRESSORA EPSON LX 300 S/N CDUM011959,1969,P. M. DE JAGUARIBARA - HOSPITAL,Alugado,9894,1,2013-03-14 23:00:00,Alugado
36942,1112,NOTEBOOK CORE I7 8GB HD 1TB SSD 512,3611,P M DE EUSEBIO - SECRETARIA MUNIC DE OBRAS E SERV PUBLICOS,Alugado,117152,1,2021-05-04 08:52:35,Alugado
1128,1128,MONITOR COLOR 15'' SAMSUNG S/N DT15HXBNA05585L,1245,P. M. DE PALHANO - ADMINISTRAÇÃO - 2009,Alugado,2279,1,2008-03-04 23:59:00,Alugado
36963,1128,IMPRESSORA BROTHER MULTIFUNCIONAL,3622,ALUCOM LOCACOES,Devolução,531460,2,2025-04-27 17:30:35,Devolução
1191,1191,ESTABILIZADOR BMI,1252,P. M. DE PALHANO - ALMOXARIFADO - ADM,Alugado,4890,1,2010-04-15 23:59:00,Alugado
37041,1191,ESTABILIZADOR,3607,P M DE CASCAVEL / SECRETARIA DE SAÚDE,Alugado,117187,1,2021-05-17 16:09:36,Alugado
1210,1210,ESTABILIZADOR MICROLINE BMI S/N 03014214,1225,P M DE CAUCAIA/ CONTROLADORIA GERAL - LICITAÇÃO,Devolução,18344,2,2016-08-24 15:19:00,Devolução
37050,1210,MICRO CORE I5,3607,P M DE CASCAVEL / SECRETARIA DE SAÚDE,Alugado,117187,1,2021-05-17 16:09:36,Alugado
1259,1259,ESTABILIZADOR RAGTECH S/N 01116964,1353,P. M. DE ITAPIUNA - ALMOXARIFADO,Devolução,513096,2,2024-02-29 14:27:13,Devolução
37080,1259,"MONITOR LED 15,4",3609,P M DE GUARAMIRANGA - SECRETARIA DE SAUDE,Devolução,512719,2,2024-02-19 16:34:40,Devolução
1294,1294,IMPRESSORA EPSON LX 300+ 80 COLUNAS,627, P. M. BARROQUINHA - SECRETARIA DE TURISMO,Devolução,555577,2,2026-06-19 08:56:23,Devolução
37138,1294,ESTABILIZADOR,3607,P M DE CASCAVEL / SECRETARIA DE SAÚDE,Devolução,506176,2,2023-09-08 13:10:31,Devolução
1365,1365,ESTABILIZADOR RAGTECH S/N 01128832,2109,P. M. DE CAUCAIA - SAÚDE - CADSUS -  NÃO LOCALIZADOS,Alugado,12615,1,2014-04-16 23:00:00,Alugado
37220,1365,IMPRESSORA CANON LASER MF445 DW,3627,P M DE JUAZEIRO - SECRET MUNIC DESENV SOCIAL E TRABALHO - SEDEST,Alugado,117242,1,2021-06-11 09:45:05,Alugado
1366,1366,ESTABILIZADOR 300 VA  SMS S/N 15601148741,514,P M DE CAUCAIA / SECRETARIA DE ADMINISTRAÇÃO,Devolução,57168,2,2023-04-27 13:13:14,Devolução
37221,1366,IMPRESSORA CANON LASER MF445 DW,3632,P M DE JUAZEIRO  - SECRETARIA DE SAUDE,Substituição Devolução,511874,3,2024-01-17 10:38:02,Substituição Devolução
1377,1377,MONITOR COLOR 14'' TCR,636,P. M. DE ACOPIARA - ADMINISTRAÇÃO E  FINANÇAAS - TRIBUTOS,Devolução,1909,2,2007-08-06 23:00:00,Devolução
37209,1377,TRANSFORMADOR,3627,P M DE JUAZEIRO - SECRET MUNIC DESENV SOCIAL E TRABALHO - SEDEST,Devolução,117239,2,2021-06-11 09:27:25,Devolução
1512,1512,MONITOR COLOR 15'' LG S/N 103SP10713,1078,FRANCISCA CILDA - TIA,Devolução,2537,2,2008-06-23 23:00:00,Devolução
37334,1512,MONITOR LED 20,3633,P M AQUIRAZ / SECRETARIA DE ADMINISTRACAO (MATHEUS),Devolução,542845,2,2025-10-29 07:58:22,Devolução
1564,1564,FONTE DE IMPRESSORA LEXMARK Z 22 S/N 17E0300,,,,,,,Sem Movimento
37411,1564,IMPRESSORA CANON JATO DE TINTA,11748,PM AQUIRAZ / SEC SAUDE - UBS TAPERA-20252208.12,Alugado,544242,1,2025-11-14 09:15:23,Alugado
1671,1671,IMPRESSORA MATRICIAL 80 COL EPSON LX-300,697,GARANTIA,Devolução,509739,2,2023-11-23 14:48:47,Devolução
37516,1671,ESTABILIZADOR,3695,P M DE CASCAVEL - TURISMO,Devolução,550108,2,2026-03-09 14:07:43,Devolução
1692,1692,MONITOR COLOR 15'' SAMSUNG S/N DT15HXBRB05459M,,,,,,,Sem Movimento
37538,1692,"MONITOR LED 18,5",3639,P M DE JUAZEIRO - SECRETARIA DA JUVENTUDE - SEJUV,Alugado,117283,1,2021-06-30 18:53:15,Alugado
1757,1757,FONTE DE IMPRESSORA LEXMARK Z22,,,,,,,Sem Movimento
37590,1757,TABLET,3640,P M IGUATU - SECRETARIA DE SAUDE,Alugado,117289,1,2021-07-05 14:22:51,Alugado
1759,1759,FONTE DE IMPRESSORA LEXMARK Z22,,,,,,,Sem Movimento
37592,1759,TABLET,3640,P M IGUATU - SECRETARIA DE SAUDE,Devolução,508156,2,2023-10-23 11:59:12,Devolução
1773,1773,MONITOR COLOR 15'' SAMSUNG S/N AQ15HXAT203597X,925,SECRETARIA DE EDUCAÇÃO DE FORTALEZA,Devolução,1567,2,2006-12-18 23:00:00,Devolução
37621,1773,"MONITOR LED 18,5",3649,P M DE OCARA - SECRETARIA DE SAUDE,Alugado,117311,1,2021-07-08 19:01:20,Alugado
1788,1788,FONTE DE IMPRESSORA LEXMARK Z22,50,NAO IDENTIFICADO,Devolução,249,2,2005-01-03 23:00:00,Devolução
37674,1788,TABLET,3640,P M IGUATU - SECRETARIA DE SAUDE,Alugado,117309,1,2021-07-08 15:11:20,Alugado
1890,1890,FONTE DE IMPRESSORA LEXMARK Z22,55,NAO IDENTIFICADO,Devolução,250,2,2005-01-03 23:00:00,Devolução
37676,1890,TABLET 32GB,3640,P M IGUATU - SECRETARIA DE SAUDE,Alugado,117309,1,2021-07-08 15:11:20,Alugado
2098,2098,"MONITOR COLOR 15 "" SAMSUNG S/N AQ15HXBT628083V",888,P M DE CAUCAIA - SECRETARIA DE EDUCAÇÃO,Devolução,3245,2,2008-12-19 23:00:00,Devolução
37890,2098,IMPRESSORA XEROX A3 MULTIFUNCIONAL B7030 MONO,3621,P M AQUIRAZ / SECRETARIA DE EDUCACAO,Substituição Devolução,514330,3,2024-03-27 08:59:40,Substituição Devolução
2345,2345,IMPRESSORA LASER LEX MARK E 210,74,ETTUFOR,Devolução,443,2,2005-04-14 23:00:00,Devolução
38190,2345,"MONITOR LED 21,5",3655,P M DE JUAZEIRO - SECRETARIA DE TRANSITO  - DEMUTRAN,Devolução,117449,2,2021-07-27 17:20:00,Devolução
2370,2370,FONTE DE IMPRESSORA LEX MARK Z 22,2586,P M CAMOCIM / SECRETARIA DE GESTÃO ADM - PATRIMÔNIO,Alugado,15681,1,2015-07-13 23:00:00,Alugado
38235,2370,ESTABILIZADOR 300 VA,3627,P M DE JUAZEIRO - SECRET MUNIC DESENV SOCIAL E TRABALHO - SEDEST,Alugado,117490,1,2021-08-09 17:28:53,Alugado
2402,2402,ESTABILIZADOR MAX RAGTECH S/N 064102296044,1447,P. M. DE CAUCAIA - SEDESC/CSU - PERDIDOS,Alugado,13,1,2003-10-09 23:00:00,Alugado
38253,2402,ESTABILIZADOR 300 VA,3640,P M IGUATU - SECRETARIA DE SAUDE,Alugado,117500,1,2021-08-11 10:09:53,Alugado
2447,2447,"MONITOR 15"" PROVIEW S/N 031005884",780,P M DE CAUCAIA - PROCURADORIA – FÓRUM,Alugado,1003,1,2006-03-09 23:00:00,Alugado
38298,2447,IMPRESSORA CANON JATO DE TINTA G4111 NS KLWE07742,3629,CARLOS OLIVEIRA - ROTA CARIRI - CRATO,Devolução,511195,2,2023-12-29 11:44:50,Devolução
2523,2523,ESTABILIZADOR SMS REVOLUTION S/N 144248,,,,,,,Sem Movimento
38403,2523,IMPRESSORA MULTIFUNCIONAL CANON LASER TR 1643IF,3653,P M DE JUAZEIRO - SECRETARIA DE ADMINISTRACAO,Substituição Devolução,554800,3,2026-06-02 17:15:36,Substituição Devolução
2551,2551,ESTABILIZADOR SMS REVOLUTION S/N 139967,4550,DOACAO MOACY REGIONAL V,Alugado,48759,1,2022-10-07 17:24:00,Alugado
38391,2551,MICRO CORE I5,3656,P M DE JUAZEIRO -  MEIO AMBIENTE AUTARQUIA,Substituição Devolução,528851,3,2025-03-11 11:09:59,Substituição Devolução
2555,2555,ESTABILIZADOR SMS REVOLUTION S/N 140371,1333,P. M. DE IRACEMA - FARMACIA,Devolução,513087,2,2024-02-29 14:05:16,Devolução
38393,2555,ESTABILIZADOR 300 VA,3640,P M IGUATU - SECRETARIA DE SAUDE,Alugado,117500,1,2021-08-11 10:09:53,Alugado
2561,2561,ESTABILIZADOR SMS REVOLUTION S/N 140369,688,REDE ADMINISTRAÇÃO HOTELEIRA LTDA,Devolução,712,2,2005-09-29 23:00:00,Devolução
38408,2561,IMPRESSORA MULTIFUNCIONAL CANON LASER TR 1643IF,3653,P M DE JUAZEIRO - SECRETARIA DE ADMINISTRACAO,Substituição Alugado,117409,5,2021-07-27 17:31:31,Substituição Alugado
2596,2596,"MONITOR  COLOR 15 ""  METRON  S/N 212014370",1059,P. M. DE CHOROZINHO - DIGITALIZAÇÃO,Devolução,2010,2,2007-09-29 23:00:00,Devolução
38440,2596,NOBREAK  1200 KVA,10389,BASE - ACARAPE / REDENÇÃO,Devolução,515059,2,2024-04-11 13:26:38,Devolução
2613,2613,"MONITOR COLOR 15"" PROVIEW  S/N 31008464",2079,P. M. DE BARROQUINHA -  FINANÇAAS/GABINETE -  NÃO LOCALIZADOS,Alugado,10461,1,2013-05-24 23:59:00,Alugado
38457,2613,ESTABILIZADOR 300VA,3597,P M DE MONSENHOR TABOSA/SECRETARIA DE SAÚDE,Alugado,120546,1,2022-09-06 11:01:57,Alugado
2666,2666,ESTABILIZADOR BMI S/N 00063,2889,P M DE CAUCAIA / AÇÃO SOCIAL 2017,Alugado,21072,1,2017-06-08 18:30:00,Alugado
38508,2666,TABLET MULTILASER,3640,P M IGUATU - SECRETARIA DE SAUDE,Alugado,117494,1,2021-08-10 11:48:49,Alugado
2671,2671,ESTABILIZADOR MICROLINE  BMI S/N 00075,1353,P. M. DE ITAPIUNA - ALMOXARIFADO,Devolução,513096,2,2024-02-29 14:27:13,Devolução
38513,2671,TABLET MULTILASER,3640,P M IGUATU - SECRETARIA DE SAUDE,Substituição Devolução,529417,3,2025-03-14 12:26:37,Substituição Devolução
2774,2774,ESTABILIZADOR 300 VA S/N/S,3236,ELEIÇÃO 2018 - MAYRA ISABEL CORREIA PINHEIRO SENADOR,Devolução,26773,2,2018-10-09 17:54:00,Devolução
38630,2774,TABLET,3640,P M IGUATU - SECRETARIA DE SAUDE,Alugado,117518,1,2021-08-12 17:22:37,Alugado
2801,2801,ESTABILIZADOR BMI MICROLINE S/N 00034,3163,MOREIA TECNOLOGIA -  MANUTENÇÃO DE EQUIPAMENTOS,Devolução,38749,2,2021-06-08 08:36:00,Devolução
38657,2801,TABLET,3640,P M IGUATU - SECRETARIA DE SAUDE,Substituição Devolução,529417,3,2025-03-14 12:26:37,Substituição Devolução
2967,2967,"MONITOR COLOR 14"" SAMSUNG S/N HCDJ617029",1447,P. M. DE CAUCAIA - SEDESC/CSU - PERDIDOS,Alugado,13,1,2003-10-09 23:00:00,Alugado
38804,2967,ESTABILIZADOR 1000 VA,3656,P M DE JUAZEIRO -  MEIO AMBIENTE AUTARQUIA,Alugado,117549,1,2021-08-24 15:39:44,Alugado
2977,2977,BASE  PARA RADIO S/N 15642001207,554,SEBRAE - EVENTO,Devolução,1344,2,2006-08-30 23:00:00,Devolução
38813,2977,MONITOR LCD 17,,,,,,,Sem Movimento
2978,2978,FONTE PARA RADIO COMUNICACAO,352,GEORGE DSI,Devolução,2622,2,2008-07-11 23:00:00,Devolução
38814,2978,MICRO CORE I5,,,,,,,Sem Movimento
2982,2982,FONTE PARA RADIO COMUNICACAO,554,SEBRAE - EVENTO,Devolução,1493,2,2006-11-16 23:00:00,Devolução
38818,2982,TRANSFORMADOR,,,,,,,Sem Movimento
2986,2986,FONTE PARA RADIO COMUNICACAO,876,COMITÉJOSÉ GERARDO,Devolução,1425,2,2006-10-05 23:00:00,Devolução
38834,2986,MICRO CORE I5,3691,P M DE MARANGUAPE - SECRETARIA DE ADMINISTRACAO E FINANCAS,Alugado,117553,1,2021-08-25 08:48:37,Alugado
2993,2993,BASE PARA RADIO COMUNICACAO S/N 1564200R07,554,SEBRAE - EVENTO,Devolução,1493,2,2006-11-16 23:00:00,Devolução
38847,2993,MICRO CORE I5,3825,P M DE CASCAVEL - SECRETARIA DE ASSISTÊNCIA SOCIAL /CADASTRO UNICO,Devolução,546756,2,2026-01-02 08:20:49,Devolução
3025,3025,ESTABILIZADOR 600 VA S/N/S,3163,MOREIA TECNOLOGIA -  MANUTENÇÃO DE EQUIPAMENTOS,Alugado,26256,1,2018-08-27 15:04:00,Alugado
38869,3025,NOTEBOOK,3693,P M DE CASCAVEL - GABINETE/ COMUNICAÇÃO,Alugado,117568,1,2021-08-26 10:03:31,Alugado
3123,3123,"MONITOR COLOR 17"" SAMSUNG S/N AN17HXAW700620Z",1193,INSTITUTO CIDADES,Devolução,3925,2,2009-06-10 23:00:00,Devolução
38952,3123,MICRO CORE I3,3576,IZZI SOLUÇÕES EM COBRANÇAS E TELEATENDIMENTO LTDA,Alugado,117596,1,2021-09-01 15:45:14,Alugado
3142,3142,ESTABILIZADOR BMI MICROLINE S/N 0094,134,SINDIONIBUS/ETUFOR,Alugado,26245,1,2018-08-27 09:53:00,Alugado
38972,3142,ESTABILIZADOR 300 VA,3576,IZZI SOLUÇÕES EM COBRANÇAS E TELEATENDIMENTO LTDA,Alugado,117596,1,2021-09-01 15:45:14,Alugado
3143,3143,ESTABILIZADOR BMI MICROLINE  S/N 00005,1447,P. M. DE CAUCAIA - SEDESC/CSU - PERDIDOS,Devolução,515256,2,2024-04-15 15:14:22,Devolução
38973,3143,ESTABILIZADOR 300 VA,3576,IZZI SOLUÇÕES EM COBRANÇAS E TELEATENDIMENTO LTDA,Substituição Devolução,503603,3,2023-07-05 11:24:21,Substituição Devolução
3176,3176,ESTABILIZADOR BMI MICROLINE S/N 00055,11718,PM AQUIRAZ / PROCURADORIA GERAL DO MUNICIPIO-20252208.17,Alugado,543691,1,2025-11-11 10:25:12,Alugado
38997,3176,ESTABILIZADOR 300 VA,3705,P M AQUIRAZ / PROCURADORIA GERAL,Devolução,543686,2,2025-11-11 10:17:50,Devolução
3230,3230,HUB 16 PORTAS SWITCH  S/N 541601000BC00043,1915,ELEIÇÃO 2012 – COMITÉ MARACANAÚ,Devolução,8987,2,2012-10-09 23:00:00,Devolução
39072,3230,IMPRESSORA MULT RICOH 3710,3706,"SECRETARIA MUNICIPAL DE AGRICULTURA, MEIO AMBIENTE E SERVIÇOS PÚBLICOS",Substituição Devolução,550128,3,2026-03-10 14:41:56,Substituição Devolução
3274,3274,ESTABILIZADOR BMI S/N 00061,4550,DOACAO MOACY REGIONAL V,Alugado,53317,1,2022-10-07 23:00:00,Alugado
39092,3274,MONITOR LED 19,3706,"SECRETARIA MUNICIPAL DE AGRICULTURA, MEIO AMBIENTE E SERVIÇOS PÚBLICOS",Devolução,513983,2,2024-03-18 10:24:02,Devolução
3297,3297,"MONITOR COLOR 15"" AOC S/N A5SS35A991669",907,REGIONAL V,Devolução,1886,2,2007-07-18 23:00:00,Devolução
39147,3297,MONITOR LED 19,3706,"SECRETARIA MUNICIPAL DE AGRICULTURA, MEIO AMBIENTE E SERVIÇOS PÚBLICOS",Alugado,117609,1,2021-09-08 18:17:36,Alugado
3302,3302,ESTABILIZADOR  SMS REVOLUTION S/N 181431,3163,MOREIA TECNOLOGIA -  MANUTENÇÃO DE EQUIPAMENTOS,Devolução,506961,2,2023-09-29 15:23:41,Devolução
39130,3302,ESTABILIZADOR 1000 VA,3706,"SECRETARIA MUNICIPAL DE AGRICULTURA, MEIO AMBIENTE E SERVIÇOS PÚBLICOS",Alugado,117609,1,2021-09-08 18:17:36,Alugado
3548,3548,"TABLET SAMSUNG GALAXY 10"" TAB A 32 GB S/N RQ2MB006KTB",,,,,,,Sem Movimento
40011,3548,MICRO CORE I5 4GB HD 500GB SSD 240 PLACA DE VIDEO 256MB,3718,P M DE IGUATU - SECRETARIA INFRA ESTRUTURA - SEINFRA,Devolução,543315,2,2025-11-06 17:10:29,Devolução
3572,3572,"MONITOR COLOR 15"" SAMSUNG  S/N AN15HXAW7068211BR",2686,P. M. DE IGUATU  ADM -  NÃO LOCALIZADOS - 2016,Alugado,59109,1,2016-05-11 23:00:00,Alugado
40096,3572,ESTABILIZADOR 300VA,3789,P M DE IGUATU -  SECRETARIA DE SERVIÇOS PUBLICOS E  CONSERVAÇÃO - SESPCON,Alugado,118033,1,2021-11-09 18:39:58,Alugado
3619,3619,ESTABILIZADOR MAXTRON 300 VA S/N 207001134,1357,P. M. DE ITAPIUNA - SETOR PESSOAL,Devolução,513099,2,2024-02-29 14:36:48,Devolução
40009,3619,"MONITOR LCD 18,5",3718,P M DE IGUATU - SECRETARIA INFRA ESTRUTURA - SEINFRA,Devolução,541480,2,2025-10-07 10:19:06,Devolução
3626,3626,ESTABILIZADOR MAXTRON 300 VA S/N 207001142,2950,P.M DE CAUCAIA - AMT  NÃO LOCALIZADOS - 2017,Alugado,21535,1,2017-07-14 10:32:00,Alugado
39248,3626,"MONITOR LCD 18,5",3628,P M DE JUAZEIRO  - FINANCAS,Alugado,117657,1,2021-09-14 15:03:41,Alugado
3636,3636,ESTABILIZADOR MAXTRON 300 VA S/N 207001016,236,P M DE CAUCAIA / PROCURADORIA,Devolução,22488,2,2017-10-02 18:00:00,Devolução
43074,3636,MONITOR LED 19.5 ,3628,P M DE JUAZEIRO  - FINANCAS,Devolução,548029,2,2026-02-02 10:05:11,Devolução
3639,3639,ESTABILIZADOR MAXTRON 300 VA S/N 207001019,780,P M DE CAUCAIA - PROCURADORIA – FÓRUM,Alugado,1003,1,2006-03-09 23:00:00,Alugado
43078,3639,"MONITOR LED 19.5 "" GLDENTEC  S/N 39531N19121180",3819,P M DE BARBALHA / SECRETARIA DE SAÚDE,Substituição Alugado,119385,5,2022-05-17 19:41:27,Substituição Alugado
3717,3717,ESTABILIZADOR MAXTRON S/N 207001136,1582,P. M. DE IGUATU - AÇÃO SOCIAL - CRAS IV,Alugado,12199,1,2014-02-07 23:00:00,Alugado
44207,3717,TRANSFORMADOR DE 2000 W FORCELINE,3648,P M DE JUAZEIRO - SECRETARIA DE INFRA ESTRUTURA - SEINFRA,Alugado,119964,1,2022-07-08 14:11:12,Alugado
3725,3725,ESTABILIZADOR MAXTRON 300 VA S/N 207001099,1459,P.M DE IPÚ,Alugado,4457,1,2009-12-11 23:00:00,Alugado
127851,3725,MICRO I3 4GB HD 500G,10392,P M CRATO/ SECRETARIA DE DESENVOLVIMENTO AGROPECUARIO E RECURSOS HIDRICOS,Substituição Devolução,511876,3,2024-01-17 10:39:25,Substituição Devolução
3740,3740,ESTABILIZADOR 300 VA MAXTRON   S/N 207001001,1428,P. M. DE CAUCAIA - CULTURA PERDIDOS,Devolução,513171,2,2024-03-04 10:24:56,Devolução
82577,3740,"MICRO ALL IN ONE CORE I3 LENOVO A340 2.1GHZ, MEM 4GB, HD 1TB",3623,P M DE CRATO - FINANCAS,Alugado,501759,1,2023-04-13 09:02:20,Alugado
3874,3874,ESTABILIZADOR SOL 1000 S/N 2966900054,1310,CASCAVEL - DESENV.   AGRÁRIO E PESCA,Devolução,29890,2,2019-06-05 15:13:00,Devolução
82607,3874,IMPRESSORA MULT. RICOH SP-377 SFNWX S/N Y937Q310741,3623,P M DE CRATO - FINANCAS,Alugado,501759,1,2023-04-13 09:02:20,Alugado
3878,3878,ESTABILIZADOR SOL 1000 S/N 2966900056,522,P M DE CAUCAIA / CONTROLADORIA GERAL,Devolução,18342,2,2016-08-24 15:09:00,Devolução
82611,3878,"MICRO CORE I 3 4 GB, HD 500 GB C/GRAVADOR DE CD",3623,P M DE CRATO - FINANCAS,Alugado,501759,1,2023-04-13 09:02:20,Alugado
3879,3879,ESTABILIZADOR SOL 1000 S/N 2993700035,2821,P.M DE CRATO - SECRETARIA DE ASSISTÊNCIA SOCIAL,Alugado,35944,1,2020-10-13 12:19:00,Alugado
82618,3879,IMPRESSORA MULT. RICOH 3710SF S/N 5179ZA10869,3623,P M DE CRATO - FINANCAS,Alugado,501759,1,2023-04-13 09:02:20,Alugado
3881,3881,ESTABILIZADOR SOL 1000 S/N 2993700036,1345,P. M. DE CAUCAIA - SEC. DE ARTICULAÇÃO POLÍTICA,Alugado,5628,1,2010-11-06 23:59:00,Alugado
82816,3881,NOTEBOOK CORE I5 VAIO 8GB HD 1TB S/N 89273952M,3623,P M DE CRATO - FINANCAS,Substituição Devolução,516562,3,2024-05-08 15:00:29,Substituição Devolução
3884,3884,ESTABILIZADOR SOL 1500  S/N 2983800046,1357,P. M. DE ITAPIUNA - SETOR PESSOAL,Devolução,513099,2,2024-02-29 14:36:48,Devolução
82819,3884,"MICRO CORE I5 4 GB, HD 500 GB",3623,P M DE CRATO - FINANCAS,Alugado,501759,1,2023-04-13 09:02:20,Alugado
3888,3888,ESTABILIZADOR 1500 S/N 2986300070,1661,MOREIA TECNOLOGIA - EVENTOS,Alugado,31686,1,2019-10-03 23:00:00,Alugado
82822,3888,SERVIDOR P.M DE CRATO - FINANÇAS,3623,P M DE CRATO - FINANCAS,Alugado,501759,1,2023-04-13 09:02:20,Alugado
3889,3889,ESTABILIZADOR SOL 1500 S/N 2988600081,3163,MOREIA TECNOLOGIA -  MANUTENÇÃO DE EQUIPAMENTOS,Alugado,37446,1,2021-03-09 16:28:00,Alugado
82823,3889,SERVIDOR P.M DE CRATO - FINANÇAS,3623,P M DE CRATO - FINANCAS,Alugado,501759,1,2023-04-13 09:02:20,Alugado
3892,3892,IMPRESSORA LASER LEXMARK E210 S/N 10M4067,471,AS PAIVA FILHO,Devolução,541837,2,2025-10-13 15:36:14,Devolução
82807,3892,IMPRESSORA MULT. RICOH SP-377 SFNWX S/N Y937Q310210,3623,P M DE CRATO - FINANCAS,Substituição Devolução,520193,3,2024-08-06 07:35:07,Substituição Devolução
82800,3905,IMPRESSORA MULT. RICOH SP-377 SFNWX S/N Y937Q310493,3623,P M DE CRATO - FINANCAS,Substituição Devolução,520400,3,2024-08-09 14:41:19,Substituição Devolução
139340,3905,MULTIFUNCIONAL LASER MONO RICOH SP-377 SFNWX S/N Y937Q310493,3006,P.M DE CRATO - SECRETARIA DE SAÚDE,Devolução,530929,2,2025-04-14 15:46:49,Devolução
3963,3963,IMPRESSORA LASER LEXMARK E210 S/N 10N6640,618,P M DE CAUCAIA/ SECRETARIA DE  FINANÇAS,Devolução,5289,2,2010-08-19 23:00:00,Devolução
39207,3963,IMPRESSORA MULT RICOH 3710,3655,P M DE JUAZEIRO - SECRETARIA DE TRANSITO  - DEMUTRAN,Alugado,117658,1,2021-09-14 15:23:56,Alugado
3964,3964,ESTABILIZADOR SOL 1000 S/N 2710200051,618,P M DE CAUCAIA/ SECRETARIA DE  FINANÇAS,Alugado,53,1,2004-07-26 23:59:00,Alugado
39208,3964,IMPRESSORA MULT RICOH 3710,3690,P M DE JUAZEIRO - CONTROLADORIA,Alugado,117641,1,2021-09-13 16:32:37,Alugado
3972,3972,IMPRESSORA 80 COLUNAS EPSON LX 300 S/N 1Q3071533,806,P M DE CAUCAIA - DELEGACIA - PROCURADORIA,Devolução,2441,2,2008-05-20 23:00:00,Devolução
39229,3972,NOTEBOOK CORE I5,3706,"SECRETARIA MUNICIPAL DE AGRICULTURA, MEIO AMBIENTE E SERVIÇOS PÚBLICOS",Substituição Devolução,513614,3,2024-03-11 11:23:20,Substituição Devolução
3975,3975,IMPRESSORA LASER LEXMARK E210 10N8089,2148,P. M. DE MARCO -  NÃO LOCALIZADOS - 2013,Alugado,11261,1,2013-09-14 23:59:00,Alugado
39230,3975,NOTEBOOK,3710,P M  DE CASCAVEL - FAZENDA / ARRECADACAO,Devolução,546811,2,2026-01-02 09:51:17,Devolução
3990,3990,"MONITOR COLOR 15"" AOC A7SS44A952125",1370,P.M DE JAGUARETAMA - EDUCAÇÃO,Devolução,513105,2,2024-02-29 14:42:34,Devolução
39254,3990,MONITOR LED 18.5,3607,P M DE CASCAVEL / SECRETARIA DE SAÚDE,Alugado,117659,1,2021-09-15 10:44:52,Alugado
4000,4000,"CPU PENTIUM IV 2.8, MEM 1GB, HD 40GB, GRAVADORA DVD",1887,GRÁFICA RAPIDEZ,Devolução,8758,2,2012-08-08 23:00:00,Devolução
39241,4000,TRANSFORMADOR,3655,P M DE JUAZEIRO - SECRETARIA DE TRANSITO  - DEMUTRAN,Alugado,117658,1,2021-09-14 15:23:56,Alugado
4016,4016,"AMD DURON 1.6 GHZ, 128 MB, HD 40 GB",1447,P. M. DE CAUCAIA - SEDESC/CSU - PERDIDOS,Devolução,549674,2,2026-03-03 12:26:07,Devolução
39471,4016,"MONITOR LED 18,5",10523,RODRIGUES/RENAN - ROTA LITORIAL LESTE,Devolução,549631,2,2026-03-02 14:41:57,Devolução
4020,4020,MONITOR COLOR 15 '' AOC  S/N A7SS42A909135,346,P  M DE  CAUCAIA -  SAUDE SEDE,Devolução,171,2,2004-10-27 23:00:00,Devolução
39501,4020,MICRO CORE I5,3759,P M DE CASCAVEL - SECRETARIA DE SAUDE/ VIGILANCIA,Alugado,117788,1,2021-09-30 11:55:46,Alugado
4059,4059,ESTABILIZADOR 300 VA FORCELINE S/N,,,,,,,Sem Movimento
39430,4059,MICRO DUAL CORE,3601,MOREIA TECNOLOGIA MANUTENCAO,Alugado,500173,1,2022-11-28 11:28:00,Alugado
4060,4060,ESTABILIZADOR 300 VA FORCELINE S/N,,,,,,,Sem Movimento
39432,4060,ESTABILIZADOR 300 VA,3745,P M DE CASCAVEL - SECRETARIA DE SAUDE/ TRANSPORTE,Devolução,120160,2,2022-07-28 12:42:04,Devolução
4062,4062,ESTABILIZADOR 300 VA FORCELINE S/N,,,,,,,Sem Movimento
39349,4062,MONITOR LCD 15,3622,ALUCOM LOCACOES,Devolução,531460,2,2025-04-27 17:30:35,Devolução
4063,4063,ESTABILIZADOR 300 VA FORCELINE S/N,,,,,,,Sem Movimento
39350,4063,MICRO DUAL CORE,3601,MOREIA TECNOLOGIA MANUTENCAO,Devolução,281798,2,2022-10-28 09:58:51,Devolução
4065,4065,ESTABILIZADOR FORCELINE S/N,2988,P.M DE ACOPIARA - GABINETE - PERDIDOS 2017,Alugado,22255,1,2017-09-08 11:56:00,Alugado
39352,4065,MICRO DUAL CORE,3736,P M DE CASCAVEL - SECRETARIA DE AGRICULTURA/ MEIO AMBIENTE,Substituição Devolução,502868,3,2023-06-15 08:44:23,Substituição Devolução
4066,4066,ESTABILIZADOR 300 VA FORCELINE S/N,2078,P. M. DE BARROQUINHA - AÇÃO SOCIAL -  NÃO LOCALIZADO,Alugado,10460,1,2013-05-24 23:59:00,Alugado
39353,4066,ESTABILIZADOR 300 VA,3736,P M DE CASCAVEL - SECRETARIA DE AGRICULTURA/ MEIO AMBIENTE,Alugado,117721,1,2021-09-22 10:13:56,Alugado
4077,4077,ESTABILIZADOR FORCELINE S/N,3163,MOREIA TECNOLOGIA -  MANUTENÇÃO DE EQUIPAMENTOS,Alugado,42890,1,2022-01-27 12:03:00,Alugado
39367,4077,IMPRESSORA MUTIFUNCIONAL EPSON K301,3601,MOREIA TECNOLOGIA MANUTENCAO,Alugado,118433,1,2022-01-28 14:53:13,Alugado
4078,4078,ESTABILIZADOR FORCELINE S/N,2989,P.M DE ACOPIARA - ADM - PROCURADORIA PERDIDOS 2017,Alugado,22257,1,2017-09-08 12:01:00,Alugado
39354,4078,MONITOR LCD 15,3737,P M DE CASCAVEL - SECRETARIA DE AGRICULTURA/ GABINETE,Devolução,545891,2,2025-12-15 10:02:43,Devolução
4085,4085,ESTABILIZADOR FORCELINE S/N,,,,,,,Sem Movimento
39561,4085,"MONITOR LED 18,5",3724,P M DE CASCAVEL - SECRETARIA DE EDUCAÇÃO/ PROTOCOLO,Alugado,117796,1,2021-10-01 11:28:20,Alugado
4091,4091,ESTABILIZADOR FORCELINE S/N,,,,,,,Sem Movimento
39571,4091,IMPRESSORA MULT RICOH 3510,3866,P M DE QUIXADA/SECRETARIA DE ADMINISTRACAO,Devolução,512156,2,2024-01-25 10:23:19,Devolução
4092,4092,ESTABILIZADOR FORCELINE S/N,,,,,,,Sem Movimento
39572,4092,TRANSFORMADOR DE 2000 W,3723,P M DE CASCAVEL - SECRETARIA DE EDUCAÇÃO/ INFORMATICA,Alugado,117800,1,2021-10-01 16:13:43,Alugado
4114,4114,PROJETOR MULTIMIDIA  SHARP  VISION 800 ANSILUMENS S/N 704318543,,,,,,,Sem Movimento
39595,4114,ESTABILIZADOR 1000 VA,3723,P M DE CASCAVEL - SECRETARIA DE EDUCAÇÃO/ INFORMATICA,Substituição Devolução,502233,3,2023-05-10 16:46:06,Substituição Devolução
4115,4115,DVD CYBER HOME  S/N 330AA93008863 COM CONTROLE,850,CLASS EVENTOS - SILVIO,Devolução,2130,2,2007-12-03 23:00:00,Devolução
39596,4115,TRANSFORMADOR DE 2000 W,3723,P M DE CASCAVEL - SECRETARIA DE EDUCAÇÃO/ INFORMATICA,Alugado,117800,1,2021-10-01 16:13:43,Alugado
4181,4181,ESTABILIZADOR 300 VA BMI COMPACT S/N 00111,1503,SECRETARIA DA EDUCAÇÃO BÁSICA - UINADEDE NUMAP,Devolução,4791,2,2010-03-16 23:00:00,Devolução
39777,4181,"MONITOR LCD 18,5 AOC S/N N1209IA006015",3601,MOREIA TECNOLOGIA MANUTENCAO,Alugado,118358,1,2022-01-11 11:09:04,Alugado
4183,4183,ESTABILIZADOR 300 VA BMI COMPACT S/N 00112,876,COMITÉJOSÉ GERARDO,Devolução,1419,2,2006-10-04 23:00:00,Devolução
39863,4183,"MICRO DUAL CORE 2.6 GHZ, MEM 2GB, HD 320 GB, GRAV. DVD",3601,MOREIA TECNOLOGIA MANUTENCAO,Devolução,281695,2,2022-10-19 11:55:21,Devolução
4188,4188,ESTABILIZADOR 300 VA BMI COMPACT S/N 00124,876,COMITÉJOSÉ GERARDO,Devolução,1419,2,2006-10-04 23:00:00,Devolução
39818,4188,"MICRO DUAL CORE 2.6 GHZ, 2 GB, HD 320 GB, GRAV. DVD",4090,AS SISTEMAS,Devolução,543609,2,2025-11-10 17:16:29,Devolução
4191,4191,ESTABILIZADOR 300 VA BMI COMPACT S/N 00122,236,P M DE CAUCAIA / PROCURADORIA,Devolução,3516,2,2009-02-19 23:00:00,Devolução
39783,4191,IMP.  MULTIFUNCIONAL RICOH SP 3510 SF S/N T336Q711305,3601,MOREIA TECNOLOGIA MANUTENCAO,Alugado,118952,1,2022-04-01 09:11:24,Alugado
4192,4192,ESTABILIZADOR 300 VA BMI COMPACT S/N 00087,4550,DOACAO MOACY REGIONAL V,Alugado,48759,1,2022-10-07 17:24:00,Alugado
39784,4192,TRANSFORMADOR DE 2000 W FORCELINE,3775,P M DE CASCAVEL - SECRETARIA DE EDUCAÇÃO/NUCLEO DE MATEMATICA,Alugado,117906,1,2021-10-20 08:35:28,Alugado
4197,4197,ESTABILIZADOR 300 VA BMI COMPACT S/N 00080,,,,,,,Sem Movimento
39830,4197,ESTABILIZADOR 300 VA FORCELINE,3601,MOREIA TECNOLOGIA MANUTENCAO,Alugado,118853,1,2022-03-22 13:11:30,Alugado
4203,4203,ESTABILIZADOR 300 VA BMI COMPACT S/N 00068,648,TRIBUNAL DE CONTAS DO MUNICIPIO,Devolução,2289,2,2008-03-06 23:00:00,Devolução
39263,4203,IMPRESSORA TERMICA,3718,P M DE IGUATU - SECRETARIA INFRA ESTRUTURA - SEINFRA,Devolução,118312,2,2022-01-04 14:05:39,Devolução
4206,4206,ESTABILIZADOR 300 VA BMI COMPACT S/N 00063,3163,MOREIA TECNOLOGIA -  MANUTENÇÃO DE EQUIPAMENTOS,Alugado,26005,1,2018-08-09 15:08:00,Alugado
39264,4206,IMPRESSORA TERMICA,3640,P M IGUATU - SECRETARIA DE SAUDE,Alugado,117684,1,2021-09-17 15:53:20,Alugado
4224,4224,"MONITOR COLOR 15"" PROVIEW S/N 46003058",514,P M DE CAUCAIA / SECRETARIA DE ADMINISTRAÇÃO,Devolução,3742,2,2009-04-06 23:00:00,Devolução
39280,4224,TRANSFORMADOR,3720,CONSELHO REGIONAL CONTABILIDADE - CRC,Alugado,117683,1,2021-09-17 13:40:47,Alugado
4417,4417,ESTABILIZADOR 300 VA  S/N 00039,,,,,,,Sem Movimento
39396,4417,ROTEADOR,3748,P M DE CASCAVEL - SECRETARIA DE OBRAS,Substituição Devolução,505717,3,2023-08-28 09:57:13,Substituição Devolução
4424,4424,ESTABILIZADOR 300 VA BMI COMPACT  S/N 00214,134,SINDIONIBUS/ETUFOR,Devolução,2832,2,2008-09-09 23:00:00,Devolução
39402,4424,ESTABILIZADOR 300 VA,491,P M DE CAUCAIA / GABINETE,Alugado,117754,1,2021-09-27 10:41:17,Alugado
4431,4431,"MONITOR COLOR 15"" PROVIEW S/N 46002741",2148,P. M. DE MARCO -  NÃO LOCALIZADOS - 2013,Alugado,11261,1,2013-09-14 23:59:00,Alugado
39419,4431,ESTABILIZADOR 300 VA,3675,P M DE JUAZEIRO  - GABINETE DO PREFEITO,Alugado,117757,1,2021-09-27 16:01:15,Alugado
4469,4469,ESTABILIZADOR BMI COMPACT S/N 00101,961,P. M. IGUATU -  ADM - CPD,Devolução,5531,2,2010-10-18 23:59:00,Devolução
39524,4469,TABLET,3640,P M IGUATU - SECRETARIA DE SAUDE,Devolução,508156,2,2023-10-23 11:59:12,Devolução
4471,4471,ESTABILIZADOR 300 VA COMPACT S/N/S,2109,P. M. DE CAUCAIA - SAÚDE - CADSUS -  NÃO LOCALIZADOS,Alugado,12615,1,2014-04-16 23:00:00,Alugado
39526,4471,TABLET,3640,P M IGUATU - SECRETARIA DE SAUDE,Alugado,117792,1,2021-09-30 15:30:31,Alugado
4472,4472,ESTABILIZADOR 300 VA BMI COMPACT S/N 00100,1438,P. M. DE CAUCAIA - GABINETE PERDIDOS,Devolução,513172,2,2024-03-04 10:25:40,Devolução
39527,4472,TABLET,3640,P M IGUATU - SECRETARIA DE SAUDE,Alugado,117792,1,2021-09-30 15:30:31,Alugado
4477,4477,ESTABILIZADOR 300 VA BMI COMPACT S/N 00102,497,LIVRARIA E PAPELARIA ATUAL LTDA-MAJOR FA,Devolução,14761,2,2015-02-18 16:06:00,Devolução
39532,4477,TABLET,3640,P M IGUATU - SECRETARIA DE SAUDE,Alugado,117792,1,2021-09-30 15:30:31,Alugado
4497,4497,ESTABILIZADOR 300 VA   BMI COMPACT S/N 00105,1447,P. M. DE CAUCAIA - SEDESC/CSU - PERDIDOS,Alugado,984,1,2006-02-22 23:00:00,Alugado
39628,4497,MICRO CORE I5,3762,P M DE TAUÁ / SECRETARIA DE EDUCAÇÃO,Alugado,117806,1,2021-10-04 13:55:49,Alugado
4508,4508,ESTABILIZADOR 600 VA MK TECH,1394,P M DE CAUCAIA/ SECRETARIA DE PATRIMÔNIO - TRANSPORTE,Devolução,20293,2,2017-03-30 16:58:00,Devolução
39642,4508,ESTABILIZADOR 300 VA,3762,P M DE TAUÁ / SECRETARIA DE EDUCAÇÃO,Alugado,117806,1,2021-10-04 13:55:49,Alugado
4515,4515,ESTABILIZADOR 600 VA MK TECH,2893,P.M DE CAUCAIA - AÇÃO SOCIAL- PERDIDOS - 2017,Alugado,59082,1,2017-04-10 23:00:00,Alugado
39597,4515,IMPRESSORA MULTIFUNCIONAL XEROX A3 COLOR,3718,P M DE IGUATU - SECRETARIA INFRA ESTRUTURA - SEINFRA,Alugado,117803,1,2021-10-01 17:52:42,Alugado
4517,4517,ESTABILIZADOR 300 VA,888,P M DE CAUCAIA - SECRETARIA DE EDUCAÇÃO,Devolução,39581,2,2021-07-16 17:07:00,Devolução
39600,4517,TRANSFORMADOR 2000 KVA,3599,SECRETARIA DO DESENVOLVIMENTO ECONOMICO E TRABALHO - SEDET,Alugado,117804,1,2021-10-01 18:02:51,Alugado
4518,4518,ESTABILIZADOR 600 VA MK TECH,2913,P.M DE CAUCAIA - EDUCAÇÃO -  NÃO LOCALIZADOS 2017,Devolução,543622,2,2025-11-11 07:53:52,Devolução
39601,4518,TRANSFORMADOR 200KVA,11723,PM AQUIRAZ / SECRETARIA DE EDUCAÇÃO SEDE-20252208.08,Alugado,543629,1,2025-11-11 08:01:04,Alugado
4519,4519,ESTABILIZADOR 600 VA MK TECH,1575,P M DE CAUCAIA / SECRETARIA DE PATRIMÔNIO,Devolução,20287,2,2017-03-30 09:46:00,Devolução
39633,4519,TV LED 39,3762,P M DE TAUÁ / SECRETARIA DE EDUCAÇÃO,Alugado,117806,1,2021-10-04 13:55:49,Alugado
4564,4564,"AMD DURON 1.8 MHZ , 256 MB ,  HD 40 GB",782,P.M. CAUCAIA - SGA  -   NÃO ENCONTRADOS,Alugado,424,1,2005-04-05 23:01:00,Alugado
39665,4564,ESTABILIZADOR 300VA,3761,P M DE IGUATU - SECRETARIA DE SEGURANCA PUBLICA,Alugado,117808,1,2021-10-04 15:37:56,Alugado
4676,4676,IMPRESSORA HP  DESKJET 3535 S/N TH39C17135,573,SILVANIRA DANTAS,Devolução,35927,2,2020-10-07 14:35:00,Devolução
39834,4676,"MONITOR LCD 18,5",3733,P M AQUIRAZ / SECRETARIA DE ESPORTE,Alugado,117913,1,2021-10-20 16:49:39,Alugado
39958,4717,MICRO CORE I5,3669,P M JUAZEIRO - SEGURANÇA PUBLICA,Alugado,117974,1,2021-11-01 13:40:47,Alugado
134890,4717,MULTIFUNCIONAL JATO DE TINTA CANON G3110 NS KNWR04717,,,,,,,Sem Movimento
4742,4742,ESTABILIZADOR DE TENSAO 1KVA,1498,P M DE CAUCAIA / AÇÃO SOCIAL - SEDE,Devolução,21702,2,2017-07-31 09:46:00,Devolução
39977,4742,ESTABILIZADOR 300 VA,3576,IZZI SOLUÇÕES EM COBRANÇAS E TELEATENDIMENTO LTDA,Devolução,524803,2,2024-12-16 17:27:44,Devolução
4755,4755,ESTABILIZADOR 300 VA MICROSOL NG2  S/N 30832000240,1693,LABPASTEUR - UNIDADE - ALDEOTA,Devolução,7154,2,2011-09-19 23:00:00,Devolução
39992,4755,IMPRESSORA JATO DE TINTA CANON G3111 NS KMYF26812,10434,P M AQUIRAZ/ SECRETARIA DE SAÚDE / RESERVA,Substituição Devolução,518795,3,2024-06-26 09:06:28,Substituição Devolução
4756,4756,ESTABILIZADOR 300 VA MICROSOL NG2 S/N 30832000248,633,P M DE CAUCAIA/ SECRETARIA DESENVOLVIMENTO RURAL,Devolução,4325,2,2009-10-20 23:00:00,Devolução
39993,4756,MICRO CORE I5 4GB HD 500 C3 PLUS,3784,P M DE ITAPIUNA / GABINETE DO PREFEITO,Devolução,531394,2,2025-04-25 08:47:55,Devolução
4766,4766,ESTABILIZADOR 300 VA SOL NG2 S/N 3083200241,1446,P.M. DE MARCO - SECRETARIA DE SAÚDE,Devolução,513173,2,2024-03-04 10:27:17,Devolução
40073,4766,MICRO CORE I5 8GB HD 1TB C/LEITOR DE CARTAO,3653,P M DE JUAZEIRO - SECRETARIA DE ADMINISTRACAO,Alugado,501910,1,2023-04-20 15:06:05,Alugado
4778,4778,ESTABILIZADOR 300 VA MICROSOL S/N 30832000283,2992,P.M DE ACOPIARA - EDUCAÇÃO - PERDIDOS 2017,Alugado,22263,1,2017-09-08 12:13:00,Alugado
40022,4778,NOBREAK APC BACK-UPS 1200 VA,3774,"P M DE CRATO - SEC. DE DESENV. ECONÔMICO, TURISMO E TRABALHO",Substituição Devolução,547879,3,2026-01-27 16:58:48,Substituição Devolução
4791,4791,ESTABILIZADOR 300 VA MICROSOL S/N 30832000274,1357,P. M. DE ITAPIUNA - SETOR PESSOAL,Devolução,513099,2,2024-02-29 14:36:48,Devolução
40085,4791,MONITOR LED 19 TRONOS NS T190BB6231521NK0163,3636,GARANTIA,Devolução,500603,2,2023-01-12 09:33:56,Devolução
4830,4830,IMPRESSORA HP  DESKJET 3535 S/N TH4151322X,542,JOAQUIM  - CRATO,Alugado,333,1,2005-02-21 23:59:00,Alugado
40205,4830,ESTABILIZADOR 300 VA ETERNITY,3800,P M DE CRATO - SECRETARIA MUNICIPAL DE SERVICOS PUBLICOS,Alugado,118147,1,2021-11-26 18:34:13,Alugado
4921,4921,IMPRESSORA LASER LEXMARK E210 S/N 10M9684,2148,P. M. DE MARCO -  NÃO LOCALIZADOS - 2013,Alugado,11261,1,2013-09-14 23:59:00,Alugado
40295,4921,ESTABILIZADOR 300 VA ETERNITY,3799,P M DE BARBALHA / SECRETARIA DE FINANÇAS,Alugado,118141,1,2021-11-26 13:35:24,Alugado
4936,4936,ESTABILIZADOR 300 VA SMS S/N 15601148206,1459,P.M DE IPÚ,Alugado,4457,1,2009-12-11 23:00:00,Alugado
40310,4936,ESTABILIZADOR 300 VA ETERNITY,3798,P M DE BARBALHA / SECRETARIA DE EDUCAÇÃO,Alugado,118142,1,2021-11-26 13:50:53,Alugado
4939,4939,ESTABILIZADOR 300 VA  SMS S/N 15601148207,134,SINDIONIBUS/ETUFOR,Alugado,1776,1,2007-04-27 23:00:00,Alugado
40313,4939,ESTABILIZADOR 300 VA ETERNITY,3798,P M DE BARBALHA / SECRETARIA DE EDUCAÇÃO,Alugado,118142,1,2021-11-26 13:50:53,Alugado
4949,4949,ESTABILIZADOR 300 VA SMS   S/N 15601148562,2907,P.M DE CAUCAIA - DESENVOL. AGRARIO - PERDIDOS 2017,Alugado,20417,1,2017-04-07 14:48:00,Alugado
40323,4949,MONITOR LED 17 PRIZZI SLIM NS 9643APR2910PZ0017,3819,P M DE BARBALHA / SECRETARIA DE SAÚDE,Substituição Alugado,518488,5,2024-06-19 13:25:22,Substituição Alugado
4958,4958,ESTABILIZADOR 300 VA SMS  S/N 15601148721,479,SAPATARIA NOVA,Devolução,279,2,2005-01-24 23:00:00,Devolução
40381,4958,MICRO I5 MEMORIA 4GB SSD 120GB,3690,P M DE JUAZEIRO - CONTROLADORIA,Alugado,118435,1,2022-01-28 15:00:55,Alugado
4965,4965,ESTABILIZADOR 300 VA  SMS  S/N 15601138078,4059,TONINHO MARANGUAPE,Devolução,36305,2,2020-11-30 11:15:00,Devolução
40333,4965,MONITOR LED 17,3798,P M DE BARBALHA / SECRETARIA DE EDUCAÇÃO,Alugado,118142,1,2021-11-26 13:50:53,Alugado
4968,4968,ESTABILIZADOR 300 VA,3163,MOREIA TECNOLOGIA -  MANUTENÇÃO DE EQUIPAMENTOS,Devolução,35906,2,2020-10-05 10:11:00,Devolução
40336,4968,MONITOR LED 17,3798,P M DE BARBALHA / SECRETARIA DE EDUCAÇÃO,Alugado,118142,1,2021-11-26 13:50:53,Alugado
4982,4982,ESTABILIZADOR 300 VA SMS  S/N 15601148164,2948,P.M DE CAUCAIA - AÇÃO SOCIAL  NÃO LOCALIZADOS - 2017,Alugado,21533,1,2017-07-14 10:17:00,Alugado
40359,4982,MONITOR LED 17 PRIZI SLIM NS 9643APR2423PZ0017,3796,P M DE BARBALHA / SECRETARIA DO MEIO AMBIENTE E REC. HIDRICOS,Alugado,118135,1,2021-11-26 12:11:51,Alugado
4987,4987,ESTABILIZADOR 300 VA SMS S/N 15601138029,479,SAPATARIA NOVA,Devolução,279,2,2005-01-24 23:00:00,Devolução
40364,4987,MONITOR LED 17 PRIZI SLIM NS 9643APR2852PZ0017,3796,P M DE BARBALHA / SECRETARIA DO MEIO AMBIENTE E REC. HIDRICOS,Alugado,118135,1,2021-11-26 12:11:51,Alugado
4989,4989,ESTABILIZADOR 300 VA SMS S/N 15601138026,4550,DOACAO MOACY REGIONAL V,Alugado,48759,1,2022-10-07 17:24:00,Alugado
40373,4989,MONITOR LED 17 PRIZI SLIM NS 9643APR1167PZ0017,3799,P M DE BARBALHA / SECRETARIA DE FINANÇAS,Substituição Devolução,546067,3,2025-12-16 16:04:38,Substituição Devolução
5021,5021,"MONITOR COLOR  PROVIEW 15"" S/N 48013125",620,P. M. DE BARROQUINHA - SECRETARIA DE EDUCAÇÃO,Devolução,9760,2,2013-02-27 23:00:00,Devolução
40411,5021,ESTABILIZADOR 300 VA ETERNITY,3633,P M AQUIRAZ / SECRETARIA DE ADMINISTRACAO (MATHEUS),Alugado,118151,1,2021-11-30 09:14:51,Alugado
5022,5022,"MONITOR COLOR  PROVIEW 15"" S/N 48013091",11706,"P M AQUIRAZ / AGRICULTURA PECUÁRIA, AQUICULTURA, PESCA E REC.HÍDRICOS-20252208.03",Alugado,543190,1,2025-11-05 16:54:00,Alugado
40412,5022,MONITOR LED 19 PRIZZI SLIM NS 9631JUL0196PZ0019,3674,P M AQUIRAZ /DEPARTAMENTO MUNICIPAL DE TRANSITO - DEMUTRAN,Devolução,543186,2,2025-11-05 16:43:58,Devolução
5041,5041,ESTABILIZADOR 300 VA SMS  S/N 15601148616,2948,P.M DE CAUCAIA - AÇÃO SOCIAL  NÃO LOCALIZADOS - 2017,Alugado,21533,1,2017-07-14 10:17:00,Alugado
40431,5041,CELULAR SAMSUNG GAL. A02 SM-A022M/DS AZUL 32GB NS 358299389081965,3809,P M DE CRATO - SECRETARIA DE ADMINISTRACAO,Alugado,118189,1,2021-12-02 17:14:07,Alugado
5052,5052,ESTABILIZADOR 300 VA  SMS  S/N 15601148702,963,P. M. IGUATU -  LICITAÇÃO - PROCURADORIA,Alugado,17568,1,2016-05-03 10:49:00,Alugado
40441,5052,CELULAR SAMSUNG GAL. A02 SM-A022M/DS AZUL 32GB NS 358299389270865,3809,P M DE CRATO - SECRETARIA DE ADMINISTRACAO,Substituição Devolução,500373,3,2022-12-20 15:16:52,Substituição Devolução
5054,5054,ESTABILIZADOR 300 VA SMS  S/N 15601148700,1150,P M DE CAUCAIA-DIGITALIZAÇÃO GABINETE,Alugado,4764,1,2010-03-10 23:00:00,Alugado
40443,5054,CELULAR SAMSUNG GAL. A02 SM-A022M/DS AZUL 32GB NS 358299389349016,3809,P M DE CRATO - SECRETARIA DE ADMINISTRACAO,Alugado,118189,1,2021-12-02 17:14:07,Alugado
5063,5063,ESTABILIZADOR 300 VA SMS S/N 15601148088,1354,P. M. DE ITAPIUNA - LICITAÇÃO,Devolução,513097,2,2024-02-29 14:34:22,Devolução
40452,5063,CELULAR SAMSUNG GAL. A02 SM-A022M/DS AZUL 32GB NS 358299389255429,3809,P M DE CRATO - SECRETARIA DE ADMINISTRACAO,Alugado,118189,1,2021-12-02 17:14:07,Alugado
5064,5064,ESTABILIZADOR 300 VA  SMS  S/N 15601148090,3178,P. M. DE JUAZEIRO - GABINETE DO PREFEITO,Alugado,25335,1,2018-06-22 18:21:00,Alugado
40453,5064,CELULAR SAMSUNG GAL. A02 SM-A022M/DS AZUL 32GB NS 358299389267952,3809,P M DE CRATO - SECRETARIA DE ADMINISTRACAO,Alugado,118189,1,2021-12-02 17:14:07,Alugado
5069,5069,ESTABILIZADOR 300 VA  SMS  S/N 15601148641,3163,MOREIA TECNOLOGIA -  MANUTENÇÃO DE EQUIPAMENTOS,Devolução,27190,2,2018-11-06 12:16:00,Devolução
40458,5069,CELULAR SAMSUNG GAL. A02 SM-A022M/DS AZUL 32GB NS 358299389268737,3809,P M DE CRATO - SECRETARIA DE ADMINISTRACAO,Alugado,118189,1,2021-12-02 17:14:07,Alugado
5071,5071,ESTABILIZADOR 300 VA SMS  S/N 15601148643,3025,P M DE CAUCAIA / AÇÃO SOCIAL - CRAS GUADALAJARA,Alugado,22866,1,2017-10-27 12:24:00,Alugado
40460,5071,CELULAR SAMSUNG GAL. A02 SM-A022M/DS AZUL 32GB NS 354397311266300,3809,P M DE CRATO - SECRETARIA DE ADMINISTRACAO,Alugado,118189,1,2021-12-02 17:14:07,Alugado
5075,5075,ESTABILIZADOR 300 VA SMS S/N 15601148119,1447,P. M. DE CAUCAIA - SEDESC/CSU - PERDIDOS,Alugado,1178,1,2006-06-28 23:00:00,Alugado
40464,5075,CELULAR SAMSUNG GAL. A02 SM-A022M/DS AZUL 32GB NS 354397311267076,3809,P M DE CRATO - SECRETARIA DE ADMINISTRACAO,Devolução,555042,2,2026-06-09 15:23:58,Devolução
5077,5077,ESTABILIZADOR 300 VA SMS  S/N 15601148123,3315,P.M DE CAUCAIA - SAÚDE SEDE - ALMOXARIFADO,Alugado,27115,1,2018-10-31 16:48:00,Alugado
40466,5077,CELULAR SAMSUNG GAL. A02 SM-A022M/DS AZUL 32GB NS 358299389212636,3809,P M DE CRATO - SECRETARIA DE ADMINISTRACAO,Alugado,118189,1,2021-12-02 17:14:07,Alugado
5079,5079,ESTABILIZADOR 300 VA SMS S/N 15601148122,1447,P. M. DE CAUCAIA - SEDESC/CSU - PERDIDOS,Alugado,982,1,2006-02-21 23:00:00,Alugado
40468,5079,CELULAR SAMSUNG GAL. A02 SM-A022M/DS AZUL 32GB NS 354397311267068,3809,P M DE CRATO - SECRETARIA DE ADMINISTRACAO,Alugado,118189,1,2021-12-02 17:14:07,Alugado
5279,5279,DVD CINERAL MP 3 GRANDE,4561,INSTITUTO JOSE LEONIDAS 966,Alugado,50020,1,2022-12-07 15:08:00,Alugado
40676,5279,MODULO ISOLADOR 300VA MICROSOL S/N 5714970554,3819,P M DE BARBALHA / SECRETARIA DE SAÚDE,Devolução,506749,2,2023-09-22 12:49:09,Devolução
5334,5334,IMPRESSORA LASER LEXMARK E210 S/N 10M0377,508,PREFEITURA MUNICIPAL DE PACOTI,Devolução,1466,2,2006-10-25 23:00:00,Devolução
40741,5334,MONITOR LED 19 TRONOS NS T190BB623151D521NKT2419,11793,BASE AQUIRAZ- MATHEUS 2025,Devolução,545494,2,2025-12-04 07:55:13,Devolução
5348,5348,IMPRESSORA LASER LEXMARK E210 S/N 10M4064,467,HOLANDA ARTE INTERIOR E EMPREENDIMENTOS,Devolução,3270,2,2009-01-06 23:00:00,Devolução
40736,5348,ESTABILIZADOR 300VA,3820,P M DE ARATUBA / SECRETARIA DE ADMINISTRACAO,Devolução,539802,2,2025-09-05 12:43:45,Devolução
5370,5370,IMPRESSORA HP  DESKJET 3535 S/N BR48E2F1GF,1364,P. M. DE INDEPENDÊNCIA - PARA RECARGA CARTUCHOS,Devolução,513103,2,2024-02-29 14:39:26,Devolução
40769,5370,NOTEBOOK CORE I3 ACER 4GB SSD 256 NS NXHV1AL00G131806C59501,3762,P M DE TAUÁ / SECRETARIA DE EDUCAÇÃO,Alugado,118308,1,2022-01-04 10:46:51,Alugado
5395,5395,IMPRESSORA HP  DESKJET 3535 S/N BR48E2F1DN,1194,ROBERTO SÍTIO,Alugado,7031,1,2011-08-27 23:00:00,Alugado
40803,5395,DATA SHOW GT 2000 LUMENS GOLDENTEC,10425,P M ICÓ/ SUPERITENDÊNCIA MUNICIPAL DE DEFESA DO MEIO AMBIENTE / SUDEMA,Alugado,502430,1,2023-05-24 17:53:12,Alugado
5419,5419,"MONITOR COLOR 15""  AOC S/N A7CS48A997692",888,P M DE CAUCAIA - SECRETARIA DE EDUCAÇÃO,Devolução,19987,2,2017-02-23 10:05:00,Devolução
40921,5419,MICRO CORE I5 4GB SSD 120 COM LEITOR DE CARTAO,3721,P M DE CASCAVEL - SECRETARIA DE EDUCAÇÃO,Alugado,118365,1,2022-01-12 16:13:49,Alugado
5452,5452,MODULO ISOLADOR MICROSOL S/N 3176000367,1910,ELEIÇÃO 2012 - COMITE IGUATU,Alugado,8621,1,2012-07-14 23:00:00,Alugado
40836,5452,IMPRESSORA CANON JATO DE TINTA G3111 NS KNJK02834,3821,P M DE ACOPIARA / GABINETE DO PREFEITO,Alugado,118321,1,2022-01-05 14:36:04,Alugado
5467,5467,IMPRESSORA MATRICIAL 80 COL EPSON LX-300 + S/N CDUM170114,1661,MOREIA TECNOLOGIA - EVENTOS,Devolução,8308,2,2012-05-02 23:00:00,Devolução
41063,5467,NOTEBOOK CORE I3 ACER 4GB SSD 256 NS NXHV1AL00G1307E0EC9501,3609,P M DE GUARAMIRANGA - SECRETARIA DE SAUDE,Substituição Devolução,501677,3,2023-04-04 08:20:51,Substituição Devolução
5522,5522,NOBREAK 700 VA MICROSSOL S/N 3205600007,778,P M DE CAUCAIA - JOSE GERARDO-ESCRITORIO,Alugado,1842,1,2007-06-18 23:00:00,Alugado
40894,5522,ESTABILIZADOR 300VA ETERNITY,3826,P M DE GRANJA/SECRETARIA DE SAUDE,Alugado,118426,1,2022-01-26 17:34:34,Alugado
5573,5573,IMPRESSORA HP  DESKJET 3535,2077,P. M. DE BARROQUINHA - SAÚDE -  NÃO LOCALIZADOS,Alugado,10459,1,2013-05-24 23:59:00,Alugado
41136,5573,IMPRESSORA MULT RICOH 3710 NS 5171Z811438,3826,P M DE GRANJA/SECRETARIA DE SAUDE,Alugado,118415,1,2022-01-21 17:40:17,Alugado
5625,5625,"MONITOR COLOR 15"" PROVIEW S/N 501058124",2011,P. M. DE IRACEMA -  NÃO LOCALIZADOS - 2013,Alugado,9724,1,2013-02-22 23:59:00,Alugado
40966,5625,TRANSFORMADOR 2000 KVA TRANSFORMER,11865,P M ACOPIARA/SECRETARIA DE ADMINISTRAÇÃO E FINANÇAS 2026,Alugado,549865,1,2026-03-05 10:33:14,Alugado
41087,5732,IMPRESSORA MULT. RICOH SP-377 SFNWX S/N Y937Q612593,10523,RODRIGUES/RENAN - ROTA LITORIAL LESTE,Devolução,515244,2,2024-04-15 13:44:11,Devolução
132099,5732,IMPRESSORA MULT. RICOH SP-377 SFNWX S/N Y937Q612593,,,,,,,Sem Movimento
5745,5745,"MONITOR COLOR 17"" SAMSUNG S/N LE17HXAX924628P",927,INTO-SERVIÇOS DE INFORMÁTICA E CONSULTOR,Devolução,1622,2,2007-01-17 23:00:00,Devolução
41116,5745,TRANSFORMADOR 2000 KVA TRANSFORMER,3826,P M DE GRANJA/SECRETARIA DE SAUDE,Alugado,118415,1,2022-01-21 17:40:17,Alugado
5747,5747,"MONITOR COLOR 17""  SAMSUNG S/N LE17HXAX924629D",696,PETROBRÁS - TRANSPETRO,Devolução,1575,2,2006-12-20 23:00:00,Devolução
41118,5747,TRANSFORMADOR 2000 KVA TRANSFORMER,3826,P M DE GRANJA/SECRETARIA DE SAUDE,Alugado,118415,1,2022-01-21 17:40:17,Alugado
5755,5755,ESTABILIZADOR 300 VA SOL NG2 S/N 3248600237,1447,P. M. DE CAUCAIA - SEDESC/CSU - PERDIDOS,Alugado,982,1,2006-02-21 23:00:00,Alugado
41126,5755,TRANSFORMADOR 2000 KVA TRANSFORMER,3826,P M DE GRANJA/SECRETARIA DE SAUDE,Alugado,118415,1,2022-01-21 17:40:17,Alugado
5757,5757,ESTABILIZADOR 300 VA SOL NG2 S/N 3248600197,2994,P.M DE ACOPIARA - SAÚDE  2017 PERDIDOS,Alugado,22269,1,2017-09-08 14:13:00,Alugado
41128,5757,TRANSFORMADOR 2000 KVA TRANSFORMER,3826,P M DE GRANJA/SECRETARIA DE SAUDE,Alugado,118417,1,2022-01-24 17:50:57,Alugado
5758,5758,ESTABILIZADOR 300 VA SOL NG 2 S/N 3248600239,1247,P. M. DE PALHANO - HOSPITAL - 2009 - SAÚDE,Alugado,3604,1,2009-03-07 23:00:00,Alugado
41129,5758,TRANSFORMADOR 2000 KVA TRANSFORMER,3826,P M DE GRANJA/SECRETARIA DE SAUDE,Alugado,118417,1,2022-01-24 17:50:57,Alugado
5759,5759,ESTABILIZADOR 300 VA SOL NG2 S/N 3248600240,3399,CASCAVEL GABINETE 2019 A LOCALIZAR,Alugado,29885,1,2019-06-05 14:47:00,Alugado
41130,5759,TRANSFORMADOR 2000 KVA TRANSFORMER,3826,P M DE GRANJA/SECRETARIA DE SAUDE,Alugado,118417,1,2022-01-24 17:50:57,Alugado
5769,5769,"MONITOR COLOR 17"" AOC S/N K1CJ52A927216",1366,P. M. DE IRACEMA - CARTEIRA DE TRABALHO,Devolução,7857,2,2012-02-03 23:59:00,Devolução
41170,5769,MICRO CORE I3 4GB HD 500,3826,P M DE GRANJA/SECRETARIA DE SAUDE,Alugado,118417,1,2022-01-24 17:50:57,Alugado
5781,5781,ESTABILIZADOR 300 VA S/N 3251400386,3429,P. M. DE CASCAVEL - AÇÃO SOCIAL A LOCALIZAR,Alugado,30189,1,2019-06-18 04:30:00,Alugado
41182,5781,MICRO CORE I3 4GB HD 500,3826,P M DE GRANJA/SECRETARIA DE SAUDE,Alugado,118417,1,2022-01-24 17:50:57,Alugado
5801,5801,ESTABILIZADOR 300 VA SOL NG2 S/N 3252100397,2871,P.M DE ACOPIARA - SECRETARIA DE SAÚDE,Alugado,25902,1,2018-08-01 17:49:00,Alugado
41250,5801,MONITOR LED 17 PCTOP NS CMP0036392APR03369MLP170,3826,P M DE GRANJA/SECRETARIA DE SAUDE,Substituição Devolução,551799,3,2026-04-07 14:44:14,Substituição Devolução
5802,5802,FAX PANASONIC S/N SBCQA014357,4561,INSTITUTO JOSE LEONIDAS 966,Alugado,50020,1,2022-12-07 15:08:00,Alugado
41251,5802,MONITOR LED 17 PCTOP NS CMP0036152JUN03820MLP170,3826,P M DE GRANJA/SECRETARIA DE SAUDE,Substituição Devolução,534620,3,2025-06-09 09:11:46,Substituição Devolução
5804,5804,ESTABILIZADOR 300 VA SOL NG2 S/N 3251400384,4059,TONINHO MARANGUAPE,Devolução,36305,2,2020-11-30 11:15:00,Devolução
41253,5804,MONITOR LED 17 PCTOP NS CMP0036392APR35331MLP170,3826,P M DE GRANJA/SECRETARIA DE SAUDE,Alugado,118417,1,2022-01-24 17:50:57,Alugado
5812,5812,ESTABILIZADOR 300 VA SOL NG2  S/N 3251400381,1884,HOSPITAL SANTA TEREZINHA MUNICIPIO DE CAUCAIA,Alugado,49782,1,2017-03-25 23:00:00,Alugado
41261,5812,MONITOR LED 17 PCTOP NS CMP0036392APR34252MLP170,3852,RAFAEL ONÓRIO - ROTA ZONA NORTE,Devolução,522891,2,2024-10-15 14:57:16,Devolução
5813,5813,ESTABILIZADOR 300 VA SOLNG2 S/N 3251400382,1345,P. M. DE CAUCAIA - SEC. DE ARTICULAÇÃO POLÍTICA,Alugado,3456,1,2009-02-04 23:59:00,Alugado
41262,5813,MONITOR LED 17 PCTOP NS CMP0036152JUN02435MLP170,3826,P M DE GRANJA/SECRETARIA DE SAUDE,Alugado,118417,1,2022-01-24 17:50:57,Alugado
5815,5815,ESTABILIZADOR 300 VA SOL NG2  S/N 3251400360,1984,P. M. DE JAGUARIBARA - GABINETE,Alugado,10309,1,2013-05-10 23:00:00,Alugado
41264,5815,MONITOR LED 17 PCTOP NS CMP0036392APR01024MLP170,3826,P M DE GRANJA/SECRETARIA DE SAUDE,Substituição Devolução,541870,3,2025-10-14 16:44:34,Substituição Devolução
5860,5860,"MONITOR COLOR 15"" PROVIEW S/N 505049891",118,COMPANHIA DE INTEGRAÇÃO PORTUÁRIA DO CEA,Devolução,971,2,2006-02-16 23:00:00,Devolução
41219,5860,ESTABILIZADOR 300VA ETERNITY,3826,P M DE GRANJA/SECRETARIA DE SAUDE,Alugado,118417,1,2022-01-24 17:50:57,Alugado
5874,5874,"MONITOR COLOR 15"" AOC S/N K4SS55A912178",619,HOTEL PARQUE DAS FALESIAS LTDA,Alugado,16527,1,2020-06-18 23:00:00,Alugado
41233,5874,ESTABILIZADOR 300VA ETERNITY,3601,MOREIA TECNOLOGIA MANUTENCAO,Alugado,119611,1,2022-06-07 13:36:27,Alugado
5882,5882,"MONITOR COLOR 15"" AOC S/N K4SS55A912032",2148,P. M. DE MARCO -  NÃO LOCALIZADOS - 2013,Devolução,546897,2,2026-01-06 09:39:05,Devolução
41193,5882,MICRO CORE I3 4GB HD 500,4090,AS SISTEMAS,Devolução,524490,2,2024-12-03 17:02:12,Devolução
5894,5894,ESTABILIZADOR 300 VA SOL NG2 S/N 3251400375,1089,OTÁVIO DSI,Devolução,5082,2,2010-06-16 23:00:00,Devolução
41278,5894,TABLET MULTILASER M10A 2GB RAM 32GB NS 356112083888548,3826,P M DE GRANJA/SECRETARIA DE SAUDE,Devolução,520748,2,2024-08-19 08:58:47,Devolução
6030,6030,MODULO ISOLADOR MICROSSOL S/N 3269500351,3021,P. M. DE BARROQUINHA TURISMO -  NÃO LOCALIZADO,Alugado,22822,1,2017-10-26 15:01:00,Alugado
41474,6030,THINKCENTRE CORE I3 4GB SSD 128 NS MJ648DK,3826,P M DE GRANJA/SECRETARIA DE SAUDE,Alugado,118426,1,2022-01-26 17:34:34,Alugado
6031,6031,MODULO ISOLADOR MICROSSOL S/N 3269500350,2931,P.M DE MARTINOPOLE/SECRETARIA DE SAÚDE,Devolução,532769,2,2025-05-16 14:32:07,Devolução
41362,6031,ESTABILIZADOR 300 VA ETERNITY,3826,P M DE GRANJA/SECRETARIA DE SAUDE,Alugado,118426,1,2022-01-26 17:34:34,Alugado
6032,6032,MODULO ISOLADOR MICROSSOL S/N 3269500349,4029,MOREIA TECNOLOGIA - LOCACOES,Alugado,40945,1,2021-10-07 11:05:00,Alugado
41363,6032,ESTABILIZADOR 300 VA ETERNITY,3826,P M DE GRANJA/SECRETARIA DE SAUDE,Alugado,118426,1,2022-01-26 17:34:34,Alugado
6033,6033,MODULO ISOLADOR MICROSSOL S/N 3269500352,4089,P M DE CAUCAIA - RESERVA,Devolução,537754,2,2025-08-05 15:57:33,Devolução
41365,6033,ESTABILIZADOR 300 VA ETERNITY,3826,P M DE GRANJA/SECRETARIA DE SAUDE,Devolução,537753,2,2025-08-05 15:56:43,Devolução
6034,6034,MODULO ISOLADOR MICROSOL S/N 3269500347,1349,"P M DE CAUCAIA / SEC. DE TRABALHO, EMPREGO E EMPREENDEDORISMO",Alugado,10601,1,2013-06-10 23:00:00,Alugado
41369,6034,ESTABILIZADOR 300 VA ETERNITY,3826,P M DE GRANJA/SECRETARIA DE SAUDE,Alugado,118426,1,2022-01-26 17:34:34,Alugado
6117,6117,ESTABILIZADOR 300 VA SOL NG2 S/N 3282300111,1447,P. M. DE CAUCAIA - SEDESC/CSU - PERDIDOS,Devolução,544527,2,2025-11-18 12:07:18,Devolução
41523,6117,TABLET MULTILASER M10A 32GB NS 356112083883101,3826,P M DE GRANJA/SECRETARIA DE SAUDE,Devolução,544530,2,2025-11-18 12:08:09,Devolução
6176,6176,ESTABILIZADOR 300 VA  FORCELINE S/N/S,4063,TONINHO ARACATI 2020,Devolução,36301,2,2020-11-30 10:14:00,Devolução
41571,6176,THINKCENTRE CORE I5 4GB SSD120 LENOVO NS MJ160KC,3831,P M DE CRATO - SECRETARIA DO TRABALHO E DESENVOLVIMENTO SOCIAL  - STDS,Alugado,118429,1,2022-01-27 17:44:53,Alugado
6180,6180,ESTABILIZADOR 300 VA FORCELINE SEM N/S,4063,TONINHO ARACATI 2020,Devolução,36301,2,2020-11-30 10:14:00,Devolução
41575,6180,THINKCENTRE CORE I5 4GB SSD120 LENOVO NS MJ160ZC,3831,P M DE CRATO - SECRETARIA DO TRABALHO E DESENVOLVIMENTO SOCIAL  - STDS,Alugado,118429,1,2022-01-27 17:44:53,Alugado
6185,6185,FAX SHARP  SEM NUMERO DE SERIE,4561,INSTITUTO JOSE LEONIDAS 966,Alugado,50020,1,2022-12-07 15:08:00,Alugado
41581,6185,THINKCENTRE CORE I5 LENOVO 8GB SSD 120 NS MJ68RG3,3707,P M AQUIRAZ/ SECRETARIA DE MEIO AMBIENTE,Alugado,118430,1,2022-01-27 17:56:35,Alugado
6241,6241,ESTABILIZADOR 300 VA SOL NG2 S/N 3323700167,2109,P. M. DE CAUCAIA - SAÚDE - CADSUS -  NÃO LOCALIZADOS,Alugado,14856,1,2015-03-02 18:53:00,Alugado
41645,6241,MICRO CORE I7 8GB HD 1TB,3708,P M AQUIRAZ / GUARDA CIVIL MUNICIPAL,Alugado,118432,1,2022-01-28 11:29:10,Alugado
6243,6243,ESTABILIZADOR 300 VA SOL NG2 S/N 3323700155,1498,P M DE CAUCAIA / AÇÃO SOCIAL - SEDE,Devolução,20079,2,2017-03-09 13:03:00,Devolução
41647,6243,MICRO CORE I7 8GB HD 1TB,11712,PM DE AQUIRAZ / DEMUTRAN-20252208.15,Alugado,543648,1,2025-11-11 08:42:48,Alugado
6245,6245,ESTABILIZADOR 300 VA SOL NG2 S/N 3323700154,3163,MOREIA TECNOLOGIA -  MANUTENÇÃO DE EQUIPAMENTOS,Devolução,41381,2,2021-11-04 09:26:00,Devolução
41649,6245,MICRO CORE I7 8GB HD 1TB,3707,P M AQUIRAZ/ SECRETARIA DE MEIO AMBIENTE,Alugado,118431,1,2022-01-28 11:27:15,Alugado
6250,6250,ESTABILIZADOR 300 VA SOL NG2 S/N 3323700158,559,P M DE CAUCAIA/ASSESSORIA DE COMUNICAÇÃO SOCIAL,Devolução,6878,2,2011-07-25 23:00:00,Devolução
41654,6250,MICRO CORE I7 8GB HD 1TB,3707,P M AQUIRAZ/ SECRETARIA DE MEIO AMBIENTE,Devolução,542851,2,2025-10-29 08:19:31,Devolução
6251,6251,ESTABILIZADOR 300 VA SOL NG2 S/N 3323700148,3423,P. M. DE CASCAVEL - EDUCAÇÃO A LOCALIZAR,Substituição Devolução,520856,3,2024-08-19 17:04:08,Substituição Devolução
41655,6251,MONITOR LED 17 PRIZI NS 9831JUL0673PZ0017,3707,P M AQUIRAZ/ SECRETARIA DE MEIO AMBIENTE,Devolução,537527,2,2025-07-30 10:47:51,Devolução
6252,6252,ESTABILIZADOR 300 VA SOL NG2 S/N 3323700152,2871,P.M DE ACOPIARA - SECRETARIA DE SAÚDE,Alugado,58010,1,2019-05-03 23:00:00,Alugado
41656,6252,MONITOR LED 17 PRIZI NS 9831JUL0684PZ0017,11709,PM AQUIRAZ/ SECRETARIA DE ADMINISTRAÇÃO E PLANEJAMENTO-20252208.02,Substituição Devolução,544996,3,2025-11-26 12:49:51,Substituição Devolução
6258,6258,ESTABILIZADOR 300 VA SOL NG2 S/N 3323700150,2818,P.M DE ACOPIARA - SECRETARIA DE EDUCAÇÃO,Alugado,58016,1,2019-04-25 23:00:00,Alugado
41662,6258,MONITOR LED 17 PRIZI NS 9831JUL0560PZ0017,3708,P M AQUIRAZ / GUARDA CIVIL MUNICIPAL,Alugado,118432,1,2022-01-28 11:29:10,Alugado
6259,6259,MODULO ISOLADOR MICROSSOL 440 VA S/N 3323100004,1107,FERNANDO CONTADOR,Alugado,2391,1,2008-04-25 23:00:00,Alugado
41663,6259,MONITOR LED 17 PRIZI NS 9831JUL0529PZ0017,3708,P M AQUIRAZ / GUARDA CIVIL MUNICIPAL,Alugado,118432,1,2022-01-28 11:29:10,Alugado
6262,6262,MODULO ISOLADOR MICROSSOL 440 VA S/N 3323500270,2808,P.M.IGUATU - AGRICULTURA - 2017,Alugado,59073,1,2017-06-27 23:00:00,Alugado
41583,6262,MONITOR LED 18.5 AOC S/N KCYH2XA004998,3831,P M DE CRATO - SECRETARIA DO TRABALHO E DESENVOLVIMENTO SOCIAL  - STDS,Alugado,118429,1,2022-01-27 17:44:53,Alugado
6263,6263,MODULO ISOLADOR MICROSSOL 440 VA S/N 3323100002,815,P M IGUATU/ SECRETARIA DE INFRAESTRUTURA - SEINFRA,Devolução,542163,2,2025-10-17 14:23:26,Devolução
41584,6263,"MONITOR LCD 18,5 LG S/N 907SPXV1E250",3831,P M DE CRATO - SECRETARIA DO TRABALHO E DESENVOLVIMENTO SOCIAL  - STDS,Devolução,544487,2,2025-11-18 11:01:34,Devolução
6264,6264,MODULO ISOLADOR MICROSSOL 440 VA S/N 3323100001,4029,MOREIA TECNOLOGIA - LOCACOES,Devolução,546163,2,2025-12-17 11:22:31,Devolução
41585,6264,"MONITOR LED 19,5  GOLDENTEC NS 3953108200291",3831,P M DE CRATO - SECRETARIA DO TRABALHO E DESENVOLVIMENTO SOCIAL  - STDS,Alugado,118429,1,2022-01-27 17:44:53,Alugado
6278,6278,SWITCH 16 PORTAS ENCORE,4089,P M DE CAUCAIA - RESERVA,Alugado,36446,1,2020-12-14 23:00:00,Alugado
41672,6278,IMPRESSORA MULTIFUNCIONAL  XEROX C7020 A3 COLOR NS 7TX144995,3756,P M  AQUIRAZ / SECRETARIA DO TRABALHO E ASSISTENCIA SOCIAL  - SETAS,Substituição Devolução,501975,3,2023-04-26 13:25:48,Substituição Devolução
6280,6280,RADIO GRAVADOR STEREO  CCE C/ CD RD-79X S/N 12NL12W4GQNLO007FI,,,,,,,Sem Movimento
41684,6280,NOBREAK 1200VA SECURITY,3673,P M AQUIRAZ / SECRETARIA DE TURISMO,Alugado,119521,1,2022-05-30 15:26:14,Alugado
6281,6281,TELAO 1.8 X 1.8 COM TRIPE,1661,MOREIA TECNOLOGIA - EVENTOS,Alugado,18937,1,2016-10-20 10:51:00,Alugado
41683,6281,NOBREAK 1200VA SECURITY,3866,P M DE QUIXADA/SECRETARIA DE ADMINISTRACAO,Alugado,501182,1,2023-03-01 08:59:11,Alugado
6282,6282,TELAO 1.8 X 1.8 COM TRIPE,2722,P. M. DE IGUATU - COMUNICAÇÃO  NÃO LOCALIZADO - 2016,Alugado,18397,1,2016-08-29 16:49:00,Alugado
41685,6282,NOBREAK 1200VA SECURITY,3673,P M AQUIRAZ / SECRETARIA DE TURISMO,Substituição Devolução,534911,3,2025-06-12 08:44:35,Substituição Devolução
6283,6283,TELAO 1.8 X 1.8 COM TRIPE,3163,MOREIA TECNOLOGIA -  MANUTENÇÃO DE EQUIPAMENTOS,Alugado,51712,1,2023-01-20 14:44:25,Alugado
41686,6283,NOBREAK 1200VA SECURITY,3673,P M AQUIRAZ / SECRETARIA DE TURISMO,Alugado,119521,1,2022-05-30 15:26:14,Alugado
6288,6288,TRIPE SEM NUMERO DE SERIE PARA  FILMADORA,,,,,,,Sem Movimento
41691,6288,NOBREAK 1200VA SECURITY,3673,P M AQUIRAZ / SECRETARIA DE TURISMO,Devolução,544118,2,2025-11-13 09:39:25,Devolução
6297,6297,NOBREAK DE TENSAO 1200 VA S/N 3327000108,514,P M DE CAUCAIA / SECRETARIA DE ADMINISTRAÇÃO,Devolução,503177,2,2023-06-21 14:54:10,Devolução
41699,6297,ESTABILIZADOR 300VA ETERNITY,3841,P M DE ARATUBA - SECRETARIA DE ASSISTENCIA SOCIAL,Devolução,555966,2,2026-06-25 16:40:43,Devolução
6304,6304,"TELEVISAO DE 14"" CCE  S/N 4511",,,,,,,Sem Movimento
41706,6304,ESTABILIZADOR 300VA ETERNITY,3762,P M DE TAUÁ / SECRETARIA DE EDUCAÇÃO,Alugado,118491,1,2022-02-07 22:16:32,Alugado
6310,6310,TELAO 1.8 X 1.8 COM TRIPE,1914,COMITÉREDENÇÃO,Devolução,9008,2,2012-10-16 23:00:00,Devolução
41715,6310,MICRO CORE I3 8GB HD 2TB,3819,P M DE BARBALHA / SECRETARIA DE SAÚDE,Alugado,118450,1,2022-02-01 11:45:55,Alugado
6311,6311,TELAO 1.8 X 1.8,1564,SUPER FAMILIA - ADMINISTRAÇÃO - IDELFONSO ALBANO - SALA 2,Devolução,5890,2,2010-12-29 23:00:00,Devolução
41716,6311,MICRO CORE I3 8GB HD 2TB,3819,P M DE BARBALHA / SECRETARIA DE SAÚDE,Alugado,118450,1,2022-02-01 11:45:55,Alugado
6318,6318,MAQUINA FOTOGRAFICA DIGITAL  SONY MVCFD20 S/N 6318,,,,,,,Sem Movimento
41723,6318,MICRO CORE I3 8GB HD 2TB,3819,P M DE BARBALHA / SECRETARIA DE SAÚDE,Alugado,118450,1,2022-02-01 11:45:55,Alugado
6354,6354,"CPU CELERON D315 , 512 MB, HD 40GB",1364,P. M. DE INDEPENDÊNCIA - PARA RECARGA CARTUCHOS,Devolução,513103,2,2024-02-29 14:39:26,Devolução
41758,6354,ESTABILIZADOR 300VA ETERNITY,3819,P M DE BARBALHA / SECRETARIA DE SAÚDE,Alugado,118450,1,2022-02-01 11:45:55,Alugado
6423,6423,MICROFONE PROFISSIONAL WINBEL WM 306,,,,,,,Sem Movimento
41827,6423,MICRO CORE I5 4GB HD 500,11830,PM QUIXADA / SECRETARIA DE SAUDE 2026,Alugado,548890,1,2026-02-19 14:37:49,Alugado
6433,6433,ESTABILIZADOR 300 VA SOL NG2 S/N 3342300341,554,SEBRAE - EVENTO,Devolução,13382,2,2014-07-30 23:00:00,Devolução
41837,6433,MICRO CORE I5 4GB SSD 120,3869,INSTITUTO DE GESTAO E CIDADANIA - UNIDADE DE ATENÇÃO BASICA DE BATURITÉ,Substituição Devolução,523246,3,2024-10-25 10:44:13,Substituição Devolução
6445,6445,ESTABILIZADOR 300 VA SOL NG2 S/N 3342300064,1328,CASCAVEL - ASSISTÊNCIA SOCIAL,Devolução,39591,2,2021-07-16 17:30:00,Devolução
41850,6445,IMPRESSORA MULT RICOH 3710 NS 5171Z710755,11866,P M ACOPIARA/ SECRETARIA DE AGRICULTURA 2026,Alugado,549714,1,2026-03-03 16:43:40,Alugado
6454,6454,MODULO ISOLADOR MICROSSOL S/N 3341300348,2686,P. M. DE IGUATU  ADM -  NÃO LOCALIZADOS - 2016,Alugado,59109,1,2016-05-11 23:00:00,Alugado
41859,6454,IMPRESSORA MULT RICOH 3710SF NS/ 5171Z412011,11866,P M ACOPIARA/ SECRETARIA DE AGRICULTURA 2026,Alugado,549714,1,2026-03-03 16:43:40,Alugado
6456,6456,ESTABILIZADOR 300 VA SOL NG2 S/N  3344000097,65,CAGECE,Devolução,1689,2,2007-03-07 23:00:00,Devolução
41861,6456,TRANFORMADOR TRANSFORMER 2000VA,3821,P M DE ACOPIARA / GABINETE DO PREFEITO,Alugado,118467,1,2022-02-03 11:34:33,Alugado
6477,6477,ESTABILIZADOR 300 VA SOL NG2 S/N 3344000095,2871,P.M DE ACOPIARA - SECRETARIA DE SAÚDE,Devolução,551489,2,2026-03-31 16:06:50,Devolução
41885,6477,ESTABILIZADOR 300VA ETERNITY,3840,P M DE CASCAVEL  - PROCURADORIA GERAL,Devolução,552212,2,2026-04-14 08:58:49,Devolução
6480,6480,ESTABILIZADOR 300 VA SOL NG2 S/N 3344000108,2098,P. M. DE CAUCAIA - SAÚDE SEDE - PROBOM  - SALA 235  - CADSUS,Alugado,14184,1,2014-11-26 07:56:00,Alugado
41888,6480,ESTABILIZADOR 300VA ETERNITY,3840,P M DE CASCAVEL  - PROCURADORIA GERAL,Devolução,547555,2,2026-01-21 15:04:37,Devolução
6494,6494,"AMD SEMPRON 2.6 GHZ, 512 MB, HD 40 GB",1447,P. M. DE CAUCAIA - SEDESC/CSU - PERDIDOS,Alugado,982,1,2006-02-21 23:00:00,Alugado
41904,6494,SWITCH 16PTS INTELBRAS SF1600 Q+ NS W3Q14705652NP,3826,P M DE GRANJA/SECRETARIA DE SAUDE,Alugado,118477,1,2022-02-04 16:25:55,Alugado
6495,6495,RACK PARA SOM,3163,MOREIA TECNOLOGIA -  MANUTENÇÃO DE EQUIPAMENTOS,Alugado,51551,1,2023-01-16 10:20:10,Alugado
41905,6495,SWITCH 16PTS INTELBRAS SF1600 Q+ NS W3Q14705659A7,3826,P M DE GRANJA/SECRETARIA DE SAUDE,Alugado,118477,1,2022-02-04 16:25:55,Alugado
6497,6497,RACK PARA SOM,3488,ALUCOM - EVENTO,Alugado,57232,1,2020-02-17 23:00:00,Alugado
41907,6497,SWITCH 16PTS INTELBRAS SF1600 Q+ NS W3Q14705651EG,3826,P M DE GRANJA/SECRETARIA DE SAUDE,Alugado,118477,1,2022-02-04 16:25:55,Alugado
6499,6499,MESA DE SOM COM 06 CANAIS,3488,ALUCOM - EVENTO,Alugado,32644,1,2019-12-16 12:14:00,Alugado
42028,6499,MICRO CORE I5 4GB HD 500,3762,P M DE TAUÁ / SECRETARIA DE EDUCAÇÃO,Alugado,118491,1,2022-02-07 22:16:32,Alugado
6503,6503,CAIXA SOM STANER AUDIO AMERICA,3163,MOREIA TECNOLOGIA -  MANUTENÇÃO DE EQUIPAMENTOS,Alugado,51551,1,2023-01-16 10:20:10,Alugado
42030,6503,MICRO CORE I5 4GB HD 500,3762,P M DE TAUÁ / SECRETARIA DE EDUCAÇÃO,Alugado,118491,1,2022-02-07 22:16:32,Alugado
6504,6504,CAIXA SOM STANER AUDIO AMERICA,3488,ALUCOM - EVENTO,Alugado,57232,1,2020-02-17 23:00:00,Alugado
42029,6504,MICRO CORE I5 4GB HD 500,3762,P M DE TAUÁ / SECRETARIA DE EDUCAÇÃO,Alugado,118491,1,2022-02-07 22:16:32,Alugado
6508,6508,TRIPE PARA CAIXA DE SOM,3163,MOREIA TECNOLOGIA -  MANUTENÇÃO DE EQUIPAMENTOS,Alugado,53644,1,2023-01-20 23:00:00,Alugado
42025,6508,MICRO CORE I5 4GB HD 500,3762,P M DE TAUÁ / SECRETARIA DE EDUCAÇÃO,Alugado,118491,1,2022-02-07 22:16:32,Alugado
6511,6511,TRIPE PARA CAIXA DE SOM,3488,ALUCOM - EVENTO,Alugado,31946,1,2019-10-25 10:25:00,Alugado
42035,6511,MICRO CORE I5 4GB HD 500,10684,CLEITON - ROTA INHAMUNS,Devolução,518915,2,2024-06-28 16:39:11,Devolução
6512,6512,TRIPE PARA CAIXA DE SOM,3488,ALUCOM - EVENTO,Alugado,31903,1,2019-10-23 17:22:00,Alugado
42036,6512,MICRO CORE I5 4GB HD 500,3762,P M DE TAUÁ / SECRETARIA DE EDUCAÇÃO,Alugado,118491,1,2022-02-07 22:16:32,Alugado
6513,6513,MODULO AMPLIFICADOR S/N 00129192,3163,MOREIA TECNOLOGIA -  MANUTENÇÃO DE EQUIPAMENTOS,Alugado,51551,1,2023-01-16 10:20:10,Alugado
41917,6513,MICRO CORE I5 4GB RAM HD 500,3826,P M DE GRANJA/SECRETARIA DE SAUDE,Alugado,118487,1,2022-02-07 11:58:05,Alugado
6521,6521,PEDESTRAL  MICROFONE,1661,MOREIA TECNOLOGIA - EVENTOS,Alugado,21060,1,2017-06-08 11:02:00,Alugado
41894,6521,MICRO CORE I5 4GB HD 500,3826,P M DE GRANJA/SECRETARIA DE SAUDE,Substituição Alugado,118479,5,2022-02-04 17:00:22,Substituição Alugado
6525,6525,BASE PARA MICROFONE S/N 04373020701,543,INSTITUTO AGROPOLOS - EVENTO,Devolução,4479,2,2009-12-19 23:00:00,Devolução
41927,6525,ESTABILIZADOR 300VA ETERNITY,3762,P M DE TAUÁ / SECRETARIA DE EDUCAÇÃO,Alugado,118491,1,2022-02-07 22:16:32,Alugado
6526,6526,MICROFONE WIRELESS    MCC 2200,1145,ELEIÇÃO 2012 - COMITÉMARCO,Devolução,5345,2,2010-09-02 23:00:00,Devolução
41928,6526,ESTABILIZADOR 300VA ETERNITY,3762,P M DE TAUÁ / SECRETARIA DE EDUCAÇÃO,Alugado,118491,1,2022-02-07 22:16:32,Alugado
6527,6527,MICROFONE MCC 2200,1145,ELEIÇÃO 2012 - COMITÉMARCO,Devolução,5345,2,2010-09-02 23:00:00,Devolução
41929,6527,ESTABILIZADOR 300VA ETERNITY,3762,P M DE TAUÁ / SECRETARIA DE EDUCAÇÃO,Alugado,118491,1,2022-02-07 22:16:32,Alugado
6528,6528,BASE PARA MICROFONE WIRELESS MCC 2200,1145,ELEIÇÃO 2012 - COMITÉMARCO,Devolução,5345,2,2010-09-02 23:00:00,Devolução
41931,6528,ESTABILIZADOR 300VA ETERNITY,3762,P M DE TAUÁ / SECRETARIA DE EDUCAÇÃO,Alugado,118491,1,2022-02-07 22:16:32,Alugado
6529,6529,BASE PARA MICROFONE WIRELESS MCC 2200,1145,ELEIÇÃO 2012 - COMITÉMARCO,Devolução,5345,2,2010-09-02 23:00:00,Devolução
41932,6529,ESTABILIZADOR 300VA ETERNITY,3762,P M DE TAUÁ / SECRETARIA DE EDUCAÇÃO,Alugado,118491,1,2022-02-07 22:16:32,Alugado
6543,6543,CAIXA SOM HOME THEATER SYSTEM  1000W,1820,P. M. DE CAUCAIA - CASA DO PAPAI NOEL 2011,Devolução,7536,2,2011-12-02 23:00:00,Devolução
42003,6543,MONITOR LED 19 BLUECASE NS 2106447450320534,3762,P M DE TAUÁ / SECRETARIA DE EDUCAÇÃO,Alugado,118491,1,2022-02-07 22:16:32,Alugado
6544,6544,CAIXA SOM  HOME THEATER SYSTEM 1000W,,,,,,,Sem Movimento
42004,6544,MONITOR LED 19 BLUECASE NS 2106447450320533,3762,P M DE TAUÁ / SECRETARIA DE EDUCAÇÃO,Alugado,118491,1,2022-02-07 22:16:32,Alugado
6556,6556,IMPRESSORA HP 3845 S/N BR5AM2F0CD,780,P M DE CAUCAIA - PROCURADORIA – FÓRUM,Alugado,4454,1,2009-12-11 23:00:00,Alugado
42016,6556,MONITOR LED 19´´BLUECASE NS 2106447450320362,3762,P M DE TAUÁ / SECRETARIA DE EDUCAÇÃO,Alugado,118491,1,2022-02-07 22:16:32,Alugado
6561,6561,"AMD SEMPRON 2.6 MHZ, 256 MB, HD 40 GB",1370,P.M DE JAGUARETAMA - EDUCAÇÃO,Devolução,513105,2,2024-02-29 14:42:34,Devolução
42021,6561,MONITOR LED 19´´BLUECASE NS 2106447450320693,3762,P M DE TAUÁ / SECRETARIA DE EDUCAÇÃO,Alugado,118491,1,2022-02-07 22:16:32,Alugado
6563,6563,"AMD SEMPRON 2.6 MHZ, 512 MB, HD 40 GB - GRAVADORA DE CD",2148,P. M. DE MARCO -  NÃO LOCALIZADOS - 2013,Alugado,11261,1,2013-09-14 23:59:00,Alugado
41991,6563,MONITOR LED 19 BLUECASE NS 2106447450320695,3762,P M DE TAUÁ / SECRETARIA DE EDUCAÇÃO,Alugado,118491,1,2022-02-07 22:16:32,Alugado
6576,6576,"MONITOR COLOR 15"" SAMSUNG S/N LB15HXBY900791R",1406,P. M. DE CAUCAIA -  TELECENTRO SITIOS NOVOS - EDUCAÇÃO,Alugado,4186,1,2009-09-10 23:59:00,Alugado
41940,6576,ESTABILIZADOR 300VA ETERNITY,3762,P M DE TAUÁ / SECRETARIA DE EDUCAÇÃO,Alugado,118491,1,2022-02-07 22:16:32,Alugado
6582,6582,"MONITOR COLOR 15"" SAMSUNG S/N LB15HXBY900832N",1506,P. M. DE MARCO - DIGITALIZAÇÃO,Devolução,7363,2,2011-10-21 23:00:00,Devolução
41946,6582,ESTABILIZADOR 300VA ETERNITY,3762,P M DE TAUÁ / SECRETARIA DE EDUCAÇÃO,Alugado,118491,1,2022-02-07 22:16:32,Alugado
6583,6583,"MONITOR COLOR 15"" SAMSUNG /SN LB15HXBY900872W",479,SAPATARIA NOVA,Devolução,6837,2,2011-07-13 23:00:00,Devolução
41947,6583,ESTABILIZADOR 300VA ETERNITY,3762,P M DE TAUÁ / SECRETARIA DE EDUCAÇÃO,Alugado,118491,1,2022-02-07 22:16:32,Alugado
6608,6608,"AMD SEMPRON 2.6 GHZ, 512 MB, HD 40 GB - CD ROM",,,,,,,Sem Movimento
41972,6608,MICRO CORE I5 4GB HD 500,3601,MOREIA TECNOLOGIA MANUTENCAO,Substituição Alugado,521486,5,2024-09-03 17:55:08,Substituição Alugado
6628,6628,"MONITOR COLOR 15"" POSITIVO S/N LB15HXBY906099Y",1407,P. M. DE CAUCAIA - TELECENTRO TUCUNDUBA - EDUCAÇÃO,Devolução,9863,2,2013-03-11 23:00:00,Devolução
41913,6628,IMPRESSORA CANON JATO DE TINTA G3110 NS KNJF 11110,3601,MOREIA TECNOLOGIA MANUTENCAO,Devolução,543377,2,2025-11-07 12:19:45,Devolução
6653,6653,"AMD SEMPRON 2.4 MHZ, 512 MB, HD 80 GB - GRAVADORA DE CD",1506,P. M. DE MARCO - DIGITALIZAÇÃO,Devolução,513213,2,2024-03-04 14:21:01,Devolução
42054,6653,MONITOR LED 19 BLUECASE NS 2106447450320264,11865,P M ACOPIARA/SECRETARIA DE ADMINISTRAÇÃO E FINANÇAS 2026,Alugado,549865,1,2026-03-05 10:33:14,Alugado
6664,6664,"AMD SEMPRON 2.4 MHZ, 256 MB, HD 40 GB",1205,HOSPITAL MUNICIPAL - PREFEITURA MUNICIPAL DE IPÚ,Alugado,3264,1,2009-01-03 23:00:00,Alugado
42065,6664,THINKCENTRE CORE I3 8GB SSD 120 NS MJ02LHA7,3838,PM DE ACOPIARA/SECRETARIA DE ADMINISTRAÇÃO E FINANÇAS,Alugado,118513,1,2022-02-08 17:26:59,Alugado
6685,6685,"AMD SEMPRON 2.4 MHZ,  1 GB, HD 40 GB- GRAVADORA DE CD",2987,P.M DE ACOPIARA COMITÉPSB  - PERDIDOS 2017,Devolução,549782,2,2026-03-04 15:23:15,Devolução
42088,6685,MONITOR LED 19 TRONOS NS 19L07GT21052775,11867,P M ACOPIARA/ SECRETARIA DE EDUCAÇÃO 2026,Alugado,549784,1,2026-03-04 15:26:34,Alugado
6700,6700,"AMD SEMPRON 2.4 GHZ, 512MB, HD 80 GB - GRAVADORA DE DVD",1470,P. M. DE TABULEIRO DO NORTE - DIGITALIZAÇÃO,Devolução,513177,2,2024-03-04 10:33:34,Devolução
42122,6700,ESTABILIZADOR 300 VA SIDE WAY,3798,P M DE BARBALHA / SECRETARIA DE EDUCAÇÃO,Alugado,118749,1,2022-03-14 16:34:28,Alugado
6712,6712,"MONITOR COLOR 15"" AOC S/N K4SS55A913184",1447,P. M. DE CAUCAIA - SEDESC/CSU - PERDIDOS,Devolução,532424,2,2025-05-13 10:14:27,Devolução
42134,6712,ESTABILIZADOR 300 VA SIDE WAY,3805,P M BARBALHA/SECRETARIA MUNICIPAL DE INFRAESTRUTURA E OBRAS,Substituição Devolução,528777,3,2025-03-10 17:03:09,Substituição Devolução
6724,6724,"MONITOR COLOR 15"" AOC  S/N K4SS55A913282",2148,P. M. DE MARCO -  NÃO LOCALIZADOS - 2013,Alugado,11261,1,2013-09-14 23:59:00,Alugado
42103,6724,IMPRESSORA MULT RICOH SP 3710SF NS 5171Z413045,3621,P M AQUIRAZ / SECRETARIA DE EDUCACAO,Alugado,118600,1,2022-02-15 13:53:06,Alugado
6768,6768,IMPRESSORA  DESKJET HP 3920 S/N BR5AF2G05K,2214,MARILENE -AS SISTEMAS,Alugado,12451,1,2014-03-21 23:00:00,Alugado
42172,6768,MONITOR LED 19 TRONOS NS 19L07GT21051918,3762,P M DE TAUÁ / SECRETARIA DE EDUCAÇÃO,Alugado,118617,1,2022-02-17 17:36:21,Alugado
6790,6790,MICROFONE WINBEL DM 66,1460,ALUCOM - JOÃO PESSOA,Devolução,5111,2,2010-06-28 23:00:00,Devolução
42194,6790,MICRO CORE I3 8GB HD 2TB,3805,P M BARBALHA/SECRETARIA MUNICIPAL DE INFRAESTRUTURA E OBRAS,Substituição Devolução,542142,3,2025-10-17 13:26:40,Substituição Devolução
6794,6794,MICROFONE WINBEL DM 66,2668,GREEN   PARTICIPAÇÕES  LTDA - GOLF TONINHO,Devolução,18851,2,2016-10-17 10:55:00,Devolução
42216,6794,TV 39 PHILCO NS 1220046590T392A,3762,P M DE TAUÁ / SECRETARIA DE EDUCAÇÃO,Alugado,118624,1,2022-02-18 16:25:45,Alugado
6796,6796,MICROFONE WINBEL  MODELO EAM-101 M,,,,,,,Sem Movimento
42218,6796,TV 39 PHILCO NS 1220873395T392A,3762,P M DE TAUÁ / SECRETARIA DE EDUCAÇÃO,Alugado,118624,1,2022-02-18 16:25:45,Alugado
6797,6797,MICROFONE WINBEL EAM - 101 M,,,,,,,Sem Movimento
42219,6797,TV 39 PHILCO NS 1222142211T392A,3762,P M DE TAUÁ / SECRETARIA DE EDUCAÇÃO,Alugado,118624,1,2022-02-18 16:25:45,Alugado
6798,6798,MICROFONE WINBEL EAM - 101M,,,,,,,Sem Movimento
42220,6798,TV 39 PHILCO NS 1222140836T362A,3762,P M DE TAUÁ / SECRETARIA DE EDUCAÇÃO,Alugado,118624,1,2022-02-18 16:25:45,Alugado
6799,6799,MICROFONE WINBEL EAM - 101 M,,,,,,,Sem Movimento
42221,6799,TV 39 PHILCO NS 1222142762T392A,3762,P M DE TAUÁ / SECRETARIA DE EDUCAÇÃO,Alugado,118624,1,2022-02-18 16:25:45,Alugado
6800,6800,TRANSFORMADOR PARA SOM,,,,,,,Sem Movimento
42222,6800,TV 39 PHILCO NS 1220850910T392A,10566,MARCOS PAIVA,Alugado,518044,1,2024-06-07 16:19:41,Alugado
6831,6831,IMPRESSORA LASER SAMSUNG S/N BKCY818285E,1447,P. M. DE CAUCAIA - SEDESC/CSU - PERDIDOS,Alugado,1751,1,2007-04-09 23:00:00,Alugado
42226,6831,IMPRESSORA CANON JATO DE TINTA G3110 NS KMVF58724,11438,P M JUAZEIRO - ASSISTENCIA SOCIAL,Substituição Devolução,555345,3,2026-06-15 16:27:02,Substituição Devolução
6850,6850,IMPRESSORA LASER SAMSUNG S/N BKCY81831X,1403,CÍCERA ROMENIA BOTELHO MARQUES,Devolução,513106,2,2024-02-29 14:43:42,Devolução
42254,6850,MONITOR LED 17 PCTOP NS CMP0036152JUN23418MLP170,3629,CARLOS OLIVEIRA - ROTA CARIRI - CRATO,Alugado,514311,1,2024-03-26 13:17:02,Alugado
6884,6884,ESTABILIZADOR 300 VA SOL NG2 S/N 3346600234,2697,P M DE CAUCAIA - CULTURA - ROUBADOS E PERDIDOS - 2016,Alugado,17927,1,2016-06-21 11:34:00,Alugado
42288,6884,TRANSFORMADOR 2000 KVA TRANSFORMER,3660,P M DE ACARAPE - SECRETARIA DE SAUDE,Alugado,118736,1,2022-03-10 17:58:12,Alugado
6885,6885,ESTABILIZADOR 300 VA SOL NG2 S/N 3346600229,1897,ELEIÇÃO 2012 - FELIPE CARLOS UCHOA S. R. - UMIRIM,Alugado,8550,1,2012-07-02 23:59:00,Alugado
42289,6885,TRANSFORMADOR 2000 KVA TRANSFORMER,3660,P M DE ACARAPE - SECRETARIA DE SAUDE,Alugado,118736,1,2022-03-10 17:58:12,Alugado
6887,6887,ESTABILIZADOR 300 VA SOL NG2 S/N 3346600228,3395,P.M DE IGUATU - DEMUTRAN - DOAÇÃO,Devolução,529512,2,2025-03-18 15:01:23,Devolução
42291,6887,MONITOR LED 19 TRONOS NS 19L20HK21061138,3844,P M DE CRATO - SECRETARIA MUNICIPAL DE ESPORTE E JUVENTUDE,Alugado,118675,1,2022-02-24 17:15:18,Alugado
6892,6892,ESTABILIZADOR 300 VA SOL NG2 S/N 3376700395,554,SEBRAE - EVENTO,Devolução,13382,2,2014-07-30 23:00:00,Devolução
42296,6892,MONITOR LED 19 TRONOS NS 19L20HK21061129,3807,P M DE BARBALHA / SECRETARIA DE ESPORTE E JUVENTUDE,Substituição Devolução,119370,3,2022-05-17 19:25:37,Substituição Devolução
6893,6893,ESTABILIZADOR 300 VA SOL NG2 S/N 3346600238,2502,P. M. DE MARCO - SEC. DE EDUCAÇÃO - ESTATÍSTICA - 2015,Alugado,14760,1,2015-02-18 15:57:00,Alugado
42297,6893,MONITOR LED 19 TRONOS NS 19L20HK21061167,11865,P M ACOPIARA/SECRETARIA DE ADMINISTRAÇÃO E FINANÇAS 2026,Alugado,549865,1,2026-03-05 10:33:14,Alugado
6895,6895,ESTABILIZADOR 300 VA SOL NG2 S/N 3376700387,3159,SINDIONIBUS - BILHETE UNICO - PAPICU,Devolução,57827,2,2023-05-29 10:50:49,Devolução
42299,6895,MONITOR LED 19 TRONOS NS 19L20HK21061195,3844,P M DE CRATO - SECRETARIA MUNICIPAL DE ESPORTE E JUVENTUDE,Alugado,118675,1,2022-02-24 17:15:18,Alugado
6903,6903,ESTABILIZADOR 300 VA SOL NG2 S/N 3346600227,899,FRANCINI GUEDES,Alugado,1336,1,2006-08-25 23:00:00,Alugado
42307,6903,IMPRESSORA MULT. RICOH 3710SF S/N 5178ZB10110,3640,P M IGUATU - SECRETARIA DE SAUDE,Alugado,118678,1,2022-02-25 11:18:12,Alugado
6915,6915,ESTABILIZADOR 300 VA SOL NG2 S/N 3346600243,183,MAX DISTRIBUIDORA IMPORTADORA E COMERCIA,Devolução,985,2,2006-02-23 23:00:00,Devolução
42314,6915,NOTEBOOK CORE I7 DEL 8GB SSD 256 NS 97M05F3,3831,P M DE CRATO - SECRETARIA DO TRABALHO E DESENVOLVIMENTO SOCIAL  - STDS,Alugado,118676,1,2022-02-24 17:29:10,Alugado
6925,6925,ESTABILIZADOR 300 VA SOL NG2 S/N 3376700381,2875,P.M DE QUIXADA - SECRETARIA DE SAÚDE,Alugado,20122,1,2017-03-16 18:44:00,Alugado
42329,6925,MICRO CORE I3 8GB SSD 240,11865,P M ACOPIARA/SECRETARIA DE ADMINISTRAÇÃO E FINANÇAS 2026,Alugado,549865,1,2026-03-05 10:33:14,Alugado
6926,6926,ESTABILIZADOR 300 VA SOL NG2 S/N 3376700380,2081,P. M. DE ACOPIARA- LICITAÇÃO - ADM E  FINANÇAAS,Alugado,59122,1,2015-03-18 23:00:00,Alugado
42330,6926,MONITOR LED 19 TRONOS NS 19L20HK21062200,11865,P M ACOPIARA/SECRETARIA DE ADMINISTRAÇÃO E FINANÇAS 2026,Alugado,549865,1,2026-03-05 10:33:14,Alugado
6930,6930,ESTABILIZADOR 300 VA SOL NG2 S/N 3376700396,2915,P M DE CAMOCIM / SECRETARIA DE CONSERVAÇÃO SEMCONSP,Devolução,23935,2,2018-02-19 16:20:00,Devolução
42334,6930,MONITOR LED 19 TRONOS NS 19L20HK21062163,11865,P M ACOPIARA/SECRETARIA DE ADMINISTRAÇÃO E FINANÇAS 2026,Substituição Devolução,551931,3,2026-04-08 16:04:21,Substituição Devolução
6935,6935,ESTABILIZADOR 300 VA SOL NG2 S/N 3376700397,11865,P M ACOPIARA/SECRETARIA DE ADMINISTRAÇÃO E FINANÇAS 2026,Alugado,549865,1,2026-03-05 10:33:14,Alugado
42339,6935,ESTABILIZADOR 300VA SIDEWAY,3839,P M DE ACOPIARA  - SECRETARIA DE EDUCACAO,Devolução,549812,2,2026-03-05 07:43:13,Devolução
6945,6945,"AMD SEMPRON 2.4 MHZ, 256 MB, HD 80 GB- GRAVADORA DE CD",1470,P. M. DE TABULEIRO DO NORTE - DIGITALIZAÇÃO,Devolução,513177,2,2024-03-04 10:33:34,Devolução
42346,6945,MICRO CORE I5 4GB HD 500,3762,P M DE TAUÁ / SECRETARIA DE EDUCAÇÃO,Substituição Alugado,118702,5,2022-03-04 09:55:59,Substituição Alugado
7016,7016,"MONITOR COLOR 15"" PHILIPS S/N WE000539300193",1426,P. M. DE MARCO - SECRETARIA DE EDUCAÇÃO,Devolução,10695,2,2013-06-21 23:00:00,Devolução
42416,7016,MICRO CORE I5 4GB HD 500,3855,P M DE QUIXADÁ / DEMUTRAN,Alugado,501674,1,2023-04-03 17:08:58,Alugado
7023,7023,"MONITOR COLOR 15"" PHILIPS S/N WE000540300849",1447,P. M. DE CAUCAIA - SEDESC/CSU - PERDIDOS,Alugado,984,1,2006-02-22 23:00:00,Alugado
39150,7023,IMPRESSORA CANON JATO DE TINTA,3706,"SECRETARIA MUNICIPAL DE AGRICULTURA, MEIO AMBIENTE E SERVIÇOS PÚBLICOS",Alugado,117609,1,2021-09-08 18:17:36,Alugado
7049,7049,"AMD SEMPRON 2.4 MHZ, 256 MB, HD 80 GB - GRAVADORA DE CD",1661,MOREIA TECNOLOGIA - EVENTOS,Devolução,7613,2,2011-12-14 23:00:00,Devolução
42445,7049,ESTABILIZADOR 300 VA SIDEWAY,3849,P M DE QUIXADÁ / SECRETARIA MUNICIPAL DE EDUCAÇÃO,Alugado,118760,1,2022-03-15 12:47:57,Alugado
7130,7130,ESTABILIZADOR SOL 1000 S/N 3378900007,3010,P. M. DE BARROQUINHA - SECRETARIA DE EDUCAÇÃO MERENDA ESCOLAR,Devolução,535539,2,2025-06-23 16:00:47,Devolução
42531,7130,IMPRESSORA MULT RICOH 3710SF NS 5171Z811169,11871,P M ACOPIARA/ SECRETARIA DE MEIO AMBIENTE 2026,Alugado,549555,1,2026-02-27 15:12:04,Alugado
7152,7152,IMPRESSORA MATRICIAL 80 COL EPSON LX-300+ S/N CDUM221596,307,DUDA - RONALDY,Alugado,3100,1,2008-11-05 23:00:00,Alugado
42564,7152,"MONITOR  LED 19"" BLUECASE  NS 314447450321524",3627,P M DE JUAZEIRO - SECRET MUNIC DESENV SOCIAL E TRABALHO - SEDEST,Alugado,118955,1,2022-04-01 18:31:10,Alugado
7154,7154,IMPRESSORA LASER HP 2600 N S/N 5032501211,675,P.M DE BARROQUINHA - SECRETARIA DE SAÚDE,Devolução,5057,2,2010-06-08 23:00:00,Devolução
42555,7154,"MONITOR  LED 19"" BLUECASE  NS 314447450321040",3627,P M DE JUAZEIRO - SECRET MUNIC DESENV SOCIAL E TRABALHO - SEDEST,Alugado,501091,1,2023-02-22 12:53:37,Alugado
18159,18159,ESTABILIZADOR 300 VA CUBIC MICROSSOL S/N 5823350229,4029,MOREIA TECNOLOGIA - LOCACOES,Alugado,505067,1,2023-08-16 15:04:09,Alugado
120578,18159,ESTABILIZADOR 300 VA,3691,P M DE MARANGUAPE - SECRETARIA DE ADMINISTRACAO E FINANCAS,Alugado,505024,1,2023-08-16 11:34:12,Alugado
18816,18816,"MICRO CORE I3, 3.1 GHZ, MEM 4GB, HD DE 500 GB, GRAVADORA DE DVD",2923,PEDRO ALMEIDA - ROTA CARIRI - ACOPIARA,Devolução,522757,2,2024-10-10 17:03:29,Devolução
143409,18816,"MICRO I3 4GB, HD DE 500 GB, GRAVADORA DE DVD",3837,PM DE ACOPIARA/SECRETARIA DE AGRICULTURA,Substituição Devolução,524807,3,2024-12-17 09:06:52,Substituição Devolução
23536,23536,SUPORTE PARA TV,3498,EVENTO  - ABEOC,Devolução,32522,2,2019-12-06 15:45:00,Devolução
138005,23536,SUPORTE DE CHAO PARA TV MOVEL SN,10891,CAMPANHA PDT 2024,Devolução,522656,2,2024-10-08 16:07:31,Devolução
23623,23623,ESTABILIZADOR 300 VA FORCELINE,3163,MOREIA TECNOLOGIA -  MANUTENÇÃO DE EQUIPAMENTOS,Alugado,52521,1,2023-02-22 13:50:12,Alugado
138004,23623,SUPORTE DE CHAO PARA TV MOVEL SN,10891,CAMPANHA PDT 2024,Devolução,522656,2,2024-10-08 16:07:31,Devolução
26870,26870,IMPRESSORA MULT. RICOH SP-377 SFNWX S/N Y937Q310529,3128,P.M DE   ICÓ - AÇÃO SOCIAL,Devolução,507621,2,2023-10-13 13:33:07,Devolução
124267,26870,MULTIFUNCIONAL LASER MONO RICOH SP-377 SFNWX S/N Y937Q310529,,,,,,,Sem Movimento
28000,28000,IMPRESSORA MULT. RICOH SP-377 SFNWX S/N Y937Q310521,4029,MOREIA TECNOLOGIA - LOCACOES,Alugado,520960,1,2024-08-20 12:35:46,Alugado
139729,28000,MULTIFUNCIONAL LASER MONO RICOH SP-377 SFNWX S/N Y937Q310521,10391,P M CRATO/ SECRETARIA DE SAÚDE,Alugado,520795,1,2024-08-19 14:53:12,Alugado
28893,28893,IMPRESSORA MULT. RICOH SP-377 SFNWX S/N Y938Z112851,4549,ALUCOM EXCLUIDOS - SOMENTE PARA CONSULTA,Alugado,51680,1,2022-04-18 23:59:00,Alugado
42631,28893,IMPRESSORA MULT. RICOH SP-377 SFNWX S/N Y938Z112851,,,,,,,Sem Movimento
30626,30626,"MICRO CORE I5 3.1 GHZ, MEMORIA 4 GB, HD 500 GB",4029,MOREIA TECNOLOGIA - LOCACOES,Alugado,520960,1,2024-08-20 12:35:46,Alugado
139749,30626,"MICRO CORE I5 3.1 GHZ, MEMORIA 4 GB, HD 500 GB",3831,P M DE CRATO - SECRETARIA DO TRABALHO E DESENVOLVIMENTO SOCIAL  - STDS,Alugado,520882,1,2024-08-20 08:20:05,Alugado
31448,31448,ESTABILIZADOR 300 VA BMI S/N 071908301200017,4029,MOREIA TECNOLOGIA - LOCACOES,Alugado,520960,1,2024-08-20 12:35:46,Alugado
139754,31448,ESTABILIZADOR 300 VA BMI S/N 071908301200017,3831,P M DE CRATO - SECRETARIA DO TRABALHO E DESENVOLVIMENTO SOCIAL  - STDS,Alugado,520899,1,2024-08-20 09:19:46,Alugado
31451,31451,ESTABILIZADOR 300 VA BMI S/N 071908301200034,4029,MOREIA TECNOLOGIA - LOCACOES,Alugado,520960,1,2024-08-20 12:35:46,Alugado
139752,31451,ESTABILIZADOR 300 VA BMI S/N 071908301200034,3831,P M DE CRATO - SECRETARIA DO TRABALHO E DESENVOLVIMENTO SOCIAL  - STDS,Alugado,520890,1,2024-08-20 09:03:26,Alugado
31452,31452,ESTABILIZADOR 300 VA BMI S/N 071908301200039,4029,MOREIA TECNOLOGIA - LOCACOES,Alugado,520960,1,2024-08-20 12:35:46,Alugado
139755,31452,ESTABILIZADOR 300 VA BMI S/N 071908301200039,10392,P M CRATO/ SECRETARIA DE DESENVOLVIMENTO AGROPECUARIO E RECURSOS HIDRICOS,Alugado,520905,1,2024-08-20 10:10:27,Alugado
31456,31456,ESTABILIZADOR 300 VA BMI S/N 071908301200076,4029,MOREIA TECNOLOGIA - LOCACOES,Alugado,520960,1,2024-08-20 12:35:46,Alugado
139773,31456,ESTABILIZADOR 300 VA BMI S/N 071908301200076,10391,P M CRATO/ SECRETARIA DE SAÚDE,Alugado,520909,1,2024-08-20 10:31:07,Alugado
31784,31784,"MICRO CORE I5 3.2 GHZ, 4 GB, HD 500 GB",4029,MOREIA TECNOLOGIA - LOCACOES,Alugado,520960,1,2024-08-20 12:35:46,Alugado
139716,31784,"MICRO CORE I5 3.2 GHZ, 4 GB, HD 500 GB",3623,P M DE CRATO - FINANCAS,Alugado,520775,1,2024-08-19 11:58:17,Alugado
32248,32248,"MONITOR LED 21.5"" PHILIPS  S/N AFCA1931054584",4029,MOREIA TECNOLOGIA - LOCACOES,Alugado,52254,1,2023-02-08 23:00:00,Alugado
80936,32248,"MONITOR LED 21.5"" PHILIPS  S/N AFCA1931054584",4539,P M DE SAO LUIS  - SECRETARIA MUNIC DA CRIANCA E ASSIST SOCIAL  - SEMCAS,Alugado,510776,1,2023-12-19 12:54:24,Alugado
32250,32250,"MONITOR LED 21.5"" PHILIPS S/N AFCA1931054516",4029,MOREIA TECNOLOGIA - LOCACOES,Alugado,52254,1,2023-02-08 23:00:00,Alugado
80940,32250,"MONITOR LED 21.5"" PHILIPS S/N AFCA1931054516",4539,P M DE SAO LUIS  - SECRETARIA MUNIC DA CRIANCA E ASSIST SOCIAL  - SEMCAS,Alugado,510776,1,2023-12-19 12:54:24,Alugado
32252,32252,"MONITOR LED 21.5"" PHILIPS S/N AFCA1931053150",4029,MOREIA TECNOLOGIA - LOCACOES,Alugado,52254,1,2023-02-08 23:00:00,Alugado
80937,32252,"MONITOR LED 21.5"" PHILIPS S/N AFCA1931053150",4539,P M DE SAO LUIS  - SECRETARIA MUNIC DA CRIANCA E ASSIST SOCIAL  - SEMCAS,Alugado,510776,1,2023-12-19 12:54:24,Alugado
32253,32253,"MONITOR LED 21.5"" PHILIPS S/N AFCA1931053114",4029,MOREIA TECNOLOGIA - LOCACOES,Alugado,52254,1,2023-02-08 23:00:00,Alugado
80941,32253,"MONITOR LED 21.5"" PHILIPS S/N AFCA1931053114",4539,P M DE SAO LUIS  - SECRETARIA MUNIC DA CRIANCA E ASSIST SOCIAL  - SEMCAS,Alugado,510776,1,2023-12-19 12:54:24,Alugado
32255,32255,"MONITOR LED 21.5"" PHILIPS S/N AFCA1931053136",4029,MOREIA TECNOLOGIA - LOCACOES,Alugado,52255,1,2022-03-08 23:59:00,Alugado
80939,32255,"MONITOR LED 21.5"" PHILIPS S/N AFCA1931053136",4539,P M DE SAO LUIS  - SECRETARIA MUNIC DA CRIANCA E ASSIST SOCIAL  - SEMCAS,Alugado,510776,1,2023-12-19 12:54:24,Alugado
32256,32256,"MONITOR LED 21.5"" PHILIPS S/N AFCA1931054550",4029,MOREIA TECNOLOGIA - LOCACOES,Alugado,52254,1,2023-02-08 23:00:00,Alugado
80938,32256,"MONITOR LED 21.5"" PHILIPS S/N AFCA1931054550",4539,P M DE SAO LUIS  - SECRETARIA MUNIC DA CRIANCA E ASSIST SOCIAL  - SEMCAS,Alugado,510776,1,2023-12-19 12:54:24,Alugado
33397,33397,IMPRESSORA MULT. RICOH 3710SF S/N 5179Z513112,4029,MOREIA TECNOLOGIA - LOCACOES,Alugado,520960,1,2024-08-20 12:35:46,Alugado
139717,33397,MULTIFUNCIONAL LASER MONO RICOH 3710SF S/N 5179Z513112,10391,P M CRATO/ SECRETARIA DE SAÚDE,Alugado,520778,1,2024-08-19 12:09:37,Alugado
34296,34296,TABLET SAMSUNG TAB A 32 GB S/N RX2N1006DMM,10475,ALUCOM SAO LUIS,Alugado,53807,1,2023-04-14 23:00:00,Alugado
82858,34296,TABLET SAMSUNG TAB A 32 GB S/N RX2N1006DMM,3622,ALUCOM LOCACOES,Devolução,531460,2,2025-04-27 17:30:35,Devolução
82859,34296,TABLET SAMSUNG TAB A 32 GB S/N RX2N1006DMM,4465,P M DE SAO LUIS -INSTITUTO DE PREVIDENCIA E ASSISTENCIA DO MUNICIPIO - IPAM,Alugado,501799,1,2023-04-14 11:21:51,Alugado
46164,36197,ESTABILIZADOR 300 VA,4029,MOREIA TECNOLOGIA - LOCACOES,Alugado,520960,1,2024-08-20 12:35:46,Alugado
139751,36197,ESTABILIZADOR 300 VA,10391,P M CRATO/ SECRETARIA DE SAÚDE,Alugado,520888,1,2024-08-20 08:50:29,Alugado
42612,36937,MICRO CORE I5 4GB HD 500,3855,P M DE QUIXADÁ / DEMUTRAN,Alugado,119008,1,2022-04-11 08:44:55,Alugado
46876,36937,MICRO CORE I5 4GB HD 500,4029,MOREIA TECNOLOGIA - LOCACOES,Alugado,44460,1,2022-04-11 08:32:00,Alugado
44536,37348,NOTEBOOK LENOVO I5 8GB SSD 256 NS PE092BNE,,,,,,,Sem Movimento
47285,37348,ESTABILIZADOR 300 VA ETERNITY,4396,EDGAR LIMA - ROTA SERRA - BATURITÉ,Alugado,57912,1,2023-06-01 08:21:50,Alugado
47519,37582,MICRO CORE I5 8GB SSD240,4029,MOREIA TECNOLOGIA - LOCACOES,Alugado,520960,1,2024-08-20 12:35:46,Alugado
139750,37582,MICRO CORE I5 8GB SSD240,10391,P M CRATO/ SECRETARIA DE SAÚDE,Alugado,520886,1,2024-08-20 08:46:50,Alugado
47526,37589,MICRO CORE I5 8GB SSD240,4029,MOREIA TECNOLOGIA - LOCACOES,Alugado,520960,1,2024-08-20 12:35:46,Alugado
139728,37589,MICRO CORE I5 8GB SSD240,3623,P M DE CRATO - FINANCAS,Alugado,520792,1,2024-08-19 14:40:33,Alugado
48142,38206,ESTABILIZADOR 300 VA ETERNITY,4029,MOREIA TECNOLOGIA - LOCACOES,Alugado,520960,1,2024-08-20 12:35:46,Alugado
139772,38206,ESTABILIZADOR 300 VA ETERNITY,10471,P M DE CRATO - SECRETARIA MUNICIPAL DE CULTURA,Substituição Alugado,520907,5,2024-08-20 10:23:38,Substituição Alugado
48143,38207,NOTEBOOK CORE I3 DATEN 4GB HD500 S/N/S,779,P. M. DE ITAPIUNA - SECRETARIA DE SAUDE,Devolução,520331,2,2024-08-08 11:58:57,Devolução
139228,38207,NOTEBOOK CORE I3 DATEN 4GB HD500 S/N/S,,,,,,,Sem Movimento
42611,38479,IMPRESSORA MULT LASER BROTHER DCP-2540DW SN U63885J0N513355,3849,P M DE QUIXADÁ / SECRETARIA MUNICIPAL DE EDUCAÇÃO,Alugado,119127,1,2022-04-22 18:11:46,Alugado
48410,38479,IMPRESSORA MULT LASER BROTHER DCP-2540DW SN U63885J0N513355,3149,P M CAMOCIM / SECRETARIA DE SAÚDE,Substituição Devolução,547103,3,2026-01-09 15:38:20,Substituição Devolução
50067,40161,IMPRESSORA JATO DE TINTA CANON G4111 NS KLWE07022,4029,MOREIA TECNOLOGIA - LOCACOES,Alugado,53935,1,2023-01-14 23:59:00,Alugado
80759,40161,IMPRESSORA JATO DE TINTA CANON G4111 NS KLWE07022,3924,P M DE AQUIRAZ/UBASF ARAÇAS - PATACAS,Substituição Devolução,501887,3,2023-04-19 11:43:24,Substituição Devolução
45429,40526,IMPRESSORA JATO DE TINTA CANON G3110 NS KMVF39998,3908,P M DE BARROQUINHA - SECRETARIA DE SAUDE,Alugado,120789,1,2022-09-28 16:42:26,Alugado
50427,40526,IMPRESSORA JATO DE TINTA CANON G3110 NS KMVF39998,2672,RAFAEL ONORIO - ROTA ZONA NORTE,Alugado,48385,1,2022-09-21 14:17:00,Alugado
45009,40532,IMP.  MULTIFUNCIONAL RICOH SP 3510 SF S/N T334Q501048,3601,MOREIA TECNOLOGIA MANUTENCAO,Alugado,120293,1,2022-08-16 15:18:41,Alugado
50433,40532,IMPRESSORA JATO DE TINTA CANON  G3110 NS KMVF39426,3560,"P.M DE BATURITE , SECRETARIA DE SAUDE",Alugado,52731,1,2023-03-01 11:58:21,Alugado
51098,41202,MICRO CORE I5 4GB HD 500,4029,MOREIA TECNOLOGIA - LOCACOES,Alugado,502658,1,2023-06-12 10:25:28,Alugado
118569,41202,MICRO CORE I5 4GB HD 500,10504,SINDICATO DAS EMPRESAS DE TRANSPORTES DE PASSAGEIROS DO ESTADO DO CEARÁ - ETUFOR,Substituição Devolução,555946,3,2026-06-25 08:38:29,Substituição Devolução
51216,41320,MICRO CORE I5 MEMORIA 4GB HD 500,4029,MOREIA TECNOLOGIA - LOCACOES,Alugado,49744,1,2022-11-28 23:00:00,Alugado
80371,41320,MICRO CORE I5 MEMORIA 8GB HD 1TB C/LEITOR DE CARTAO,10394,PM CRATO/PROCURADORIA GERAL,Alugado,500425,1,2022-12-26 18:02:44,Alugado
42610,41976,"MONITOR LED 19"" TRONOS NS T190BB623151D521NKT0857",3856,P M DE QUIXADÁ / SECRETARIA DE SAÚDE,Devolução,119039,2,2022-04-13 12:10:54,Devolução
51870,41976,"MONITOR LED 19"" TRONOS NS T190BB623151D521NKT0857",4549,ALUCOM EXCLUIDOS - SOMENTE PARA CONSULTA,Alugado,52408,1,2022-04-05 23:59:00,Alugado
52826,42939,MONITOR LED 19 TRONOS NS T190BB623151D521NKT0631,4130,P M DE ARACATI - SECRETARIA DE CIDADANIA E DESENV SOCIAL,Substituição Devolução,537691,3,2025-08-05 08:35:47,Substituição Devolução
81447,42939,MICRO CORE I5 4GB SSD 120GB NS 08223011400802002898,,,,,,,Sem Movimento
45228,43157,MICRO CORE I5 4GB HD 500,3918,P M DE REDENCAO - SECRETARIA MUNICIPAL DE EDUCACAO,Substituição Alugado,120551,5,2022-09-08 08:50:31,Substituição Alugado
53044,43157,MICRO CORE I5 4GB HD 500,4029,MOREIA TECNOLOGIA - LOCACOES,Alugado,48089,1,2022-09-05 23:00:00,Alugado
53518,43635,"MONITOR LED 19""  BLUECASE NS 314447450321056",4549,ALUCOM EXCLUIDOS - SOMENTE PARA CONSULTA,Alugado,57429,1,2023-04-12 23:00:00,Alugado
82212,43635,"MONITOR LED 19"" BLUECASE NS 314447450321056",10431,ALUCOM LTDA,Alugado,501737,1,2023-04-11 10:24:53,Alugado
53881,43999,MICRO  CORE I5 4GB HD 500 GB,4029,MOREIA TECNOLOGIA - LOCACOES,Devolução,541618,2,2025-10-08 17:39:50,Devolução
117440,43999,MICRO CORE I5 8GB HD 1TB C/LEITOR DE CARTAO,3751,MYKAEL - ROTA CARIRI - IGUATU,Alugado,508301,1,2023-10-24 17:02:35,Alugado
43647,44022,ESTABILIZADOR 500VA  BEM LIGADO,3882,"P M DE TAUA - SECRETARIA DE DESENVOVIMENTO RURAL, RECURSOS HIDRICOS, MEIO AMBIENTE E SUSTENTABILIDAD",Alugado,119727,1,2022-06-20 10:17:30,Alugado
53904,44022,ESTABILIZADOR 500VA  BEM LIGADO,4029,MOREIA TECNOLOGIA - LOCACOES,Alugado,46139,1,2022-06-15 23:00:00,Alugado
43638,44023,ESTABILIZADOR 500VA  BEM LIGADO,3892,"P M DE TAUA - SECRETARIA DO TRABALHO , DESENVOLVIMENTO ECONOMICO, TECNOLOGICO,CIENTIFICO E EMPREEDED",Alugado,119723,1,2022-06-20 09:42:11,Alugado
53905,44023,ESTABILIZADOR 500VA  BEM LIGADO,4029,MOREIA TECNOLOGIA - LOCACOES,Alugado,46139,1,2022-06-15 23:00:00,Alugado
43643,44026,ESTABILIZADOR 500VA  BEM LIGADO,3909,P M DE TAUA -SUPERINTENDENCIA DO MEIO AMBIENTE,Alugado,119726,1,2022-06-20 10:16:08,Alugado
53908,44026,ESTABILIZADOR 500VA  BEM LIGADO,4029,MOREIA TECNOLOGIA - LOCACOES,Alugado,46139,1,2022-06-15 23:00:00,Alugado
43639,44027,ESTABILIZADOR 500VA  BEM LIGADO,3892,"P M DE TAUA - SECRETARIA DO TRABALHO , DESENVOLVIMENTO ECONOMICO, TECNOLOGICO,CIENTIFICO E EMPREEDED",Alugado,119723,1,2022-06-20 09:42:11,Alugado
53909,44027,ESTABILIZADOR 500VA  BEM LIGADO,4029,MOREIA TECNOLOGIA - LOCACOES,Alugado,46139,1,2022-06-15 23:00:00,Alugado
43637,44028,ESTABILIZADOR 500VA  BEM LIGADO,3892,"P M DE TAUA - SECRETARIA DO TRABALHO , DESENVOLVIMENTO ECONOMICO, TECNOLOGICO,CIENTIFICO E EMPREEDED",Alugado,119723,1,2022-06-20 09:42:11,Alugado
53910,44028,ESTABILIZADOR 500VA  BEM LIGADO,4029,MOREIA TECNOLOGIA - LOCACOES,Alugado,46139,1,2022-06-15 23:00:00,Alugado
43644,44029,ESTABILIZADOR 500VA  BEM LIGADO,3909,P M DE TAUA -SUPERINTENDENCIA DO MEIO AMBIENTE,Alugado,119726,1,2022-06-20 10:16:08,Alugado
53911,44029,ESTABILIZADOR 500VA  BEM LIGADO,4029,MOREIA TECNOLOGIA - LOCACOES,Alugado,46139,1,2022-06-15 23:00:00,Alugado
43646,44030,ESTABILIZADOR 500VA  BEM LIGADO,3882,"P M DE TAUA - SECRETARIA DE DESENVOVIMENTO RURAL, RECURSOS HIDRICOS, MEIO AMBIENTE E SUSTENTABILIDAD",Alugado,119727,1,2022-06-20 10:17:30,Alugado
53912,44030,ESTABILIZADOR 500VA  BEM LIGADO,4029,MOREIA TECNOLOGIA - LOCACOES,Alugado,46139,1,2022-06-15 23:00:00,Alugado
53922,44040,MICRO CORE I5 4GB RAM HD 500 GB,4029,MOREIA TECNOLOGIA - LOCACOES,Alugado,52860,1,2023-03-07 08:02:12,Alugado
81284,44040,MICRO CORE I5 8GB HD 1TB C/LEITOR DE CARTAO,3809,P M DE CRATO - SECRETARIA DE ADMINISTRACAO,Alugado,501252,1,2023-03-07 18:05:27,Alugado
53934,44052,"MONITOR   LED 19"" BLUECASE  NS 314447450321297",4029,MOREIA TECNOLOGIA - LOCACOES,Alugado,53381,1,2023-03-30 23:00:00,Alugado
81671,44052,"MONITOR LED 19"" BLUECASE  NS 314447450321297",3862,P M DE BARBALHA/SECRETARIA DE PLANEJAMENTO E GESTAO,Alugado,501559,1,2023-03-29 10:42:30,Alugado
53935,44053,"MONITOR   LED 19"" BLUECASE  NS 314447450320355",4078,TONINHO-ABAIARA,Alugado,53680,1,2023-04-11 23:59:00,Alugado
82265,44053,"MONITOR LED 19"" BLUECASE  NS 314447450320355",11830,PM QUIXADA / SECRETARIA DE SAUDE 2026,Alugado,548890,1,2026-02-19 14:37:49,Alugado
53949,44067,IMPRESSORA MULT CANON LASER MF445 DW NS 2TC33623,4029,MOREIA TECNOLOGIA - LOCACOES,Alugado,51884,1,2023-01-25 12:25:23,Alugado
81145,44067,MPRESSORA MULT CANON LASER MF445 DW NS 2TC33623,4125,P M DE ARACATI - SECRETARIA DE ASSIST SOCIAL - CONSELHO TUTELAR,Substituição Alugado,552603,5,2026-04-20 16:13:42,Substituição Alugado
45608,44073,IMPRESSORA JATO DE TINTA CANON G3110 NS KMVF59452,3762,P M DE TAUÁ / SECRETARIA DE EDUCAÇÃO,Substituição Devolução,548815,3,2026-02-18 16:15:56,Substituição Devolução
53955,44073,IMPRESSORA JATO DE TINTA CANON G3110 NS KMVF59452,4029,MOREIA TECNOLOGIA - LOCACOES,Alugado,48658,1,2022-09-19 23:00:00,Alugado
53958,44076,IMPRESSORA JATO DE TINTA CANON G3110 NS KMVF59455,888,P M DE CAUCAIA - SECRETARIA DE EDUCAÇÃO,Substituição Alugado,554661,5,2026-06-01 12:34:11,Substituição Alugado
125970,44076,IMPRESSORA JATO DE TINTA CANON G3110 NS KMVF59455,11790,PM AQUIRAZ/SEC SAUDE - UBS JACUNDA-20252208.12,Substituição Devolução,554537,3,2026-05-28 08:52:08,Substituição Devolução
53981,44099,IMPRESSORA  JATO DE TINTA CANON G3110  NS KMVF66889,888,P M DE CAUCAIA - SECRETARIA DE EDUCAÇÃO,Substituição Devolução,514724,3,2024-04-05 12:25:06,Substituição Devolução
131843,44099,IMPRESSORA CANON JATO DE TINTA G 3110 NS KMVF36100,3749,P M DE CASCAVEL - SECRETARIA DA CONTROLADORIA,Substituição Alugado,514971,5,2024-04-10 12:51:49,Substituição Alugado
42601,44144,"MICRO CORE I5  4GB, HD 500GB, GRAV DVD",3854,P M DE QUIXADA/SECRETARIA DE AGRICULTURA,Devolução,119053,2,2022-04-14 13:00:47,Devolução
80123,44144,MICRO CORE I5  4GB  HD 500GB  GRAV DVD,2922,P.M DE CAUCAIA - SAÚDE - CEO 2017,Devolução,503310,2,2023-06-26 10:57:10,Devolução
42602,44152,IMPRESSORA CANON JATO DE TINTA  G3110 NS KMVF66877,3825,P M DE CASCAVEL - SECRETARIA DE ASSISTÊNCIA SOCIAL /CADASTRO UNICO,Substituição Devolução,521283,3,2024-08-29 07:49:32,Substituição Devolução
142593,44152,MULTIFUNCIONAL CANON JATO DE TINTA  G3110 NS KMVF66877,2375,SEC. DE EDUCAÇÃO DE CAUCAIA - ESCOLA MENINO JESUS EEIEF - 2014,Devolução,533669,2,2025-05-27 10:50:19,Devolução
42753,44153,IMPRESSORA JATO DE TINTA CANON G3110 NS KMVF67756,3634,P M DE AQUIRAZ / SECRETARIA DE SAUDE,Substituição Devolução,528340,3,2025-02-24 08:28:44,Substituição Devolução
80531,44153,IMPRESSORA JATO DE TINTA CANON G3110 NS KMVF67756,888,P M DE CAUCAIA - SECRETARIA DE EDUCAÇÃO,Devolução,527676,2,2025-02-14 14:47:47,Devolução
42604,44159,IMPRESSORA MULT RICOH 3710 NS 5171Z411089,3622,ALUCOM LOCACOES,Devolução,531460,2,2025-04-27 17:30:35,Devolução
54030,44159,IMPRESSORA MULT RICOH 3710 NS 5171Z411089,2368,SEC. DE EDUCAÇÃO DE CAUCAIA - ESCOLA CESAR NILDO GONDIM PAMPLONA,Alugado,533541,1,2025-05-26 12:37:13,Alugado
42605,44160,IMPRESSORA MULT RICOH 3710 NS 5171Z412428,3655,P M DE JUAZEIRO - SECRETARIA DE TRANSITO  - DEMUTRAN,Substituição Alugado,552878,5,2026-04-24 16:23:02,Substituição Alugado
54031,44160,IMPRESSORA MULT. RICOH 3710SF NS 5171Z412428,3027,P M DE CAUCAIA / AÇÃO SOCIAL - CRAS MARECHAL RONDON - JUREMA,Substituição Devolução,547574,3,2026-01-21 16:47:20,Substituição Devolução
43631,44180,THINKCENTRE CORE I3 4GB SSD 120 NS MJ11BTA,3831,P M DE CRATO - SECRETARIA DO TRABALHO E DESENVOLVIMENTO SOCIAL  - STDS,Devolução,553486,2,2026-05-08 10:06:41,Devolução
54050,44180,THINKCENTRE CORE I3 4GB SSD 120 NS MJ11BTA,4029,MOREIA TECNOLOGIA - LOCACOES,Alugado,46175,1,2022-06-17 23:00:00,Alugado
54089,44219,MICRO CORE I5 4GB HD 500,2341,SEC. DE EDUCAÇÃO DE CAUCAIA - ESCOLA  JOÃO CORDEIRO DE MIRANDA EEIEF - 2014,Substituição Devolução,555702,3,2026-06-22 11:37:12,Substituição Devolução
118545,44219,MICRO CORE I5 4GB HD 500,10386,SANDRA HELENA - REDENÇÃO,Devolução,511059,2,2023-12-26 09:03:38,Devolução
44217,44259,"MONITOR LCD 19"" BENQ S/N ETM4C03239019",3601,MOREIA TECNOLOGIA MANUTENCAO,Devolução,120050,2,2022-07-14 16:17:28,Devolução
54129,44259,"MONITOR LCD 19"" BENQ S/N ETM4C03239019",888,P M DE CAUCAIA - SECRETARIA DE EDUCAÇÃO,Devolução,46998,2,2022-07-28 18:48:00,Devolução
42698,44264,MONITOR LED 19 BRASIL PC NS 19020L17KN210302970,,,,,,,Sem Movimento
54134,44264,MONITOR LED 19 BRASIL PC NS 19020L17KN210302970,2574,P M CAMOCIM / SECRETARIA DE SAÚDE,Substituição Devolução,524474,3,2024-12-03 13:38:01,Substituição Devolução
54136,44266,MICRO CORE I5 4G HD 500,4029,MOREIA TECNOLOGIA - LOCACOES,Alugado,505594,1,2023-08-24 10:53:57,Alugado
120984,44266,"MICRO CORE I5 4G RAM, HD 500 S/N",3583,PREFEITURA MUNICIPAL DE ARACOIABA/ SEC DE SAUDE,Alugado,505595,1,2023-08-24 11:02:15,Alugado
42701,44268,IMPRESSORA JATO DE TINTA CANON G3110 NS KMVF67691,3863,INSTITUTO DE GESTAO E CIDADANIA - UPA QUIXADA,Devolução,518411,2,2024-06-19 10:50:17,Devolução
54137,44268,IMPRESSORA JATO DE TINTA CANON G3110 NS KMVF67691,3075,P.M DE CAUCAIA - SAÚDE - UBS MARIA JULIA FERREIRA,Substituição Devolução,539248,3,2025-08-28 09:30:49,Substituição Devolução
42667,44274,MONITOR LED 19  GOLDENTEC NS LMDCG042109011350,3862,P M DE BARBALHA/SECRETARIA DE PLANEJAMENTO E GESTAO,Alugado,119104,1,2022-04-20 12:18:26,Alugado
54143,44274,MONITOR LED 19  GOLDENTEC NS LMDCG042109011350,4029,MOREIA TECNOLOGIA - LOCACOES,Alugado,50594,1,2022-04-14 23:59:00,Alugado
42668,44276,MONITOR LED 19  GOLDENTEC NS LMDCG042109011348,3862,P M DE BARBALHA/SECRETARIA DE PLANEJAMENTO E GESTAO,Alugado,119104,1,2022-04-20 12:18:26,Alugado
54145,44276,MONITOR LED 19  GOLDENTEC NS LMDCG042109011348,4029,MOREIA TECNOLOGIA - LOCACOES,Alugado,50594,1,2022-04-14 23:59:00,Alugado
42670,44277,MONITOR LED 19  GOLDENTEC NS LMDCG042109010790,3862,P M DE BARBALHA/SECRETARIA DE PLANEJAMENTO E GESTAO,Alugado,119104,1,2022-04-20 12:18:26,Alugado
54146,44277,MONITOR LED 19  GOLDENTEC NS LMDCG042109010790,4029,MOREIA TECNOLOGIA - LOCACOES,Alugado,50594,1,2022-04-14 23:59:00,Alugado
42669,44281,MONITOR LED 19  GOLDENTEC NS LMDCG042109010786,3862,P M DE BARBALHA/SECRETARIA DE PLANEJAMENTO E GESTAO,Alugado,119104,1,2022-04-20 12:18:26,Alugado
54150,44281,MONITOR LED 19  GOLDENTEC NS LMDCG042109010786,4029,MOREIA TECNOLOGIA - LOCACOES,Alugado,50594,1,2022-04-14 23:59:00,Alugado
54188,44322,MONITOR LED 19 GOLDENTEC NS MDCG042109010737,4029,MOREIA TECNOLOGIA - LOCACOES,Devolução,540525,2,2025-09-18 17:02:16,Devolução
117827,44322,MONITOR LED 19 GOLDENTEC NS MDCG042109010737,3786,"P M DE ARATUBA / SECRETARIA DE DESENV. RURAL, RECURSOS HÍDRICOS E MEIO AMBIENTE",Devolução,539803,2,2025-09-05 12:46:36,Devolução
54204,44340,IMPRESSORA MULTIF LASER RICOH M320F NS 5851ZC16901,4449,ARACATI - GUILHERME,Alugado,44552,1,2022-04-13 14:12:00,Alugado
139264,44340,MULTIFUNCIONAL RICOH MONO LASER M320F NS 5851ZC10901,3880,P M DE TAUA - SECRETARIA DE ORCAMENTO E FINANCAS DO MUNICIPIO DE TAUA  - SEFIN,Substituição Alugado,520348,5,2024-08-08 17:11:17,Substituição Alugado
54217,44357,IMPRESSORA JATO DE TINTA CANON G3110 NS KMVF66881,4029,MOREIA TECNOLOGIA - LOCACOES,Alugado,522529,1,2024-10-02 17:11:24,Alugado
142917,44357,MULTIFUNCIONAL JATO DE TINTA CANON G3110 NS KMVF66881,3728,P M DE CASCAVEL - SECRETARIA DE EDUCAÇÃO/ NUCLEO DE LINGUAGEM,Substituição Alugado,522533,5,2024-10-02 17:14:54,Substituição Alugado
42639,44365,IMPRESSORA MULT. RICOH SP-377 SFNWX S/N Y938Z112851,3826,P M DE GRANJA/SECRETARIA DE SAUDE,Substituição Devolução,514058,3,2024-03-20 15:26:35,Substituição Devolução
54219,44365,IMPRESSORA MULT. RICOH SP-377 SFNWX  S/N Y938Z112851,3500,BASE CAUCAIA - ANTONIO VIEIRA - ROTA LITORAL NORTE,Devolução,57997,2,2023-06-01 17:09:44,Devolução
42632,44366,IMPRESSORA MULT. RICOH SP-377 SFNWX S/N Y938Z112086,11551,PM DE CAUCAIA/SECRETARIA DE SEGURANÇA PÚBLICA - JUNTA MILITAR,Substituição Alugado,543104,5,2025-11-05 08:16:14,Substituição Alugado
54220,44366,IMPRESSORA MULT. RICOH SP-377 SFNWX SN Y938Z112086,3837,PM DE ACOPIARA/SECRETARIA DE AGRICULTURA,Substituição Devolução,542754,3,2025-10-27 15:40:25,Substituição Devolução
42654,44383,IMPRESSORA LASER RICOH SP 3710DN NS 5161Z511304,,,,,,,Sem Movimento
54230,44383,IMPRESSORA LASER RICOH SP 3710DN NS 5161Z511304,2155,P. M. DE ARACATI - SECRETARIA DE EDUCAÇÃO,Substituição Devolução,529622,3,2025-03-19 16:49:33,Substituição Devolução
42644,44389,IMPRESSORA LASER RICOH SP 3710DN NS 5161Z510444,,,,,,,Sem Movimento
54236,44389,IMPRESSORA LASER RICOH 3710DN NS 5161Z510444,2574,P M CAMOCIM / SECRETARIA DE SAÚDE,Substituição Alugado,533818,5,2025-05-28 18:11:55,Substituição Alugado
42661,44390,IMPRESSORA LASER RICOH SP 3710DN NS 5161Z511422,,,,,,,Sem Movimento
54237,44390,IMPRESSORA LASER RICOH 3710DN NS 5161Z511422,618,P M DE CAUCAIA/ SECRETARIA DE  FINANÇAS,Substituição Devolução,514399,3,2024-03-27 15:50:58,Substituição Devolução
42704,44411,IMPRESSORA JATO DE TINTA CANON G3110 NS KMVF66892,346,P  M DE  CAUCAIA -  SAUDE SEDE,Substituição Alugado,553366,5,2026-05-06 15:13:21,Substituição Alugado
54250,44411,IMPRESSORA JATO DE TINTA CANON G3110 NS KMVF66892,3332,P. M. DE ARACATI - SECRETARIA DE SAÚDE,Substituição Devolução,551974,3,2026-04-08 16:53:33,Substituição Devolução
42699,44412,IMPRESSORA JATO DE TINTA CANON G3110 NS KMVF66886,3926,P M DE AQUIRAZ/UBASF BARRO PRETO,Substituição Devolução,523189,3,2024-10-24 10:48:35,Substituição Devolução
54251,44412,IMPRESSORA JATO DE TINTA CANON G3110 NS KMVF66886,,,,,,,Sem Movimento
42705,44414,ESTABILIZADOR 500VA BEM LIGADO,3865,INSTITUTO DE GESTAO E CIDADANIA - HOSPITAL MUNIC DR. EUDASIO BARROSO - QUIXADA,Devolução,501801,2,2023-04-14 11:58:59,Devolução
54253,44414,ESTABILIZADOR 500VA BEM LIGADO,,,,,,,Sem Movimento
42708,44417,ESTABILIZADOR 500VA BEM LIGADO,3865,INSTITUTO DE GESTAO E CIDADANIA - HOSPITAL MUNIC DR. EUDASIO BARROSO - QUIXADA,Devolução,501801,2,2023-04-14 11:58:59,Devolução
54256,44417,ESTABILIZADOR 500VA  BEM LIGADO,,,,,,,Sem Movimento
42709,44418,ESTABILIZADOR 500VA BEM LIGADO,3865,INSTITUTO DE GESTAO E CIDADANIA - HOSPITAL MUNIC DR. EUDASIO BARROSO - QUIXADA,Devolução,501801,2,2023-04-14 11:58:59,Devolução
54257,44418,ESTABILIZADOR 500VA  BEM LIGADO,,,,,,,Sem Movimento
42718,44427,ESTABILIZADOR 500VA BEM LIGADO,3864,INSTITUTO DE GESTAO E CIDADANIA - UPA BATURITE,Devolução,535817,2,2025-06-26 14:45:06,Devolução
54266,44427,ESTABILIZADOR 500VA  BEM LIGADO,3163,MOREIA TECNOLOGIA -  MANUTENÇÃO DE EQUIPAMENTOS,Alugado,50436,1,2022-12-23 15:35:00,Alugado
42724,44432,ESTABILIZADOR 500VA BEM LIGADO,3825,P M DE CASCAVEL - SECRETARIA DE ASSISTÊNCIA SOCIAL /CADASTRO UNICO,Substituição Devolução,119926,3,2022-07-07 17:43:56,Substituição Devolução
54271,44432,ESTABILIZADOR 500VA  BEM LIGADO,4029,MOREIA TECNOLOGIA - LOCACOES,Devolução,46996,2,2022-07-28 18:18:00,Devolução
42725,44433,ESTABILIZADOR 500VA BEM LIGADO,3863,INSTITUTO DE GESTAO E CIDADANIA - UPA QUIXADA,Substituição Devolução,514484,3,2024-04-01 15:31:47,Substituição Devolução
54272,44433,ESTABILIZADOR 500VA  BEM LIGADO,,,,,,,Sem Movimento
42672,44439,MONITOR LED 19 GOLDENTEC NS LMDCG042109011366,3622,ALUCOM LOCACOES,Devolução,531460,2,2025-04-27 17:30:35,Devolução
117967,44439,"MONITOR LED 19"" GOLDENTEC NS LMDCG042109011366",888,P M DE CAUCAIA - SECRETARIA DE EDUCAÇÃO,Substituição Devolução,538602,3,2025-08-19 13:17:13,Substituição Devolução
42693,44460,MONITOR LED 19 GOLDENTEC NS LMDCG042109010884,3622,ALUCOM LOCACOES,Devolução,531460,2,2025-04-27 17:30:35,Devolução
121213,44460,"MONITOR 19"" GOLDENTEC NS LMDCG042109010884",11381,ISV - HOSPITAL ABELARDO GADELHA,Devolução,548005,2,2026-01-30 10:26:34,Devolução
42750,44484,MICRO CORE I5 4GB SSD 120,3576,IZZI SOLUÇÕES EM COBRANÇAS E TELEATENDIMENTO LTDA,Substituição Devolução,502591,3,2023-06-06 15:47:52,Substituição Devolução
118690,44484,MICRO CORE I5 4GB SSD 120,3908,P M DE BARROQUINHA - SECRETARIA DE SAUDE,Alugado,554031,1,2026-05-18 16:32:08,Alugado
42751,44485,MICRO CORE I5 4GB SSD 120,3622,ALUCOM LOCACOES,Devolução,531460,2,2025-04-27 17:30:35,Devolução
54281,44485,MICRO CORE I5  4GB SSD 120,2108,P. M. DE CAUCAIA - SAÚDE - UBS FRANCISCO FERREIRA DA SILVA,Alugado,45281,1,2022-05-05 23:00:00,Alugado
42752,44486,MICRO CORE I5 4GB SSD 120,3622,ALUCOM LOCACOES,Devolução,531460,2,2025-04-27 17:30:35,Devolução
54282,44486,MICRO CORE I5 4GB SSD 120,3348,P. M. DE ARACATI - AÇÃO SOCIAL,Substituição Alugado,551966,5,2026-04-08 16:51:58,Substituição Alugado
43057,44493,ESTABILIZADOR 300 VA SIDEWAY,3865,INSTITUTO DE GESTAO E CIDADANIA - HOSPITAL MUNIC DR. EUDASIO BARROSO - QUIXADA,Devolução,501801,2,2023-04-14 11:58:59,Devolução
54289,44493,ESTABILIZADOR 300 VA SIDEWAY,,,,,,,Sem Movimento
42853,44554,"MONITOR   LED 19"" BLUECASE  NS 33644800809",3643,P M DE OCARA - SECRETARIA DE ACAO SOCIAL,Alugado,539646,1,2025-09-03 15:57:23,Alugado
54315,44554,MONITOR LED 19 BLUECASE NS 314447450321534,,,,,,,Sem Movimento
54326,44566,MICRO CORE I5  MEMORIA 4GB HD SSD 120,4029,MOREIA TECNOLOGIA - LOCACOES,Alugado,53305,1,2023-03-29 23:00:00,Alugado
81681,44566,MICRO CORE I5 4GB SSD 120,4463,P M DE FORTALEZA - SECRETARIA MUNICIPAL DA GESTAO REGIONAL - SEGER,Substituição Alugado,550105,5,2026-03-09 13:26:05,Substituição Alugado
54332,44573,NOTEBOOK CORE I5  ACER 4GB RAM  SSD 256 GB  NS NXA4LAL007127790B29501,4029,MOREIA TECNOLOGIA - LOCACOES,Devolução,536636,2,2025-07-11 14:48:30,Devolução
81642,44573,NOTEBOOK CORE I5  ACER 4GB RAM  SSD 256 GB  NS NXA4LAL007127790B29501,10700,JOSÉ MAURICIO - ROTA ZONA NORTE_GRANJA,Alugado,556136,1,2026-06-29 10:20:38,Alugado
54335,44577,IMPRESSORA CANON JATO DE TINTA NS KMYF30505,888,P M DE CAUCAIA - SECRETARIA DE EDUCAÇÃO,Substituição Alugado,555971,5,2026-06-25 17:26:15,Substituição Alugado
80511,44577,IMPRESSORA CANON JATO DE TINTA NS KMYF30505,3712,P M DE CASCAVEL - SECRETARIA DE AÇÃO SOCIAL - CRAS PLANALTO,Devolução,546777,2,2026-01-02 08:50:13,Devolução
54336,44578,IMPRESSORA CANON JATO DE TINTA G4111 NS KLWE11442,3560,"P.M DE BATURITE , SECRETARIA DE SAUDE",Devolução,545522,2,2025-12-05 08:41:03,Devolução
80864,44578,IMPRESSORA JATO DE TINTA CANON G4111 NS KLWE11442,3601,MOREIA TECNOLOGIA MANUTENCAO,Alugado,501664,1,2023-04-03 13:40:22,Alugado
42769,44581,"MONITOR LED 18,5"" AOC NS AUCK7XA022417",3622,ALUCOM LOCACOES,Devolução,531460,2,2025-04-27 17:30:35,Devolução
120785,44581,"MONITOR LED 18,5"" AOC NS AUCK7XA022417",3036,P.M DE CAUCAIA / AÇÃO SOCIAL - CREAS SEDE,Substituição Alugado,505431,5,2023-08-22 13:43:48,Substituição Alugado
42791,44586,MICRO CORE I5 4GB HD 500,3622,ALUCOM LOCACOES,Devolução,531460,2,2025-04-27 17:30:35,Devolução
83070,44586,MICRO CORE I5 4GB HD 500,2378,SEC. DE EDUCAÇÃO DE CAUCAIA - ESCOLA SÃO SEBASTIÃO EEIEF - 2014,Alugado,57321,1,2023-04-26 23:00:00,Alugado
42792,44587,MICRO CORE I5 4GB HD 500,3622,ALUCOM LOCACOES,Devolução,531460,2,2025-04-27 17:30:35,Devolução
83219,44587,MICRO CORE I5 4GB HD 500,2553,P M CAMOCIM / SECRETARIA DE EDUCAÇÃO - ADM,Alugado,57126,1,2023-04-26 15:39:18,Alugado
42793,44588,MICRO CORE I5 4GB HD 500,10385,P M BARROQUINHA/ GABINETE DO PREFEITO,Substituição Devolução,551258,3,2026-03-26 16:52:19,Substituição Devolução
83220,44588,MICRO CORE I5 4GB HD 500,3918,P M DE REDENCAO - SECRETARIA MUNICIPAL DE EDUCACAO,Substituição Alugado,554251,5,2026-05-20 16:53:55,Substituição Alugado
42801,44598,MICRO CORE I5 4GB HD 500,3622,ALUCOM LOCACOES,Devolução,531460,2,2025-04-27 17:30:35,Devolução
83221,44598,MICRO CORE I5 4GB HD 500,2571,P M DE CAMOCIM/ SECRETARIA DE PESCA AGRIC. E REC. HÍDRICOS,Substituição Devolução,552966,3,2026-04-27 16:27:21,Substituição Devolução
42802,44599,MICRO CORE I5 4GB HD 500,3622,ALUCOM LOCACOES,Devolução,531460,2,2025-04-27 17:30:35,Devolução
83222,44599,MICRO CORE I5  4GB HD 500,2411,SEC. DE EDUCAÇÃO DE CAUCAIA - ESCOLA CORALIA GONZAGA SALES EEIEF - 2014,Substituição Devolução,554563,3,2026-05-28 10:44:12,Substituição Devolução
42803,44600,MICRO CORE I5 4GB HD 500,11810,CENTRO DE EDUCAÇÃO ELITE LTDA,Devolução,551581,2,2026-04-02 07:57:36,Devolução
83072,44600,MICRO CORE I5 4GB HD 500,11938,CENTRO DE EDUCAÇÃO ELITE LTDA - CEE ARACATI,Alugado,552113,1,2026-04-10 15:25:17,Alugado
42778,44617,ESTABILIZADOR 500 VA BEM LIGADO,3624,SINDICATO DAS EMPRESAS DE TRANSPORTES DE PASSAGEIROS DO ESTADO DO CEARÁ,Devolução,502581,2,2023-06-05 08:22:45,Devolução
117968,44617,ESTABILIZADOR 500VA BEM LIGADO,,,,,,,Sem Movimento
54346,44650,MICRO CORE I5  8GB SSD 128,4090,AS SISTEMAS,Devolução,524177,2,2024-11-25 11:02:24,Devolução
137058,44650,MICRO I5 8GB SSD 120,10877,RAIMUNDA RIBEIRO DOS SANTOS,Devolução,522820,2,2024-10-14 08:34:52,Devolução
54355,44659,MICRO CORE I5 8GB SSD 128,4029,MOREIA TECNOLOGIA - LOCACOES,Devolução,544726,2,2025-11-19 16:13:22,Devolução
118696,44659,MICRO CORE I5 4GB HD 500,3594,P M DE ITAPIUNA/SECRETARIA DE SAÚDE,Devolução,531391,2,2025-04-25 08:32:43,Devolução
54359,44663,MICRO CORE I5  8GB SSD 240,4029,MOREIA TECNOLOGIA - LOCACOES,Alugado,502855,1,2023-06-14 18:04:25,Alugado
118663,44663,MICRO CORE I5 4GB SSD  240,3607,P M DE CASCAVEL / SECRETARIA DE SAÚDE,Alugado,502856,1,2023-06-14 18:05:59,Alugado
54360,44664,MICRO CORE I5  8GB SSD 240,4029,MOREIA TECNOLOGIA - LOCACOES,Alugado,503080,1,2023-06-20 09:20:54,Alugado
118717,44664,MICRO CORE I5 8GB SSD 240,3364,P.M DE CAUCAIA - SAÚDE,Alugado,555599,1,2026-06-19 10:13:00,Alugado
54376,44680,MICRO CORE I5 8GB SSD 120,4466,P M DE SAO LUIS - SECRETARIA MUNICIPAL DE SEGURANCA COM CIDADANIA - SEMUSC,Devolução,515268,2,2024-04-15 16:12:30,Devolução
132711,44680,"MICRO I5 4GB RAM, SSD 240GB",3594,P M DE ITAPIUNA/SECRETARIA DE SAÚDE,Devolução,531391,2,2025-04-25 08:32:43,Devolução
43392,44708,MONITOR LED 19 BLUECASE SN 550626001734,11869,P M ACOPIARA/ GABINETE DO PREFEITO 2026,Alugado,549763,1,2026-03-04 12:33:23,Alugado
54404,44708,MONITOR LED 19 BLUECASE SN 550626001734,3163,MOREIA TECNOLOGIA -  MANUTENÇÃO DE EQUIPAMENTOS,Devolução,46010,2,2022-06-08 12:10:00,Devolução
42832,44710,IMPRESSORA CANON JATO DE TINTA G3110 NS KNJF15650,3622,ALUCOM LOCACOES,Devolução,531460,2,2025-04-27 17:30:35,Devolução
54406,44710,IMPRESSORA JATO DE TINTA CANON G3110 NS KNJF17032,10486,P M DE BATURITE - SECRETARIA DO DESENVOLVIMENTO ECONÔMICO E SOCIAL,Alugado,45229,1,2022-05-04 09:07:00,Alugado
42833,44711,IMPRESSORA CANON JATO DE TINTA G3110 NS KNJF17032,3622,ALUCOM LOCACOES,Devolução,531460,2,2025-04-27 17:30:35,Devolução
54407,44711,IMPRESSORA JATO DE TINTA CANON G3110 NS KNJG15650,10486,P M DE BATURITE - SECRETARIA DO DESENVOLVIMENTO ECONÔMICO E SOCIAL,Alugado,45229,1,2022-05-04 09:07:00,Alugado
42843,44716,"MICRO CORE I5 3.2GHZ, MEMÓRIA 4GB, HD 500GB, GRAV DVD",2350,SEC. DE EDUCAÇÃO DE CAUCAIA - ESCOLA YARA GUERRA SILVA EEEIEF - 2014,Substituição Alugado,537003,5,2025-07-17 14:07:51,Substituição Alugado
54410,44716,"MICRO CORE I5 3.2GHZ, MEMÓRIA 4GB, HD 500GB, GRAV DVD",4029,MOREIA TECNOLOGIA - LOCACOES,Devolução,536129,2,2025-07-02 11:17:43,Devolução
42842,44753,IMPRESSORA MULT. RICOH SP-377 SFNWX S/N Y937Q910655,3856,P M DE QUIXADÁ / SECRETARIA DE SAÚDE,Devolução,530598,2,2025-04-08 16:20:23,Devolução
54429,44753,IMPRESSORA MULT. RICOH SP-377 SFNWX S/N Y937Q910655,3710,P M  DE CASCAVEL - FAZENDA / ARRECADACAO,Substituição Devolução,535948,3,2025-06-30 16:43:34,Substituição Devolução
42854,44759,"MONITOR   LED 19"" BLUECASE  NS 33644800927",3622,ALUCOM LOCACOES,Devolução,531460,2,2025-04-27 17:30:35,Devolução
82275,44759,"MONITOR   LED 19"" BLUECASE  NS 33644800927",4546,"FUNDACAO DE CIENCIA,TECNOLOGIA  E INOVACAO DE FORTALEZA - CITINOVA",Alugado,52475,1,2023-02-16 16:12:01,Alugado
42861,44766,MICRO CORE I5 4GB HD 500,3601,MOREIA TECNOLOGIA MANUTENCAO,Alugado,500826,1,2023-02-01 16:46:57,Alugado
82276,44766,MICRO CORE I5 4GB HD 500,3500,BASE CAUCAIA - ANTONIO VIEIRA - ROTA LITORAL NORTE,Alugado,52228,1,2023-02-07 18:25:36,Alugado
42901,44801,TRANSFORMADOR DE 2000 W TRANSFORMER,3622,ALUCOM LOCACOES,Devolução,531460,2,2025-04-27 17:30:35,Devolução
54436,44801,TRANSFORMADOR DE 2000 W TRANSFORMER,4400,P M DE CAUCAIA / SECRETARIA DE   SEGURANÇA PÚBLICA,Devolução,533181,2,2025-05-22 08:34:14,Devolução
42904,44804,TRANSFORMADOR DE 2000 W TRANSFORMER,3866,P M DE QUIXADA/SECRETARIA DE ADMINISTRACAO,Alugado,120243,1,2022-08-09 09:50:46,Alugado
54438,44804,TRANSFORMADOR DE 2000 W TRANSFORMER,3163,MOREIA TECNOLOGIA -  MANUTENÇÃO DE EQUIPAMENTOS,Alugado,46522,1,2022-07-05 09:47:00,Alugado
42931,44833,ESTABILIZADOR 500VA BEM LIGADO,4219,P M DE CAUCAIA SEC EDUCAÇÃO/RECURSOS HUMANOS,Substituição Devolução,533945,3,2025-05-29 16:50:25,Substituição Devolução
143684,44833,ESTABILIZADOR 500VA BEM LIGADO,10672,BASE ALUCOM - SÃO LUIS,Devolução,533943,2,2025-05-29 16:49:43,Devolução
42934,44836,ESTABILIZADOR 500VA BEM LIGADO,,,,,,,Sem Movimento
54441,44836,ESTABILIZADOR 500VA BEM LIGADO,1840,HOSP. MUNICIPAL ABELARDO GADELHA DO MUNIC DE CAUCAIA,Devolução,504061,2,2023-07-17 12:46:23,Devolução
42935,44837,ESTABILIZADOR 500VA BEM LIGADO,,,,,,,Sem Movimento
54442,44837,ESTABILIZADOR 500VA BEM LIGADO,4456,HOSPITAL ABELARDO GADELHA,Devolução,48779,2,2022-10-10 12:31:00,Devolução
42936,44838,ESTABILIZADOR 500VA BEM LIGADO,11295,MULTINTEGRADA CASCAVEL,Devolução,551736,2,2026-04-07 10:13:35,Devolução
54443,44838,ESTABILIZADOR 500VA BEM LIGADO,3819,P M DE BARBALHA / SECRETARIA DE SAÚDE,Substituição Alugado,552776,5,2026-04-24 10:37:19,Substituição Alugado
42972,44874,ESTABILIZADOR 500VA BEM LIGADO,3622,ALUCOM LOCACOES,Devolução,531460,2,2025-04-27 17:30:35,Devolução
54446,44874,ESTABILIZADOR 500VA BEM LIGADO,618,P M DE CAUCAIA/ SECRETARIA DE  FINANÇAS,Alugado,46096,1,2022-06-13 19:41:00,Alugado
42980,44882,ESTABILIZADOR 500VA BEM LIGADO,,,,,,,Sem Movimento
54450,44882,ESTABILIZADOR 500VA BEM LIGADO,1840,HOSP. MUNICIPAL ABELARDO GADELHA DO MUNIC DE CAUCAIA,Substituição Devolução,510029,3,2023-11-30 09:39:34,Substituição Devolução
42982,44884,ESTABILIZADOR 500VA BEM LIGADO,,,,,,,Sem Movimento
54452,44884,ESTABILIZADOR 500VA BEM LIGADO,4456,HOSPITAL ABELARDO GADELHA,Devolução,46992,2,2022-07-28 17:24:00,Devolução
42986,44888,ESTABILIZADOR 500VA BEM LIGADO,3869,INSTITUTO DE GESTAO E CIDADANIA - UNIDADE DE ATENÇÃO BASICA DE BATURITÉ,Devolução,535820,2,2025-06-26 15:26:39,Devolução
54456,44888,ESTABILIZADOR 500VA BEM LIGADO,3163,MOREIA TECNOLOGIA -  MANUTENÇÃO DE EQUIPAMENTOS,Alugado,47422,1,2022-08-09 16:19:00,Alugado
43001,44907,MONITOR LED 19 BLUECASE NS 336448063741150,11977,MUSEU DA BIBLIA - JUAZEIRO DO NORTE,Uso Interno,553912,8,2026-05-15 16:39:00,Uso Interno
82277,44907,"MONITOR LED 19""  BLUECASE NS 336448063741150",11977,MUSEU DA BIBLIA - JUAZEIRO DO NORTE,Devolução,553910,2,2026-05-15 16:35:25,Devolução
42998,44924,"MICRO CORE I5 3.33GHZ, MEMÓRIA 4GB, HD 500GB",10403,P M ICÓ/ SECRETARIA DE ADMINISTRAÇÃO E FINANÇAS,Substituição Devolução,552848,3,2026-04-24 15:16:57,Substituição Devolução
54466,44924,"MICRO CORE I5 3.33GHZ, MEMÓRIA 4GB, HD 500GB",4029,MOREIA TECNOLOGIA - LOCACOES,Alugado,50152,1,2022-06-01 23:00:00,Alugado
43016,44925,MICRO CORE I5 4GB HD 500,3622,ALUCOM LOCACOES,Devolução,531460,2,2025-04-27 17:30:35,Devolução
123726,44925,"MICRO I5 4GB RAM, HD 500",888,P M DE CAUCAIA - SECRETARIA DE EDUCAÇÃO,Substituição Alugado,538112,5,2025-08-11 16:23:40,Substituição Alugado
43024,44931,ESTABILIZADOR 500VA BEM LIGADO,3622,ALUCOM LOCACOES,Devolução,531460,2,2025-04-27 17:30:35,Devolução
54467,44931,ESTABILIZADOR 500VA BEM LIGADO,627, P. M. BARROQUINHA - SECRETARIA DE TURISMO,Alugado,45448,1,2022-05-11 17:33:00,Alugado
43025,44938,ESTABILIZADOR 500VA BEM LIGADO,3622,ALUCOM LOCACOES,Devolução,531460,2,2025-04-27 17:30:35,Devolução
54472,44938,ESTABILIZADOR 500VA BEM LIGADO,627, P. M. BARROQUINHA - SECRETARIA DE TURISMO,Devolução,503809,2,2023-07-11 09:04:20,Devolução
43026,44939,ESTABILIZADOR 500VA BEM LIGADO,3622,ALUCOM LOCACOES,Devolução,531460,2,2025-04-27 17:30:35,Devolução
54473,44939,ESTABILIZADOR 500VA BEM LIGADO,618,P M DE CAUCAIA/ SECRETARIA DE  FINANÇAS,Alugado,45461,1,2022-05-12 09:32:00,Alugado
43027,44940,ESTABILIZADOR 500VA BEM LIGADO,3622,ALUCOM LOCACOES,Devolução,531460,2,2025-04-27 17:30:35,Devolução
54474,44940,ESTABILIZADOR 500VA BEM LIGADO,618,P M DE CAUCAIA/ SECRETARIA DE  FINANÇAS,Alugado,45461,1,2022-05-12 09:32:00,Alugado
43028,44941,ESTABILIZADOR 500VA BEM LIGADO,3622,ALUCOM LOCACOES,Devolução,531460,2,2025-04-27 17:30:35,Devolução
54475,44941,ESTABILIZADOR 500VA BEM LIGADO,618,P M DE CAUCAIA/ SECRETARIA DE  FINANÇAS,Alugado,45461,1,2022-05-12 09:32:00,Alugado
43029,44942,MONITOR LED 19 BLUECASE NS 351447655060221,3622,ALUCOM LOCACOES,Devolução,531460,2,2025-04-27 17:30:35,Devolução
54476,44942,MONITOR LED 19 BLUECASE NS 35144765060221,627, P. M. BARROQUINHA - SECRETARIA DE TURISMO,Alugado,50620,1,2022-05-11 23:00:00,Alugado
43031,44944,MICRO CORE I5 4GB HD 500,3622,ALUCOM LOCACOES,Devolução,531460,2,2025-04-27 17:30:35,Devolução
54478,44944,MICRO CORE I5 4GB HD 500,1272,P. M. DE BARROQUINHA - SEINFRA,Alugado,45483,1,2022-05-13 23:00:00,Alugado
43032,44945,MICRO CORE I5 4GB HD 500,3622,ALUCOM LOCACOES,Devolução,531460,2,2025-04-27 17:30:35,Devolução
54479,44945,MICRO CORE I5 4GB HD 500,1272,P. M. DE BARROQUINHA - SEINFRA,Alugado,45483,1,2022-05-13 23:00:00,Alugado
43038,44948,"MONITOR LCD 19"" BRAZIL PC SN 131LXY201201403",3835,"PM ACOPIARA/SECRETARIA DE CULTURA, ESPORTE E JUVENTUDE",Substituição Devolução,503784,3,2023-07-10 16:45:56,Substituição Devolução
54481,44948,MONITOR LED 19  BRAZIL PC SN 131LXY201201403,4029,MOREIA TECNOLOGIA - LOCACOES,Devolução,504039,2,2023-07-17 11:37:46,Devolução
43039,44949,"MONITOR LCD 17"" PCTOP NS CMP0036152JUN18588MLP170",11793,BASE AQUIRAZ- MATHEUS 2025,Devolução,545494,2,2025-12-04 07:55:13,Devolução
54482,44949,"MONITOR LCD 17"" PCTOP NS CMP0036152JUN18588MLP170",4029,MOREIA TECNOLOGIA - LOCACOES,Devolução,545101,2,2025-11-28 13:46:38,Devolução
43056,44959,"MONITOR   LED 19"" BRASIL PC  NS 24L19GT21114169",3884,P M DE TAUA - AUTARQUIA MUNICIPAL DE TRANSITO - AMT,Substituição Alugado,502300,5,2023-05-16 09:30:41,Substituição Alugado
80532,44959,"MONITOR LED 19""  BRASIL PC  NS 24L19GT21114169",3163,MOREIA TECNOLOGIA -  MANUTENÇÃO DE EQUIPAMENTOS,Alugado,52418,1,2023-02-14 17:13:00,Alugado
54492,44978,IMPRESSORA MULTIFUN LASER HP M428FDW JET PRO NS BRDSQ2J04L,2581,P M CAMOCIM / SECRETARIA DE GESTÃO ADM - CONTABILIDADE,Substituição Alugado,547457,5,2026-01-19 12:11:21,Substituição Alugado
127416,44978,MULTIFUNCIONAL LASER MONO HP M428FDW JET PRO NS BRDSQ2J04L,3663,P M DE ACARAPE - SECRETARIA DE FINANCAS - SEFIN,Substituição Devolução,533603,3,2025-05-26 16:40:01,Substituição Devolução
43690,45026,NOTEBOOK CORE I5 SAMSUNG 8GB HD1TB NS QB174956198BR,2828,P M DE CAUCAIA / GABINETE DO PREFEITO,Substituição Alugado,544665,5,2025-11-19 10:50:22,Substituição Alugado
129769,45026,NOT 5 SAMSUNG 8GB SSD 240 NS QB174956198BR,10899,J SIQUEIRA DE MORAES E CIA LTDA,Devolução,532224,2,2025-05-09 11:59:14,Devolução
43695,45031,ESTABILIZADOR 300 VA FORCELINE,3622,ALUCOM LOCACOES,Devolução,531460,2,2025-04-27 17:30:35,Devolução
129039,45031,ESTABILIZADOR 300VA FORCELINE S/N,2644,P M DE CAUCAIA / IMAC,Substituição Alugado,512539,5,2024-02-06 16:31:18,Substituição Alugado
54521,45063,MONITOR LED 19 BLUECASE NS 351447655060613,4466,P M DE SAO LUIS - SECRETARIA MUNICIPAL DE SEGURANCA COM CIDADANIA - SEMUSC,Substituição Devolução,549822,3,2026-03-05 08:02:55,Substituição Devolução
126981,45063,MONITOR LED 19 BLUECASE NS 351447655060613,4045,ISGH - LEONARDO DA VINCI,Substituição Devolução,537638,3,2025-08-04 11:27:21,Substituição Devolução
54535,45077,MONITOR LED 19 BLUECASE NS 351447655060762,4466,P M DE SAO LUIS - SECRETARIA MUNICIPAL DE SEGURANCA COM CIDADANIA - SEMUSC,Devolução,48568,2,2022-09-29 09:42:00,Devolução
80831,45077,MONITOR LED 19 BLUECASE NS 351447655060762,3627,P M DE JUAZEIRO - SECRET MUNIC DESENV SOCIAL E TRABALHO - SEDEST,Alugado,500800,1,2023-01-27 13:37:31,Alugado
82279,45077,MONITOR LED 19 BLUECASE NS 351447655060762,4029,MOREIA TECNOLOGIA - LOCACOES,Alugado,51934,1,2023-01-27 23:00:00,Alugado
54538,45080,MONITOR LED 19 BLUECASE NS 351447655060764,4465,P M DE SAO LUIS -INSTITUTO DE PREVIDENCIA E ASSISTENCIA DO MUNICIPIO - IPAM,Devolução,48569,2,2022-09-29 09:47:00,Devolução
82280,45080,MONITOR LED 19 BLUECASE NS 351447655060764,4465,P M DE SAO LUIS -INSTITUTO DE PREVIDENCIA E ASSISTENCIA DO MUNICIPIO - IPAM,Devolução,48569,2,2022-09-29 09:47:00,Devolução
54595,45137,ESTABILIZADOR  500VA  BEM LIGADO,4465,P M DE SAO LUIS -INSTITUTO DE PREVIDENCIA E ASSISTENCIA DO MUNICIPIO - IPAM,Devolução,48569,2,2022-09-29 09:47:00,Devolução
82281,45137,ESTABILIZADOR  500VA  BEM LIGADO,697,GARANTIA,Devolução,503123,2,2023-06-20 15:26:36,Devolução
54601,45143,ESTABILIZADOR  500VA  BEM LIGADO,4219,P M DE CAUCAIA SEC EDUCAÇÃO/RECURSOS HUMANOS,Alugado,529696,1,2025-03-20 17:57:04,Alugado
138749,45143,ESTABILIZADOR  500VA  BEM LIGADO,,,,,,,Sem Movimento
143689,45143,ESTABILIZADOR  500VA  BEM LIGADO,10672,BASE ALUCOM - SÃO LUIS,Devolução,546812,2,2026-01-02 12:01:46,Devolução
43184,45187,IMPRESSORA MULT. RICOH SP-377 SFNWX S/N Y938Z112094,3825,P M DE CASCAVEL - SECRETARIA DE ASSISTÊNCIA SOCIAL /CADASTRO UNICO,Devolução,546762,2,2026-01-02 08:30:25,Devolução
54630,45187,IMPRESSORA MULT. RICOH SP-377 SFNWX S/N Y938Z112094,2342,SEC. DE EDUCAÇÃO DE CAUCAIA - ESCOLA JOSE NUNES DE MIRANDA EEEIEF - 2014,Substituição Alugado,549208,5,2026-02-23 11:56:26,Substituição Alugado
43200,45209,IMPRESSORA MULT. RICOH 3710SF S/N 5179Z512259,3114,P.M DE DECAUCAIA - EDUCAÇÃO ESCOLA CERCADAO,Substituição Devolução,554522,3,2026-05-28 08:43:20,Substituição Devolução
82282,45209,IMPRESSORA MULT. RICOH 3710SF S/N 5179Z512259,3332,P. M. DE ARACATI - SECRETARIA DE SAÚDE,Substituição Devolução,543037,3,2025-11-04 08:06:12,Substituição Devolução
43715,45229,ESTABILIZADOR 300 VA ETERNITY,888,P M DE CAUCAIA - SECRETARIA DE EDUCAÇÃO,Substituição Alugado,545661,5,2025-12-09 10:35:20,Substituição Alugado
127916,45229,ESTABILIZADOR 300VA ETERNITY,,,,,,,Sem Movimento
43717,45231,"MONITOR LED 15,4 BLUECASE NS 518426006463",3849,P M DE QUIXADÁ / SECRETARIA MUNICIPAL DE EDUCAÇÃO,Devolução,511702,2,2024-01-12 08:52:10,Devolução
127918,45231,"MONITOR 15"" BLUECASE NS 518426006463",,,,,,,Sem Movimento
43727,45241,"MICRO CORE I7 8GB, HD 1TB, PL VIDEO 1GB, GRAV DVD",3721,P M DE CASCAVEL - SECRETARIA DE EDUCAÇÃO,Substituição Alugado,502558,5,2023-06-01 17:32:39,Substituição Alugado
82283,45241,"MICRO CORE I7 8GB, HD 1TB, PL VIDEO 1GB, GRAV DVD",4029,MOREIA TECNOLOGIA - LOCACOES,Alugado,59130,1,2023-06-02 23:00:00,Alugado
43669,45244,"MICRO CORE I7 2.8 GHZ, 8 GB, HD 500",3622,ALUCOM LOCACOES,Devolução,531460,2,2025-04-27 17:30:35,Devolução
82284,45244,"MICRO CORE I7 2.8 GHZ, 8 GB, HD 500",522,P M DE CAUCAIA / CONTROLADORIA GERAL,Alugado,53029,1,2023-03-15 08:27:49,Alugado
45255,45252,MICRO CORE I5 4GB HD500,3622,ALUCOM LOCACOES,Devolução,531460,2,2025-04-27 17:30:35,Devolução
128205,45252,MICRO I5 4GB HD500,2108,P. M. DE CAUCAIA - SAÚDE - UBS FRANCISCO FERREIRA DA SILVA,Substituição Devolução,554952,3,2026-06-08 10:29:18,Substituição Devolução
44356,45262,IMPRESSORA CANON JATO DE TINTA NS KLPJ83401,3648,P M DE JUAZEIRO - SECRETARIA DE INFRA ESTRUTURA - SEINFRA,Devolução,515037,2,2024-04-11 12:32:36,Devolução
133034,45262,IMPRESSORA CANON JATO DE TINTA NS KLPJ83401,3064,P.M DE CAUCAIA - SAÚDE - UBS MANUEL GOMES DA SILVA - TOCO,Substituição Devolução,520702,3,2024-08-16 08:12:00,Substituição Devolução
45286,45291,TRANSFORMADOR DE 2000 W TRANSFORMER,3856,P M DE QUIXADÁ / SECRETARIA DE SAÚDE,Substituição Devolução,515341,3,2024-04-17 09:01:47,Substituição Devolução
127930,45291,"MICRO I78GB, HD 1TB, PL VIDEO 1GB, GRAV DVD",,,,,,,Sem Movimento
126876,45320,MICRO I5 4 GB RAM HD 500 GB,11830,PM QUIXADA / SECRETARIA DE SAUDE 2026,Alugado,549060,1,2026-02-20 14:46:37,Alugado
136120,45320,MICRO CORE I5 4 GB RAM HD 500 GB,3856,P M DE QUIXADÁ / SECRETARIA DE SAÚDE,Devolução,530730,2,2025-04-10 11:33:02,Devolução
43068,45322,"MONITOR  LED 19""  BRASIL PC  NS 135LH0210404926",3622,ALUCOM LOCACOES,Devolução,531460,2,2025-04-27 17:30:35,Devolução
117969,45322,"MONITOR LED 19"" BRASIL PC  NS 135LH0210404926",3560,"P.M DE BATURITE , SECRETARIA DE SAUDE",Alugado,57770,1,2023-05-24 10:56:54,Alugado
43067,45327,IMPRESSORA MULT BROTHER DCP B-7535DW NS U65526C9N410878,3622,ALUCOM LOCACOES,Devolução,531460,2,2025-04-27 17:30:35,Devolução
54634,45327,IMPRESSORA MULT BROTHER DCP B-7535DW NS U65526C9N410878,1575,P M DE CAUCAIA / SECRETARIA DE PATRIMÔNIO,Substituição Devolução,531604,3,2025-04-29 17:57:01,Substituição Devolução
45038,45352,MICRO CORE I5 8GB HD 1TB COM LEITOR DE CARTAO ,3627,P M DE JUAZEIRO - SECRET MUNIC DESENV SOCIAL E TRABALHO - SEDEST,Alugado,120330,1,2022-08-17 15:26:37,Alugado
54657,45352,MICRO CORE I5 8GB SSD 120,4029,MOREIA TECNOLOGIA - LOCACOES,Alugado,47572,1,2022-08-17 23:00:00,Alugado
54665,45360,ESTABILIZADOR  500VA  BEM LIGADO,4466,P M DE SAO LUIS - SECRETARIA MUNICIPAL DE SEGURANCA COM CIDADANIA - SEMUSC,Alugado,45682,1,2022-05-21 12:15:00,Alugado
124747,45360,ESTABILIZADOR 300VA ETERNITY,888,P M DE CAUCAIA - SECRETARIA DE EDUCAÇÃO,Substituição Alugado,509682,5,2023-11-23 08:05:04,Substituição Alugado
54678,45373,ESTABILIZADOR  500VA  BEM LIGADO,10431,ALUCOM LTDA,Alugado,508732,1,2023-10-31 15:47:33,Alugado
124928,45373,ESTABILIZADOR 500VA BEM LIGADO SN,1498,P M DE CAUCAIA / AÇÃO SOCIAL - SEDE,Substituição Alugado,542193,5,2023-10-31 15:01:28,Substituição Alugado
54679,45374,ESTABILIZADOR  500VA  BEM LIGADO,4465,P M DE SAO LUIS -INSTITUTO DE PREVIDENCIA E ASSISTENCIA DO MUNICIPIO - IPAM,Devolução,48569,2,2022-09-29 09:47:00,Devolução
82286,45374,ESTABILIZADOR  500VA  BEM LIGADO,697,GARANTIA,Devolução,503123,2,2023-06-20 15:26:36,Devolução
54684,45379,ESTABILIZADOR  500VA  BEM LIGADO,4466,P M DE SAO LUIS - SECRETARIA MUNICIPAL DE SEGURANCA COM CIDADANIA - SEMUSC,Alugado,45682,1,2022-05-21 12:15:00,Alugado
127201,45379,ESTABILIZADOR 500VA BEM LIGADO,3858,P M DE BATURITE - GABINETE DO PREFEITO,Alugado,511032,1,2023-12-22 15:22:33,Alugado
54688,45383,ESTABILIZADOR  500VA  BEM LIGADO,4466,P M DE SAO LUIS - SECRETARIA MUNICIPAL DE SEGURANCA COM CIDADANIA - SEMUSC,Alugado,45682,1,2022-05-21 12:15:00,Alugado
124933,45383,ESTABILIZADOR 300 VA ETERNITY FORCELINE,3691,P M DE MARANGUAPE - SECRETARIA DE ADMINISTRACAO E FINANCAS,Substituição Alugado,508742,5,2023-10-31 17:27:06,Substituição Alugado
54690,45385,ESTABILIZADOR  500VA  BEM LIGADO,4466,P M DE SAO LUIS - SECRETARIA MUNICIPAL DE SEGURANCA COM CIDADANIA - SEMUSC,Alugado,45682,1,2022-05-21 12:15:00,Alugado
127842,45385,ESTABILIZADOR 500VA BEM LIGADO SN,3332,P. M. DE ARACATI - SECRETARIA DE SAÚDE,Substituição Alugado,511670,5,2024-01-11 15:34:57,Substituição Alugado
54695,45390,ESTABILIZADOR  500VA  BEM LIGADO,4465,P M DE SAO LUIS -INSTITUTO DE PREVIDENCIA E ASSISTENCIA DO MUNICIPIO - IPAM,Devolução,48569,2,2022-09-29 09:47:00,Devolução
82288,45390,ESTABILIZADOR  500VA  BEM LIGADO,697,GARANTIA,Devolução,503123,2,2023-06-20 15:26:36,Devolução
54697,45392,ESTABILIZADOR  500VA  BEM LIGADO,10672,BASE ALUCOM - SÃO LUIS,Alugado,522028,1,2024-09-18 10:15:24,Alugado
124932,45392,ESTABILIZADOR 300 VA ETERNITY FORCELINE,3425,P.M DE MARANGUAPE - SECRETARIA DE ASSISTÊNCIA SOCIAL,Substituição Alugado,508749,5,2023-10-31 17:32:25,Substituição Alugado
54702,45397,ESTABILIZADOR  500VA  BEM LIGADO,4465,P M DE SAO LUIS -INSTITUTO DE PREVIDENCIA E ASSISTENCIA DO MUNICIPIO - IPAM,Devolução,48569,2,2022-09-29 09:47:00,Devolução
82290,45397,ESTABILIZADOR  500VA  BEM LIGADO,697,GARANTIA,Devolução,503123,2,2023-06-20 15:26:36,Devolução
54709,45408,MICRO CORE I5 8GB SSD 240,10431,ALUCOM LTDA,Alugado,512824,1,2024-02-23 13:42:59,Alugado
129674,45408,MICRO CORE I5 8GB SSD 240,346,P  M DE  CAUCAIA -  SAUDE SEDE,Substituição Alugado,555727,5,2026-06-22 11:46:00,Substituição Alugado
43107,45424,IMPRESSORA MULT RICOH M320F NS 5851ZB10505,3622,ALUCOM LOCACOES,Devolução,531460,2,2025-04-27 17:30:35,Devolução
54716,45424,IMPRESSORA MULTIF LASER RICOH M320  NS 5851ZB10505,2397,SEC. DE EDUCAÇÃO DE CAUCAIA - ESCOLA TIRADENTES EEIEF,Substituição Alugado,518958,5,2024-07-01 16:23:14,Substituição Alugado
43111,45428,IMPRESSORA MULT RICOH M320F NS 5852Z110559,10478,MATHEUS - ROTA INHAMUNS - TAUÁ,Devolução,515066,2,2024-04-11 15:19:42,Devolução
132008,45428,IMPRESSORA MULT RICOH M320F NS 5852Z110559,2321,SEC. DE EDUCAÇÃO DE CAUCAIA - ESCOLA AUREA ALVES  FERREIRA EEIEF,Substituição Alugado,550704,5,2026-03-18 10:57:07,Substituição Alugado
54775,45493,THINKCENTRE CORE I5 8GB SSD 180 NS MJ93LR7,4464,P M DE SAO LUIS - SECRETARIA MUNICI DE SEGURANCA C/ CIDADANIA - SEMUSC RESERVA,Alugado,500769,1,2023-01-25 13:16:46,Alugado
82291,45493,THINKCENTRE CORE I5 8GB SSD 180 NS MJ93LR7,4468,P M DE SAO LUIS - RESERVA,Alugado,45687,1,2022-05-21 14:19:00,Alugado
54791,45509,MONITOR LED 19 PC TOP NS CMP0036878JUL02532MLP190,4465,P M DE SAO LUIS -INSTITUTO DE PREVIDENCIA E ASSISTENCIA DO MUNICIPIO - IPAM,Devolução,502674,2,2023-06-12 16:55:09,Devolução
137347,45509,MONITOR LED 19 PC TOP NS CMP0036878JUL02532MLP190,10759,CONSIST / LUCIANA,Substituição Devolução,519716,3,2024-07-23 10:21:02,Substituição Devolução
43095,45529,MONITOR  LED 17  TRONOS  NS O81LXY21033891,3871,"NOVA  MAX INDUSTRIA, COMERCIO E SERVICOS GRAFICOS LTDA",Substituição Devolução,502307,3,2023-05-16 13:29:22,Substituição Devolução
54810,45529,"MONITOR LED 17"" TRONOS N/S 081LXY21033891",,,,,,,Sem Movimento
43096,45530,MONITOR  LED 17  TRONOS  NS O81LXY21032188,3871,"NOVA  MAX INDUSTRIA, COMERCIO E SERVICOS GRAFICOS LTDA",Devolução,514694,2,2024-04-04 17:56:17,Devolução
54811,45530,"MONITOR LED 17"" TRONOS N/S 081LXY21032188",,,,,,,Sem Movimento
43097,45531,MONITOR  LED 17  TRONOS  NS O81LXY21033894,3871,"NOVA  MAX INDUSTRIA, COMERCIO E SERVICOS GRAFICOS LTDA",Devolução,517818,2,2024-06-04 09:43:11,Devolução
54812,45531,"MONITOR LED 17"" TRONOS N/S 081LXY21033894",,,,,,,Sem Movimento
45420,45544,TRANSFORMADOR DE 2000 W  TRANSFORMER,11927,P M DE SAO LUIS - PROCURADOR GERAL DO MUNICIPIO/PGM 2026,Alugado,551168,1,2026-03-26 10:01:26,Alugado
54825,45544,TRANSFORMADOR DE 2000 W  TRANSFORMER,3163,MOREIA TECNOLOGIA -  MANUTENÇÃO DE EQUIPAMENTOS,Alugado,52133,1,2023-02-03 11:32:34,Alugado
81441,45544,TRANSFORMADOR 2000VA TRANSFORMER,10509,P M DE SAO LUIS - PROCURADOR GERAL DO MUNICIPIO/PGM,Devolução,551154,2,2026-03-26 08:11:37,Devolução
54831,45550,NOBREAK 700 VA  MAX  SECURITY,10431,ALUCOM LTDA,Alugado,520635,1,2024-08-14 15:16:05,Alugado
139596,45550,NOBREAK 700 VA,888,P M DE CAUCAIA - SECRETARIA DE EDUCAÇÃO,Substituição Alugado,520647,5,2024-08-14 17:35:37,Substituição Alugado
43153,45608,MICRO CORE I7 8GB SSD 256 HD 1TB,11722,PM AQUIRAZ / SECRETARIA DE FINANÇAS-20252208.08,Alugado,544016,1,2025-11-12 09:17:27,Alugado
54879,45608,MICRO CORE I7 8GB SSD 256 HD 1TB,11722,PM AQUIRAZ / SECRETARIA DE FINANÇAS-20252208.08,Alugado,544016,1,2025-11-12 09:17:27,Alugado
43154,45609,MICRO CORE I7 8GB SSD 256 HD 1TB,11722,PM AQUIRAZ / SECRETARIA DE FINANÇAS-20252208.08,Alugado,544016,1,2025-11-12 09:17:27,Alugado
54880,45609,MICRO CORE I7 8GB SSD 256 HD 1TB,11722,PM AQUIRAZ / SECRETARIA DE FINANÇAS-20252208.08,Alugado,544016,1,2025-11-12 09:17:27,Alugado
43157,45612,MICRO CORE I7 8GB SSD 256 HD 1TB,11722,PM AQUIRAZ / SECRETARIA DE FINANÇAS-20252208.08,Alugado,544016,1,2025-11-12 09:17:27,Alugado
54883,45612,MICRO CORE I7 8GB SSD 256 HD 1TB,11722,PM AQUIRAZ / SECRETARIA DE FINANÇAS-20252208.08,Alugado,544016,1,2025-11-12 09:17:27,Alugado
43950,45613,MICRO CORE I5 4GB HD 500,3918,P M DE REDENCAO - SECRETARIA MUNICIPAL DE EDUCACAO,Alugado,119874,1,2022-06-30 17:58:03,Alugado
54884,45613,MONITOR LED 19  BLUECASE  NS 31444745032136,2274,P M DE CAUCAIA / SEPLAN,Alugado,50676,1,2022-05-25 23:00:00,Alugado
43148,45614,MICRO CORE I3 4GB HD 320,11722,PM AQUIRAZ / SECRETARIA DE FINANÇAS-20252208.08,Alugado,544016,1,2025-11-12 09:17:27,Alugado
54885,45614,MICRO CORE I3 4GB HD 320,4029,MOREIA TECNOLOGIA - LOCACOES,Devolução,543993,2,2025-11-12 09:03:31,Devolução
43146,45616,MICRO CORE I5 8GB SSDD 256 HD 1TB,11722,PM AQUIRAZ / SECRETARIA DE FINANÇAS-20252208.08,Alugado,544016,1,2025-11-12 09:17:27,Alugado
54887,45616,MICRO CORE I5 8GB SSD 256 HD 1TB,4029,MOREIA TECNOLOGIA - LOCACOES,Devolução,543992,2,2025-11-12 08:59:51,Devolução
43147,45617,MICRO CORE I5 8GB SSD 256 HD 1TB,3673,P M AQUIRAZ / SECRETARIA DE TURISMO,Alugado,119519,1,2022-05-30 14:23:11,Alugado
54888,45617,MICRO CORE I5 8GB SSD 256 HD 1TB,4029,MOREIA TECNOLOGIA - LOCACOES,Alugado,45834,1,2022-05-30 23:00:00,Alugado
43128,45618,"MICRO CORE I7 8GB, HD 1TB, PL VIDEO 512MB",4090,AS SISTEMAS,Devolução,524713,2,2024-12-12 09:24:49,Devolução
79985,45618,MICRO CORE I7 8GB HD 1TB PL VIDEO 512MB,3163,MOREIA TECNOLOGIA -  MANUTENÇÃO DE EQUIPAMENTOS,Devolução,49392,2,2022-11-14 17:35:00,Devolução
43138,45639,NOTEBOOK CORE I5 ASUS 8GB SSD 256 NS N2N0B600374305C,4366,P M DE CAUCAIA/SECRETARIA DE EDUCAÇÃO- ATA REG DE  PREÇOS 2021.09.02.01- NOTEBOOK,Substituição Alugado,531142,5,2025-04-17 09:11:50,Substituição Alugado
127155,45639,NOTEBOOK CORE I5 ASUS 8GB SSD 256 NS N2N0B600374305C,4366,P M DE CAUCAIA/SECRETARIA DE EDUCAÇÃO- ATA REG DE  PREÇOS 2021.09.02.01- NOTEBOOK,Substituição Devolução,523274,3,2024-10-28 10:53:04,Substituição Devolução
43142,45643,"MONITOR  LED 19""  BRASIL PC  NS 24L19GT21115307",3622,ALUCOM LOCACOES,Devolução,531460,2,2025-04-27 17:30:35,Devolução
54903,45643,MONITOR LED 19 BRASIL PC  NS 24L19GT21115307,4441,SECRETARIA DE SAUDE CAUCAIA - TI,Substituição Devolução,518972,3,2024-07-01 16:35:12,Substituição Devolução
54912,45657,IMPRESSORA JATO DE TINTA CANON G3110  NS KNJF17062,4029,MOREIA TECNOLOGIA - LOCACOES,Devolução,526870,2,2025-02-05 13:56:55,Devolução
129653,45657,IMPRESSORA JATO DE TINTA CANON G3110 NS KNJF17062,10583,P M INDEPENDENCIA/ SECRETARIA DE EDUCAÇÃO,Substituição Devolução,516172,3,2024-05-02 16:25:46,Substituição Devolução
43201,45678,NOTEBOOK CORE I3 ASUS 4GB SSD 256 NS 1N10B600757401D,3897,P M DE REDENCAO  - GABINETE,Alugado,119544,1,2022-05-31 16:50:03,Alugado
54926,45678,NOTEBOOK CORE I3 ASUS 4GB SSD 256 NS 1N10B600757401D,4029,MOREIA TECNOLOGIA - LOCACOES,Alugado,45870,1,2022-05-31 23:00:00,Alugado
43211,45680,SWITCH  24 PORTAS GERENCIAVEL SG 2404 MR L2 NS DRMK04011692H,10480,P M DE CRATO - SECRETARIA MUNICIPAL DE EDUCACAO,Alugado,514209,1,2024-03-22 08:41:03,Alugado
124542,45680,SWITCH  24 PORTAS GERENCIAVEL SG 2404 MR L2 NS DRMK04011692H,4029,MOREIA TECNOLOGIA - LOCACOES,Alugado,514202,1,2024-03-22 08:34:24,Alugado
43220,45703,WEB CAM 1080P  WB-100  C3 TECH  NS 0B2112520700701291,3895,COMPANHIA DE PARTICIPACAO E GESTAO DE ATIVOS DO CEARA - CEARAPAR,Alugado,119549,1,2022-06-01 14:33:24,Alugado
54929,45703,WEB CAM 1080P  WB-100  C3 TECH  NS 0B2112520700701291,4029,MOREIA TECNOLOGIA - LOCACOES,Alugado,45901,1,2022-06-01 14:43:00,Alugado
43282,45743,IMPRESSORA LASER RICOH SP 5210DN S/N S8121500340,3622,ALUCOM LOCACOES,Devolução,531460,2,2025-04-27 17:30:35,Devolução
54933,45743,IMPRESSORA LASER RICOH SP 5210DN S/N S8121500340,4562,FRANCINE ROSA,Devolução,541027,2,2025-09-29 08:54:43,Devolução
43280,45745,IMPRESSORA MULT. RICOH 3710SF S/N 5179Z511815,3622,ALUCOM LOCACOES,Devolução,531460,2,2025-04-27 17:30:35,Devolução
118769,45745,IMPRESSORA MULT. RICOH 3710SF S/N 5179Z511815,3826,P M DE GRANJA/SECRETARIA DE SAUDE,Substituição Alugado,545920,5,2025-12-15 14:27:43,Substituição Alugado
43304,45763,MICRO CORE I5 4GB SSD 120,888,P M DE CAUCAIA - SECRETARIA DE EDUCAÇÃO,Substituição Alugado,536100,5,2025-07-02 09:57:21,Substituição Alugado
54945,45763,MICRO CORE I5 4GB SSD 120,11381,ISV - HOSPITAL ABELARDO GADELHA,Substituição Devolução,533424,3,2025-05-23 10:50:02,Substituição Devolução
54954,45773,MONITOR LED 19 BLUECASE   NS 337448063740259,4029,MOREIA TECNOLOGIA - LOCACOES,Alugado,511594,1,2024-01-11 10:45:45,Alugado
127825,45773,"MONITOR 19"" BLUECASE NS 337448063740259",3883,"P M DE TAUA - SECRETARIA DE PROTECAO SOCIAL, CIDADANIA E DIREITOS HUMANOS",Substituição Alugado,511596,5,2024-01-11 10:48:09,Substituição Alugado
54956,45775,MONITOR LED 19 BLUECASE   NS 337448063740436,4029,MOREIA TECNOLOGIA - LOCACOES,Alugado,57419,1,2023-05-09 23:00:00,Alugado
117462,45775,MONITOR LED 19 BLUECASE   NS 337448063740436,10471,P M DE CRATO - SECRETARIA MUNICIPAL DE CULTURA,Alugado,502156,1,2023-05-08 10:41:29,Alugado
43311,45779,"MONITOR LED 19"" BLUECASE NS 345448063740712",3880,P M DE TAUA - SECRETARIA DE ORCAMENTO E FINANCAS DO MUNICIPIO DE TAUA  - SEFIN,Alugado,119625,1,2022-06-07 19:52:41,Alugado
54960,45779,MONITOR LED 19 BLUECASE NS 345448063740712,4029,MOREIA TECNOLOGIA - LOCACOES,Alugado,50682,1,2022-06-06 23:59:00,Alugado
43312,45780,MONITOR LED 19 BLUECASE NS 345448063740050,3892,"P M DE TAUA - SECRETARIA DO TRABALHO , DESENVOLVIMENTO ECONOMICO, TECNOLOGICO,CIENTIFICO E EMPREEDED",Alugado,119626,1,2022-06-07 19:54:13,Alugado
54961,45780,MONITOR LED 19 BLUECASE NS 345448063740050,4029,MOREIA TECNOLOGIA - LOCACOES,Alugado,50682,1,2022-06-06 23:59:00,Alugado
43313,45781,MONITOR LED 19 BLUECASE NS 345448063741122,3883,"P M DE TAUA - SECRETARIA DE PROTECAO SOCIAL, CIDADANIA E DIREITOS HUMANOS",Substituição Devolução,539721,3,2025-09-04 09:59:20,Substituição Devolução
54962,45781,MONITOR LED 19 BLUECASE NS 345448063741122,4029,MOREIA TECNOLOGIA - LOCACOES,Alugado,50682,1,2022-06-06 23:59:00,Alugado
43314,45782,MONITOR LED 19 BLUECASE NS 345448063741125,3831,P M DE CRATO - SECRETARIA DO TRABALHO E DESENVOLVIMENTO SOCIAL  - STDS,Alugado,119614,1,2022-06-07 19:00:16,Alugado
54963,45782,MONITOR LED 19 BLUECASE NS 345448063741125,4029,MOREIA TECNOLOGIA - LOCACOES,Alugado,50682,1,2022-06-06 23:59:00,Alugado
43315,45783,MONITOR LED 19 BLUECASE NS 345448063740781,3762,P M DE TAUÁ / SECRETARIA DE EDUCAÇÃO,Alugado,500933,1,2023-02-10 09:39:36,Alugado
54964,45783,MONITOR LED 19 BLUECASE NS 345448063740781,4029,MOREIA TECNOLOGIA - LOCACOES,Alugado,52254,1,2023-02-08 23:00:00,Alugado
43316,45784,MONITOR LED 19 BLUECASE NS 345448063740288,3883,"P M DE TAUA - SECRETARIA DE PROTECAO SOCIAL, CIDADANIA E DIREITOS HUMANOS",Alugado,119630,1,2022-06-07 20:00:31,Alugado
54965,45784,MONITOR LED 19 BLUECASE NS 345448063740288,4029,MOREIA TECNOLOGIA - LOCACOES,Alugado,50682,1,2022-06-06 23:59:00,Alugado
43318,45786,MONITOR LED 19 BLUECASE NS 345448063740286,3891,P M DE TAUA - PROCURADORIA GERAL,Substituição Devolução,530846,3,2025-04-12 11:07:14,Substituição Devolução
54967,45786,MONITOR LED 19 BLUECASE NS 345448063740286,4029,MOREIA TECNOLOGIA - LOCACOES,Alugado,50682,1,2022-06-06 23:59:00,Alugado
43319,45787,MONITOR LED 19 BLUECASE NS 345448063740223,3887,P M DE TAUA - GABINETE DO PREFEITO,Alugado,119628,1,2022-06-07 19:55:42,Alugado
54968,45787,MONITOR LED 19 BLUECASE NS 345448063740223,4029,MOREIA TECNOLOGIA - LOCACOES,Alugado,50682,1,2022-06-06 23:59:00,Alugado
43321,45789,MONITOR LED 19 BLUECASE NS 345448063740287,3887,P M DE TAUA - GABINETE DO PREFEITO,Alugado,119628,1,2022-06-07 19:55:42,Alugado
54970,45789,MONITOR LED 19 BLUECASE NS 345448063740287,4029,MOREIA TECNOLOGIA - LOCACOES,Alugado,50682,1,2022-06-06 23:59:00,Alugado
43322,45790,MONITOR LED 19 BLUECASE NS 345448063740441,3883,"P M DE TAUA - SECRETARIA DE PROTECAO SOCIAL, CIDADANIA E DIREITOS HUMANOS",Substituição Devolução,525010,3,2024-12-23 08:13:39,Substituição Devolução
54971,45790,MONITOR LED 19 BLUECASE NS 345448063740441,4029,MOREIA TECNOLOGIA - LOCACOES,Alugado,50682,1,2022-06-06 23:59:00,Alugado
43323,45791,MONITOR LED 19 BLUECASE NS 345448063740256,3885,"P M DE TAUA - CONTROLADORIA, TRANSPARENCIA E INTEGRIDADE PUBLICA",Alugado,119629,1,2022-06-07 19:56:10,Alugado
54972,45791,MONITOR LED 19 BLUECASE NS 345448063740256,4029,MOREIA TECNOLOGIA - LOCACOES,Alugado,50682,1,2022-06-06 23:59:00,Alugado
43324,45792,MONITOR LED 19 BLUECASE NS 345448063740568,3880,P M DE TAUA - SECRETARIA DE ORCAMENTO E FINANCAS DO MUNICIPIO DE TAUA  - SEFIN,Substituição Devolução,523117,3,2024-10-22 12:51:22,Substituição Devolução
54973,45792,MONITOR LED 19 BLUECASE NS 345448063740568,4029,MOREIA TECNOLOGIA - LOCACOES,Devolução,524292,2,2024-11-27 09:33:03,Devolução
43325,45793,"MONITOR LED 19"" BLUECASE NS 345448063740569",11964,CENTRO DE EDUCAÇÃO ELITE LTDA - CEE JUAZEIRO DO NORTE,Alugado,552865,1,2026-04-24 15:25:33,Alugado
54974,45793,MONITOR LED 19 BLUECASE NS 345448063740569,4029,MOREIA TECNOLOGIA - LOCACOES,Alugado,50682,1,2022-06-06 23:59:00,Alugado
43327,45795,MONITOR LED 19 BLUECASE NS 345448063740570,3754,P M DE CASCAVEL - SECRETARIA DE SAUDE/ ATENÇÃO PRIMARIA,Devolução,552354,2,2026-04-15 09:52:31,Devolução
54976,45795,MONITOR LED 19 BLUECASE NS 345448063740570,4029,MOREIA TECNOLOGIA - LOCACOES,Alugado,50682,1,2022-06-06 23:59:00,Alugado
43328,45796,MONITOR LED 19 BLUECASE NS 345448063740458,3880,P M DE TAUA - SECRETARIA DE ORCAMENTO E FINANCAS DO MUNICIPIO DE TAUA  - SEFIN,Alugado,119625,1,2022-06-07 19:52:41,Alugado
54977,45796,MONITOR LED 19 BLUECASE NS 345448063740458,4029,MOREIA TECNOLOGIA - LOCACOES,Alugado,50682,1,2022-06-06 23:59:00,Alugado
43330,45798,MONITOR LED 19 BLUECASE NS 345448063741166,3880,P M DE TAUA - SECRETARIA DE ORCAMENTO E FINANCAS DO MUNICIPIO DE TAUA  - SEFIN,Alugado,119625,1,2022-06-07 19:52:41,Alugado
54979,45798,MONITOR LED 19  BLUECASE NS 345448063741166,4029,MOREIA TECNOLOGIA - LOCACOES,Alugado,50682,1,2022-06-06 23:59:00,Alugado
43331,45799,MONITOR LED 19 BLUECASE NS 345448063741168,3880,P M DE TAUA - SECRETARIA DE ORCAMENTO E FINANCAS DO MUNICIPIO DE TAUA  - SEFIN,Alugado,119625,1,2022-06-07 19:52:41,Alugado
54980,45799,MONITOR LED 19  BLUECASE NS 345448063741168,4029,MOREIA TECNOLOGIA - LOCACOES,Alugado,50682,1,2022-06-06 23:59:00,Alugado
43332,45800,MONITOR LED 19  BLUECASE NS 345448063740504,3892,"P M DE TAUA - SECRETARIA DO TRABALHO , DESENVOLVIMENTO ECONOMICO, TECNOLOGICO,CIENTIFICO E EMPREEDED",Substituição Devolução,555516,3,2026-06-17 15:04:41,Substituição Devolução
54981,45800,MONITOR LED 19  BLUECASE NS 345448063740504,4029,MOREIA TECNOLOGIA - LOCACOES,Alugado,50682,1,2022-06-06 23:59:00,Alugado
43333,45801,SCANNER DE MESA CANON DR C240 NS HD351231,3798,P M DE BARBALHA / SECRETARIA DE EDUCAÇÃO,Substituição Devolução,548502,3,2026-02-10 11:03:36,Substituição Devolução
54982,45801,SCANNER DE MESA CANON DR C240 NS HD351231,4029,MOREIA TECNOLOGIA - LOCACOES,Alugado,45967,1,2022-06-06 23:00:00,Alugado
43334,45802,MICRO CORE I3 4GB HD 500,3831,P M DE CRATO - SECRETARIA DO TRABALHO E DESENVOLVIMENTO SOCIAL  - STDS,Alugado,119614,1,2022-06-07 19:00:16,Alugado
54983,45802,MICRO CORE I3 4GB HD 500,4029,MOREIA TECNOLOGIA - LOCACOES,Alugado,45967,1,2022-06-06 23:00:00,Alugado
43999,45807,ESTABILIZADOR 300 VA SOL NG3 S/N 5683390222,3866,P M DE QUIXADA/SECRETARIA DE ADMINISTRACAO,Substituição Alugado,119890,5,2022-07-01 16:35:02,Substituição Alugado
54987,45807,ESTABILIZADOR 300 VA SOL NG3 S/N 5683390222,4029,MOREIA TECNOLOGIA - LOCACOES,Alugado,46480,1,2022-07-01 23:00:00,Alugado
54997,45817,MONITOR LED 19 BLUECASE NS 345448063741167,4029,MOREIA TECNOLOGIA - LOCACOES,Devolução,545515,2,2025-12-05 08:22:11,Devolução
82203,45817,MONITOR LED 19 BLUECASE NS 345448063741167,3869,INSTITUTO DE GESTAO E CIDADANIA - UNIDADE DE ATENÇÃO BASICA DE BATURITÉ,Devolução,535824,2,2025-06-26 16:25:25,Devolução
54998,45818,MONITOR LED 19 BLUECASE NS 345448063740704,3163,MOREIA TECNOLOGIA -  MANUTENÇÃO DE EQUIPAMENTOS,Devolução,507794,2,2023-10-17 12:41:16,Devolução
128036,45818,"MONITOR LED 19"" BLUECASE NS 345448063740704",4544,P M DE SAO LUIS  - SECRETARIA MUNIC DA CRIANCA E ASSIST SOCIAL  - SEMCAS RESERVA,Devolução,513391,2,2024-03-06 13:14:39,Devolução
55003,45823,MONITOR LED 19 BLUECASE NS 345448063740771,4029,MOREIA TECNOLOGIA - LOCACOES,Alugado,51934,1,2023-01-27 23:00:00,Alugado
80829,45823,MONITOR LED 19 BLUECASE NS 345448063740771,3627,P M DE JUAZEIRO - SECRET MUNIC DESENV SOCIAL E TRABALHO - SEDEST,Alugado,500800,1,2023-01-27 13:37:31,Alugado
55007,45827,MONITOR LED 19  BLUECASE NS 345448063740708,4029,MOREIA TECNOLOGIA - LOCACOES,Alugado,52569,1,2022-09-19 23:59:00,Alugado
81130,45827,MONITOR LED 19  BLUECASE NS 345448063740708,3623,P M DE CRATO - FINANCAS,Alugado,501119,1,2023-02-23 16:50:31,Alugado
55020,45840,MONITOR LED 19 BLUECASE NS 345448063740280,3892,"P M DE TAUA - SECRETARIA DO TRABALHO , DESENVOLVIMENTO ECONOMICO, TECNOLOGICO,CIENTIFICO E EMPREEDED",Substituição Alugado,555517,5,2026-06-17 15:04:41,Substituição Alugado
136910,45840,MONITOR LED 19 BLUECASE NS 345448063740280,10876,JOAQUIM  - JUAZEIRO,Devolução,524195,2,2024-11-25 15:20:35,Devolução
43341,45847,"MONITOR LED 19"" BLUECASE NS 345448063740440",3883,"P M DE TAUA - SECRETARIA DE PROTECAO SOCIAL, CIDADANIA E DIREITOS HUMANOS",Substituição Devolução,120856,3,2022-10-04 17:41:09,Substituição Devolução
82292,45847,"MONITOR LED 19"" BLUECASE NS 337448063740440",1840,HOSP. MUNICIPAL ABELARDO GADELHA DO MUNIC DE CAUCAIA,Substituição Devolução,527386,3,2025-02-11 12:13:01,Substituição Devolução
43351,45881,"MONITOR LED 19"" BLUECASE NS 345448063740793",3622,ALUCOM LOCACOES,Devolução,531460,2,2025-04-27 17:30:35,Devolução
130057,45881,"MONITOR LED 19"" BLUECASE NS 345448063740793",3397,P.M DE MARANGUAPE - ADMINISTRAÇÃO E  FINANÇAAS,Substituição Alugado,513257,5,2024-03-05 08:18:36,Substituição Alugado
43354,45884,"MONITOR LED 19"" BLUECASE NS 345448063740663",3622,ALUCOM LOCACOES,Devolução,531460,2,2025-04-27 17:30:35,Devolução
118715,45884,"MONITOR LED 19"" BLUECASE NS 345448063740663",3468,P.M DE MARANGUAPE - GABINETE,Substituição Alugado,503066,5,2023-06-19 16:57:35,Substituição Alugado
43356,45886,MONITOR LED 19,3622,ALUCOM LOCACOES,Devolução,531460,2,2025-04-27 17:30:35,Devolução
55052,45886,MONITOR LED 19 BLUECASE NS 345448063740665,2579,P M DE CAMOCIM / SECRETARIA DE TURISMO,Devolução,541026,2,2025-09-29 08:51:32,Devolução
55061,45906,LEITOR BIOMÉTRICO  DIGITAL PERSONA U4500 NS J820E08854,2973,P. M. DO CRATO - SEC. DE ADMINISTRAÇÃO,Devolução,506664,2,2023-09-21 10:05:52,Devolução
135229,45906,LEITOR BIOMÉTRICO DIGITAL PERSONA U4500 NS J820E08854,,,,,,,Sem Movimento
43372,45917,NOTEBOOK CORE I5 ASUS 8GB SSD 256 NS MAN0B601712741D,3622,ALUCOM LOCACOES,Devolução,531460,2,2025-04-27 17:30:35,Devolução
55066,45917,NOTEBOOK CORE I5 ASUS 8GB SSD 256 NS MAN0B601712741D,3001,P.M DE CRATO - SECRETARIA DO MEIO AMBIENTE,Alugado,45996,1,2022-06-07 19:04:00,Alugado
43395,45956,"MICRO CORE I5 3,1 GHZ MEMORIA 4 GB HD 500 GB",3622,ALUCOM LOCACOES,Devolução,531460,2,2025-04-27 17:30:35,Devolução
117971,45956,MICRO CORE I5 4GB HD 500,888,P M DE CAUCAIA - SECRETARIA DE EDUCAÇÃO,Devolução,545672,2,2025-12-09 16:05:37,Devolução
43672,45958,TRANSFORMADOR DE 2000 W TRANSFORMER,3770,INSTITUTO DE GESTÃO E CIDADANIA - UNIDADE FORTALEZA/ESCRITORIO,Devolução,524789,2,2024-12-16 12:08:21,Devolução
55089,45958,TRANSFORMADOR DE 2000 W TRANSFORMER,4029,MOREIA TECNOLOGIA - LOCACOES,Devolução,532425,2,2025-05-13 10:14:36,Devolução
55091,45960,MICRO CORE I5 8GB SSD 120,3500,BASE CAUCAIA - ANTONIO VIEIRA - ROTA LITORAL NORTE,Devolução,523734,2,2024-11-06 14:32:43,Devolução
118667,45960,MICRO CORE I5 4GB HD 500120,10672,BASE ALUCOM - SÃO LUIS,Devolução,528571,2,2025-02-27 10:51:27,Devolução
43397,45961,ESTABILIZADOR 500 VA BEM LIGADO,,,,,,,Sem Movimento
55092,45961,ESTABILIZADOR 500VA  BEM  LIGADO,3163,MOREIA TECNOLOGIA -  MANUTENÇÃO DE EQUIPAMENTOS,Devolução,48003,2,2022-09-05 10:51:00,Devolução
43393,45966,"MICRO CORE I5 3,1 GHZ MEMORIA 4 GB HD 500 GB",,,,,,,Sem Movimento
55097,45966,ESTABILIZADOR 500VA  BEM  LIGADO,618,P M DE CAUCAIA/ SECRETARIA DE  FINANÇAS,Alugado,46096,1,2022-06-13 19:41:00,Alugado
43402,45967,ESTABILIZADOR 500 VA BEM LIGADO,,,,,,,Sem Movimento
55098,45967,ESTABILIZADOR 500VA  BEM  LIGADO,3500,BASE CAUCAIA - ANTONIO VIEIRA - ROTA LITORAL NORTE,Devolução,510352,2,2023-12-08 09:49:04,Devolução
43452,45976,"MICRO CORE I5, 4GB, HD 500",,,,,,,Sem Movimento
55107,45976,MICRO CORE I5 4GB HD 500,4090,AS SISTEMAS,Devolução,524430,2,2024-12-02 10:30:43,Devolução
43476,45998,"MICRO CORE I5, 4GB, HD 500",3594,P M DE ITAPIUNA/SECRETARIA DE SAÚDE,Devolução,531393,2,2025-04-25 08:47:34,Devolução
55129,45998,MICRO CORE I5 4GB HD 500,3500,BASE CAUCAIA - ANTONIO VIEIRA - ROTA LITORAL NORTE,Devolução,518767,2,2024-06-25 12:19:23,Devolução
43479,46001,"MICRO I5, 8GB RAM, HD 1TB, PLACA DE VIDEO 1GB, LEITOR DE CARTAO",3887,P M DE TAUA - GABINETE DO PREFEITO,Alugado,505625,1,2023-08-24 17:43:19,Alugado
55132,46001,MICRO CORE I5 4GB HD 500,4481,P M DE TAUA - GABINETE,Alugado,505624,1,2023-08-24 17:28:47,Alugado
43482,46006,"MICRO CORE I5, 4GB, HD 500",3622,ALUCOM LOCACOES,Devolução,531460,2,2025-04-27 17:30:35,Devolução
55137,46006,MICRO CORE I5 4GB HD 500,3032,P M DE CAUCAIA / AÇÃO SOCIAL - CRAS SEDE,Substituição Alugado,504287,5,2023-07-24 10:06:21,Substituição Alugado
55141,46010,MICRO CORE I5 4GB HD 500,4029,MOREIA TECNOLOGIA - LOCACOES,Alugado,57342,1,2023-05-05 23:00:00,Alugado
83345,46010,MICRO CORE I5 4GB HD 500 C/PLACA SERIAL,3624,SINDICATO DAS EMPRESAS DE TRANSPORTES DE PASSAGEIROS DO ESTADO DO CEARÁ,Alugado,502127,1,2023-05-04 15:38:36,Alugado
43488,46011,MICRO CORE I5 8GB HD 1TB C/LEITOR DE CARTAO ,3627,P M DE JUAZEIRO - SECRET MUNIC DESENV SOCIAL E TRABALHO - SEDEST,Substituição Alugado,501189,5,2023-03-01 14:47:30,Substituição Alugado
55142,46011,MICRO CORE I5 4GB HD 500,3163,MOREIA TECNOLOGIA -  MANUTENÇÃO DE EQUIPAMENTOS,Devolução,52637,2,2023-02-27 10:45:10,Devolução
43494,46018,"MICRO CORE I5, 4GB, HD 500",3062,P.M DE CAUCAIA - SAÚDE - UBS RITA DE CASSIA OLIVEIRA,Substituição Alugado,530371,5,2025-04-04 16:08:06,Substituição Alugado
55149,46018,MICRO CORE I5 4GB HD 500,3062,P.M DE CAUCAIA - SAÚDE - UBS RITA DE CASSIA OLIVEIRA,Devolução,530369,2,2025-04-04 16:05:17,Devolução
55165,46042,MONITOR LED 19  BLUECASE NS 337448063740120,3500,BASE CAUCAIA - ANTONIO VIEIRA - ROTA LITORAL NORTE,Devolução,513434,2,2024-03-07 08:55:27,Devolução
131769,46042,"MONITOR 19"" BLUECASE NS 337448063740120",3721,P M DE CASCAVEL - SECRETARIA DE EDUCAÇÃO,Substituição Alugado,514963,5,2024-04-10 12:46:29,Substituição Alugado
55176,46053,MONITOR LED 19  BLUECASE NS 337448063740624,3332,P. M. DE ARACATI - SECRETARIA DE SAÚDE,Devolução,526973,2,2025-02-06 10:30:27,Devolução
127352,46053,"MONITOR LED 19"" BLUECASE NS 337448063740624",3762,P M DE TAUÁ / SECRETARIA DE EDUCAÇÃO,Substituição Devolução,523111,3,2024-10-22 12:49:56,Substituição Devolução
55198,46075,MONITOR LED 19 19 BLUECASE NS 345448063740373,4029,MOREIA TECNOLOGIA - LOCACOES,Alugado,57419,1,2023-05-09 23:00:00,Alugado
117463,46075,MONITOR LED 19 BLUECASE NS 345448063740373,3798,P M DE BARBALHA / SECRETARIA DE EDUCAÇÃO,Substituição Alugado,520954,5,2024-08-20 11:29:42,Substituição Alugado
44271,46076,MICRO CORE I5 MEMORIA 4GB SSD 120,3983,P M DE BARROQUINHA - ADMINISTRAÇÃO E FINANÇAS,Substituição Devolução,534595,3,2025-06-09 08:46:47,Substituição Devolução
55199,46076,MONITOR LED 19 BLUECASE NS 337448063740134,10425,P M ICÓ/ SUPERITENDÊNCIA MUNICIPAL DE DEFESA DO MEIO AMBIENTE / SUDEMA,Substituição Devolução,552152,3,2026-04-13 16:01:59,Substituição Devolução
55217,46094,MONITOR LED 19 BLUECASE NS 337448063740108,4029,MOREIA TECNOLOGIA - LOCACOES,Alugado,505272,1,2023-08-17 15:35:51,Alugado
120670,46094,MONITOR LED 19 BLUECASE NS 337448063740108,3880,P M DE TAUA - SECRETARIA DE ORCAMENTO E FINANCAS DO MUNICIPIO DE TAUA  - SEFIN,Substituição Alugado,505274,5,2023-08-17 15:36:25,Substituição Alugado
55220,46097,MONITOR LED 19 BLUECASE NS 337448063740148,4029,MOREIA TECNOLOGIA - LOCACOES,Devolução,548879,2,2026-02-19 11:39:56,Devolução
82266,46097,MONITOR LED 19 BLUECASE NS 337448063740148,11830,PM QUIXADA / SECRETARIA DE SAUDE 2026,Alugado,548890,1,2026-02-19 14:37:49,Alugado
43413,46111,MICRO CORE I5 4GB SSD 120,3877,P M DE QUIXADA - SECRETARIA DE DESENVOLVIMENTO URBANO E MEIO AMBIENTE,Alugado,120063,1,2022-07-18 13:43:37,Alugado
55224,46111,MICRO CORE I5 4GB SSD 120,4029,MOREIA TECNOLOGIA - LOCACOES,Alugado,46789,1,2022-07-18 13:36:00,Alugado
43529,46125,ESTABILIZADOR 300VA SAVE PRO,3622,ALUCOM LOCACOES,Devolução,531460,2,2025-04-27 17:30:35,Devolução
55235,46125,ESTABILIZADOR 300 VA  SAVE  PRO,2574,P M CAMOCIM / SECRETARIA DE SAÚDE,Substituição Alugado,520574,5,2024-08-13 16:44:16,Substituição Alugado
43530,46127,ESTABILIZADOR 300VA SAVE PRO,3500,BASE CAUCAIA - ANTONIO VIEIRA - ROTA LITORAL NORTE,Devolução,529879,2,2025-03-26 08:46:02,Devolução
55237,46127,ESTABILIZADOR 300 VA  SAVE  PRO,3500,BASE CAUCAIA - ANTONIO VIEIRA - ROTA LITORAL NORTE,Devolução,518978,2,2024-07-01 16:55:28,Devolução
43502,46148,ESTABILIZADOR 1000 VA EV 1000T,,,,,,,Sem Movimento
55258,46148,ESTABILIZADOR 1000 VA   FORCELINE EV 1000T,3500,BASE CAUCAIA - ANTONIO VIEIRA - ROTA LITORAL NORTE,Devolução,513434,2,2024-03-07 08:55:27,Devolução
43508,46154,ESTABILIZADOR 1000 VA EV 1000T,3875,P M DE BARROQUINHA - SECRETARIA MUNICIPAL DE EDUCACAO,Alugado,535540,1,2025-06-23 16:01:40,Alugado
55264,46154,ESTABILIZADOR 1000 VA   FORCELINE EV 1000T,888,P M DE CAUCAIA - SECRETARIA DE EDUCAÇÃO,Devolução,525743,2,2025-01-16 16:13:52,Devolução
43509,46155,ESTABILIZADOR 1000 VA EV 1000T,,,,,,,Sem Movimento
55265,46155,ESTABILIZADOR 1000 VA   FORCELINE EV 1000T,3163,MOREIA TECNOLOGIA -  MANUTENÇÃO DE EQUIPAMENTOS,Devolução,518052,2,2024-06-07 16:28:09,Devolução
43512,46159,ESTABILIZADOR 1000 VA EV 1000T,,,,,,,Sem Movimento
55269,46159,ESTABILIZADOR 1000 VA   FORCELINE EV 1000T,3163,MOREIA TECNOLOGIA -  MANUTENÇÃO DE EQUIPAMENTOS,Devolução,52156,2,2023-02-06 10:14:01,Devolução
43424,46172,MONITOR LED 19 BLUECASE NS 345448063740307,3622,ALUCOM LOCACOES,Devolução,531460,2,2025-04-27 17:30:35,Devolução
82294,46172,"MONITOR LED 19"" BLUECASE NS 345448063740307",2915,P M DE CAMOCIM / SECRETARIA DE CONSERVAÇÃO SEMCONSP,Alugado,51673,1,2023-01-19 17:40:49,Alugado
43447,46187,"MICRO CORE I5 4GB HD 500GB GRAV DVD, LEITOR CARTÃO",3588,P M DE IRAUÇUBA/SECRETARIA DE SAUDE,Substituição Alugado,500530,5,2023-01-03 17:33:35,Substituição Alugado
80538,46187,MICRO CORE I5 4GB HD 500 GRAV DVD,134,SINDIONIBUS/ETUFOR,Alugado,50103,1,2022-12-13 10:48:00,Alugado
43562,46238,IMPRESSORA MULT RICOH  M320F  NS 5852Z110592,3629,CARLOS OLIVEIRA - ROTA CARIRI - CRATO,Devolução,511195,2,2023-12-29 11:44:50,Devolução
55297,46238,IMPRESSORA MULT RICOH  M320F  NS 5852Z110592,3706,"SECRETARIA MUNICIPAL DE AGRICULTURA, MEIO AMBIENTE E SERVIÇOS PÚBLICOS",Substituição Alugado,539727,5,2025-09-04 10:31:56,Substituição Alugado
43576,46239,IMPRESSORA MULT RICOH  M320F  NS 5852Z110581,3629,CARLOS OLIVEIRA - ROTA CARIRI - CRATO,Devolução,502507,2,2023-05-30 10:39:29,Devolução
55298,46239,IMPRESSORA MULT RICOH  M320F  NS 5852Z110581,3721,P M DE CASCAVEL - SECRETARIA DE EDUCAÇÃO,Substituição Alugado,540471,5,2025-09-18 09:29:02,Substituição Alugado
43550,46240,IMPRESSORA CANON JATO DE TINTA  G3110 NS KNJF15664,3829,P M DE CRATO/ SECRETARIA DE INFRAESTRUTURA  - SEINFRA,Substituição Devolução,539174,3,2025-08-27 16:46:05,Substituição Devolução
55299,46240,IMPRESSORA CANON JATO DE TINTA  G3110 NS KNJF15664,4029,MOREIA TECNOLOGIA - LOCACOES,Devolução,540811,2,2025-09-23 10:34:17,Devolução
43551,46241,IMPRESSORA CANON JATO DE TINTA  G3110 NS KMVF68144,3832,P M DE SOBRAL/SECRETARIA DE INFRA ESTRUTURA,Alugado,119686,1,2022-06-14 17:50:15,Alugado
55300,46241,IMPRESSORA CANON JATO DE TINTA  G3110 NS KMVF68144,4029,MOREIA TECNOLOGIA - LOCACOES,Alugado,46106,1,2022-06-14 23:00:00,Alugado
43556,46246,TRANSFORMADOR DE 2000 W FORCELINE,,,,,,,Sem Movimento
55305,46246,TRANSFORMADOR DE 2000 W FORCELINE,2225,P. M. DE CAUCAIA - SAÚDE - EMPRESTADO - 2017,Substituição Alugado,535365,5,2025-06-18 10:02:42,Substituição Alugado
43589,46256,"MONITOR LED 17"" PC TOP NS CMP0036152JUN21638MLP170",3622,ALUCOM LOCACOES,Devolução,531460,2,2025-04-27 17:30:35,Devolução
126998,46256,"MONITOR LED 17"" PC TOP NS CMP0036152JUN21638MLP170",3149,P M CAMOCIM / SECRETARIA DE SAÚDE,Alugado,510451,1,2023-12-12 08:50:42,Alugado
43593,46263,"TV LED 40"" SAMSUNG   NS Y4LM3X2T304012H",3595,TCE - TRIBUNAL DE CONTAS DO ESTADO,Alugado,119710,1,2022-06-15 17:55:55,Alugado
55315,46263,"TV LED 40"" SAMSUNG   NS Y4LM3X2T304012H",4053,TONINHO,Alugado,46269,1,2022-06-23 16:45:00,Alugado
43594,46270,IMPRESSORA CANON LASER MF445 DW NS 2TC33658,,,,,,,Sem Movimento
55321,46270,IMPRESSORA CANON LASER MF445 DW NS 2TC33658,3163,MOREIA TECNOLOGIA -  MANUTENÇÃO DE EQUIPAMENTOS,Devolução,524302,2,2024-11-27 14:20:11,Devolução
43600,46275,"MONITOR  LED  19"" BLUECASE  NS 337448063740682",10478,MATHEUS - ROTA INHAMUNS - TAUÁ,Devolução,502608,2,2023-06-07 09:46:44,Devolução
55326,46275,"MONITOR  LED  19"" BLUECASE  NS 337448063740682",,,,,,,Sem Movimento
55332,46281,MICRO CORE I7 16GB SSD 240,3500,BASE CAUCAIA - ANTONIO VIEIRA - ROTA LITORAL NORTE,Devolução,517413,2,2024-05-24 12:33:19,Devolução
138202,46281,"MICRO CORE I7 8GB RAM, SSD 240GB, PLACA DE VIDEO 2GB",11928,P M SÃO LUIS - SECRETARIA DE TRÂNSITO E TRANSPORTES-SMTT 2026,Alugado,550871,1,2026-03-20 09:46:34,Alugado
43607,46284,MONITOR LED 19 BLUECASE NS 337448063740102,3622,ALUCOM LOCACOES,Devolução,531460,2,2025-04-27 17:30:35,Devolução
55335,46284,MONITOR LED 19 BLUECASE NS 337448063740102,3500,BASE CAUCAIA - ANTONIO VIEIRA - ROTA LITORAL NORTE,Devolução,520367,2,2024-08-09 09:10:37,Devolução
43610,46288,MONITOR LED 19 BLUECASE NS 337448063740613,3622,ALUCOM LOCACOES,Devolução,531460,2,2025-04-27 17:30:35,Devolução
55339,46288,MONITOR LED 19 BLUECASE NS 337448063740613,888,P M DE CAUCAIA - SECRETARIA DE EDUCAÇÃO,Alugado,50729,1,2022-06-17 23:00:00,Alugado
43612,46290,MONITOR LED 19 BLUECASE NS 337448063740200,3576,IZZI SOLUÇÕES EM COBRANÇAS E TELEATENDIMENTO LTDA,Substituição Devolução,553786,3,2026-05-14 07:55:04,Substituição Devolução
55341,46290,MONITOR LED 19  BLUECASE NS 337448063740200,697,GARANTIA,Alugado,53937,1,2023-04-19 13:32:09,Alugado
43613,46291,MONITOR LED 19 BLUECASE NS 337448063740187,3622,ALUCOM LOCACOES,Devolução,531460,2,2025-04-27 17:30:35,Devolução
55342,46291,MONITOR LED 19 BLUECASE NS 337448063740187,1399,P M DE CAUCAIA / CONTROLADORIA GERAL - OUVIDORIA,Alugado,503910,1,2023-07-14 11:51:44,Alugado
43614,46292,MONITOR LED 19 BLUECASE NS 337448063740197,3622,ALUCOM LOCACOES,Devolução,531460,2,2025-04-27 17:30:35,Devolução
55343,46292,MONITOR LED 19 BLUECASE NS 337448063740197,2915,P M DE CAMOCIM / SECRETARIA DE CONSERVAÇÃO SEMCONSP,Substituição Devolução,519315,3,2024-07-09 12:10:45,Substituição Devolução
43615,46293,MONITOR LED 19 BLUECASE NS 337448063740199,10389,BASE - ACARAPE / REDENÇÃO,Substituição Devolução,524671,3,2024-12-10 15:34:27,Substituição Devolução
55344,46293,MONITOR LED 19 BLUECASE NS 337448063740199,3500,BASE CAUCAIA - ANTONIO VIEIRA - ROTA LITORAL NORTE,Devolução,514793,2,2024-04-08 10:54:34,Devolução
43616,46294,MONITOR LED 19 BLUECASE NS 337448063740627,11433,FAMA SOLUCOES EM RECUPERACAO DE CREDITO LTDA,Substituição Alugado,537395,5,2025-07-28 08:22:25,Substituição Alugado
55345,46294,MONITOR LED 19 BLUECASE NS 337448063740627,3295,P.M DE CAUCAIA - SAÚDE SEDE - SUPORTE TI,Substituição Devolução,535930,3,2025-06-30 16:31:26,Substituição Devolução
43617,46295,MONITOR LED 19 BLUECASE NS 337448063740885,3622,ALUCOM LOCACOES,Devolução,531460,2,2025-04-27 17:30:35,Devolução
55346,46295,MONITOR LED 19 BLUECASE NS 337448063740885,3295,P.M DE CAUCAIA - SAÚDE SEDE - SUPORTE TI,Alugado,50733,1,2022-06-17 23:00:00,Alugado
43618,46296,MONITOR LED 19 BLUECASE NS 337448063740694,3622,ALUCOM LOCACOES,Devolução,531460,2,2025-04-27 17:30:35,Devolução
55347,46296,MONITOR LED 19 BLUECASE NS 337448063740694,3295,P.M DE CAUCAIA - SAÚDE SEDE - SUPORTE TI,Alugado,50733,1,2022-06-17 23:00:00,Alugado
43620,46298,MONITOR LED 19 BLUECASE NS 337448063740195,3622,ALUCOM LOCACOES,Devolução,531460,2,2025-04-27 17:30:35,Devolução
55349,46298,MONITOR LED 19 BLUECASE NS 337448063740195,3038,P M DE CAUCAIA / AÇÃO SOCIAL - ABRIGO DOMICILIAR,Alugado,50735,1,2022-06-17 23:00:00,Alugado
43622,46300,MONITOR LED 19 BLUECASE NS 337448063740541,3622,ALUCOM LOCACOES,Devolução,531460,2,2025-04-27 17:30:35,Devolução
55351,46300,MONITOR LED 19  BLUECASE NS 337448063740541,3062,P.M DE CAUCAIA - SAÚDE - UBS RITA DE CASSIA OLIVEIRA,Devolução,503014,2,2023-06-19 10:35:53,Devolução
43623,46301,MONITOR LED 19 BLUECASE NS 337448063740542,3622,ALUCOM LOCACOES,Devolução,531460,2,2025-04-27 17:30:35,Devolução
55352,46301,MONITOR LED 19  BLUECASE NS 337448063740542,618,P M DE CAUCAIA/ SECRETARIA DE  FINANÇAS,Devolução,57841,2,2023-05-30 08:57:42,Devolução
43624,46302,MONITOR LED 19 BLUECASE NS 337448063740507,3622,ALUCOM LOCACOES,Devolução,531460,2,2025-04-27 17:30:35,Devolução
55353,46302,MONITOR LED 19  BLUECASE NS 337448063740507,3083,P.M DE CAUCAIA - SAÚDE - UBS ERNANDO PIRES DE SOUSA,Substituição Devolução,504375,3,2023-07-25 11:23:29,Substituição Devolução
43625,46303,MONITOR LED 19 BLUECASE NS 337448063740510,3622,ALUCOM LOCACOES,Devolução,531460,2,2025-04-27 17:30:35,Devolução
55354,46303,MONITOR LED 19  BLUECASE NS 337448063740510,236,P M DE CAUCAIA / PROCURADORIA,Alugado,50739,1,2022-06-25 23:59:00,Alugado
43627,46305,MONITOR LED 19 BLUECASE NS 337448063740136,3622,ALUCOM LOCACOES,Devolução,531460,2,2025-04-27 17:30:35,Devolução
55356,46305,MONITOR LED 19  BLUECASE NS 337448063740136,2906,P M DE CAUCAIA - IPM,Alugado,50740,1,2022-06-20 23:00:00,Alugado
43628,46306,IMPRESSORA CANON JATO DE TINTA G3110 NS KNJF17560,3622,ALUCOM LOCACOES,Devolução,531460,2,2025-04-27 17:30:35,Devolução
55357,46306,IMPRESSORA JATO DE TINTA CANON G3110 NS KNJF17560,3080,P.M DE CAUCAIA - SAÚDE - UBS ANTONIO BRASILEIRO,Alugado,52092,1,2023-01-17 23:00:00,Alugado
43642,46314,ESTABILIZADOR 300 VA FORCELINE,3622,ALUCOM LOCACOES,Devolução,531460,2,2025-04-27 17:30:35,Devolução
82474,46314,ESTABILIZADOR 300 VA FORCELINE,4463,P M DE FORTALEZA - SECRETARIA MUNICIPAL DA GESTAO REGIONAL - SEGER,Alugado,53611,1,2023-04-06 13:35:26,Alugado
43655,46328,IMPRESSORA JATO DE TINTA CANON G4111 NS KLWE14197,3910,P M DE GRANJA - SECRETARIA DE INFRA ESTRUTURA,Alugado,511562,1,2024-01-10 14:52:14,Alugado
80036,46328,IMPRESSORA JATO DE TINTA CANON G4111 NS KLWE14197,4029,MOREIA TECNOLOGIA - LOCACOES,Alugado,511560,1,2024-01-10 14:51:15,Alugado
55369,46338,IMPRESSORA MULTIF LASER RICOH M320 NS 5852Z110520,4130,P M DE ARACATI - SECRETARIA DE CIDADANIA E DESENV SOCIAL,Substituição Devolução,554303,3,2026-05-21 15:59:27,Substituição Devolução
128997,46338,MULTIFUNCIONAL LASER MONO RICOH M320 NS 5852Z110520,2347,SEC. DE EDUCAÇÃO DE CAUCAIA - ESCOLA MARIA LUIZA DO VALE FORTE EEIEF,Substituição Alugado,555893,5,2026-06-24 15:30:37,Substituição Alugado
43666,46344,IMPRESSORA JATO DE TINTA CANON G3110 NS KNJ10438,,,,,,,Sem Movimento
55371,46344,IMPRESSORA MULTIF BROTHER COLOR DCP-L3551CDW NS U65181K1N05868,2647,RECEPÇÃO - ALUCOM,Substituição Devolução,525110,3,2024-12-30 15:28:18,Substituição Devolução
55381,46354,MONITOR LED 19 BLUECASE NS 337448063740673,4029,MOREIA TECNOLOGIA - LOCACOES,Devolução,523420,2,2024-10-30 09:52:54,Devolução
82204,46354,MONITOR LED 19 BLUECASE NS 337448063740673,3869,INSTITUTO DE GESTAO E CIDADANIA - UNIDADE DE ATENÇÃO BASICA DE BATURITÉ,Substituição Devolução,523238,3,2024-10-25 10:28:56,Substituição Devolução
43764,46378,MONITOR LED 19 BLUECASE  NS 337448063740743,3918,P M DE REDENCAO - SECRETARIA MUNICIPAL DE EDUCACAO,Devolução,502136,2,2023-05-05 09:19:49,Devolução
55402,46378,MONITOR LED 19 BLUECASE  NS 337448063740743,,,,,,,Sem Movimento
43785,46390,ESTABILIZADOR 1000VA  EV 1000T FORCELINE,3762,P M DE TAUÁ / SECRETARIA DE EDUCAÇÃO,Substituição Alugado,535242,5,2025-06-17 12:21:50,Substituição Alugado
55413,46390,ESTABILIZADOR 1000VA  EV 1000T FORCELINE,1884,HOSPITAL SANTA TEREZINHA MUNICIPIO DE CAUCAIA,Devolução,530964,2,2025-04-15 09:39:07,Devolução
43781,46400,NOTEBOOK I3 MEMÓRIA  4GB SSD 256 NS PE08V4NC,3824,P M IGUATU / SECRETARIA DA FAZENDA - FINANÇAS ( SEFIN ),Alugado,119823,1,2022-06-27 18:11:30,Alugado
55415,46400,NOTEBOOK I3 MEMÓRIA  4GB SSD 256   NS PE08V4NC,4029,MOREIA TECNOLOGIA - LOCACOES,Alugado,46370,1,2022-06-27 18:29:00,Alugado
43804,46428,NOTEBOOK CORE I5 ASUS 8GB SSD 256 NS N4N0B602116816G,3622,ALUCOM LOCACOES,Devolução,531460,2,2025-04-27 17:30:35,Devolução
127131,46428,NOTEBOOK CORE I5 ASUS 16GB SSD 256GB NS N4N0B602116816G,2674,RENATO ADVOGADOS,Substituição Alugado,510688,5,2023-12-18 11:14:37,Substituição Alugado
55418,46429,NOTEBOOK CORE I5 ASUS 8GB SSD 256 NS N4N0B60211651B,4456,HOSPITAL ABELARDO GADELHA,Devolução,59162,2,2023-06-05 15:24:12,Devolução
119346,46429,NOTEBOOK I5 ASUS 8GB SSD 256 NS N4N0B60211651B,10532,BASE STA CATARINA,Devolução,505575,2,2023-08-24 08:18:49,Devolução
55419,46430,NOTEBOOK CORE I5 ASUS 8GB SSD 256 NS N4N0B6021175162,10391,P M CRATO/ SECRETARIA DE SAÚDE,Alugado,535216,1,2025-06-16 18:15:36,Alugado
119212,46430,NOTEBOOK CORE I5 ASUS 8GB SSD 256 NS N4N0B6021175162,3691,P M DE MARANGUAPE - SECRETARIA DE ADMINISTRACAO E FINANCAS,Substituição Devolução,513282,3,2024-03-05 11:16:06,Substituição Devolução
43951,46514,MICRO CORE I5 4GB HD 500,3601,MOREIA TECNOLOGIA MANUTENCAO,Devolução,537629,2,2025-08-04 09:25:24,Devolução
55447,46514,MICRO CORE I5 4GB HD 500,2468,SEC. DE EDUCAÇÃO DE CAUCAIA - ESCOLA LUIZA MORAES CORREIA TAVORA,Substituição Alugado,537633,5,2025-08-04 10:12:19,Substituição Alugado
43931,46524,MICRO CORE I5 4GB SSD 120,3918,P M DE REDENCAO - SECRETARIA MUNICIPAL DE EDUCACAO,Alugado,120163,1,2022-07-28 13:38:59,Alugado
55451,46524,MICRO CORE I5 4GB SSD 120,4029,MOREIA TECNOLOGIA - LOCACOES,Alugado,46508,1,2022-07-04 14:13:00,Alugado
43933,46526,MICRO CORE I5 4GB SSD 120,3918,P M DE REDENCAO - SECRETARIA MUNICIPAL DE EDUCACAO,Alugado,120163,1,2022-07-28 13:38:59,Alugado
55453,46526,MICRO CORE I5 4GB SSD 120,4029,MOREIA TECNOLOGIA - LOCACOES,Alugado,46508,1,2022-07-04 14:13:00,Alugado
43935,46528,MICRO CORE I5 4GB SSD 120,3364,P.M DE CAUCAIA - SAÚDE,Alugado,554967,1,2026-06-08 14:30:39,Alugado
55455,46528,MICRO CORE I5 4GB SSD 120,4029,MOREIA TECNOLOGIA - LOCACOES,Alugado,46508,1,2022-07-04 14:13:00,Alugado
43936,46529,MICRO CORE I5 4GB SSD 120,10419,P M ICÓ/ SECRETARIA DE SAÚDE,Substituição Alugado,554154,5,2026-05-19 16:48:28,Substituição Alugado
55456,46529,MICRO CORE I5 4GB SSD 120,4029,MOREIA TECNOLOGIA - LOCACOES,Alugado,46508,1,2022-07-04 14:13:00,Alugado
43937,46530,MICRO CORE I5 4GB SSD 120,3918,P M DE REDENCAO - SECRETARIA MUNICIPAL DE EDUCACAO,Alugado,120163,1,2022-07-28 13:38:59,Alugado
55457,46530,MICRO CORE I5 4GB SSD 120,4029,MOREIA TECNOLOGIA - LOCACOES,Alugado,46508,1,2022-07-04 14:13:00,Alugado
43938,46531,MICRO CORE I5 4GB SSD 120,2349,SEC. DE EDUCAÇÃO DE CAUCAIA - ESCOLA MOACIR PINHEIRO DE SOUZA EEIEF -  2014,Substituição Alugado,535029,5,2025-06-13 09:19:11,Substituição Alugado
55458,46531,MICRO CORE I5 4GB SSD 120,4029,MOREIA TECNOLOGIA - LOCACOES,Devolução,535516,2,2025-06-23 10:27:29,Devolução
43939,46532,MICRO CORE I5 4GB SSD 120,3918,P M DE REDENCAO - SECRETARIA MUNICIPAL DE EDUCACAO,Alugado,120163,1,2022-07-28 13:38:59,Alugado
55459,46532,MICRO CORE I5 4GB SSD 120,4029,MOREIA TECNOLOGIA - LOCACOES,Alugado,46508,1,2022-07-04 14:13:00,Alugado
43940,46533,MICRO CORE I5 4GB SSD 120,3918,P M DE REDENCAO - SECRETARIA MUNICIPAL DE EDUCACAO,Alugado,120163,1,2022-07-28 13:38:59,Alugado
55460,46533,MICRO CORE I5 4GB SSD 120,4029,MOREIA TECNOLOGIA - LOCACOES,Alugado,46508,1,2022-07-04 14:13:00,Alugado
43877,46537,MONITOR LED 19  BLUECASE NS 337448063740447,3576,IZZI SOLUÇÕES EM COBRANÇAS E TELEATENDIMENTO LTDA,Substituição Devolução,524792,3,2024-12-16 13:54:06,Substituição Devolução
118748,46537,MONITOR LED 19  BLUECASE NS 337448063740447,3500,BASE CAUCAIA - ANTONIO VIEIRA - ROTA LITORAL NORTE,Devolução,522220,2,2024-09-23 14:48:27,Devolução
43895,46555,MONITOR LED 19  BLUECASE NS 345448063740761,3597,P M DE MONSENHOR TABOSA/SECRETARIA DE SAÚDE,Devolução,120541,2,2022-09-06 10:07:45,Devolução
82478,46555,"MONITOR LED 19"" BLUECASE NS 345448063740761",10945,TITO SOL - TECNICO,Devolução,526700,2,2025-02-03 15:18:34,Devolução
43902,46562,MONITOR LED 19  BLUECASE NS 337448063740252,3852,RAFAEL ONÓRIO - ROTA ZONA NORTE,Devolução,513786,2,2024-03-14 09:36:37,Devolução
133255,46562,MONITOR LED 19 BLUECASE NS 337448063740252,10662,ALUCOM - BASE SANTOS DUMONT,Devolução,527119,2,2025-02-10 08:45:46,Devolução
55463,46588,MICRO CORE I3 4GB HD 320,4029,MOREIA TECNOLOGIA - LOCACOES,Alugado,53665,1,2023-04-11 23:00:00,Alugado
82270,46588,MICRO CORE I3 4GB SSD 240,3856,P M DE QUIXADÁ / SECRETARIA DE SAÚDE,Alugado,501742,1,2023-04-11 14:21:38,Alugado
55464,46590,MICRO CORE I3  4GB HD 320,4029,MOREIA TECNOLOGIA - LOCACOES,Alugado,57246,1,2023-05-02 23:00:00,Alugado
83217,46590,MICRO CORE I5 4GB SSD 120,3576,IZZI SOLUÇÕES EM COBRANÇAS E TELEATENDIMENTO LTDA,Substituição Alugado,502085,5,2023-05-02 09:33:16,Substituição Alugado
43955,46592,NOTEBOOK I5 ASUS 8GB SSD 256 NS N4N0B6021156168,3918,P M DE REDENCAO - SECRETARIA MUNICIPAL DE EDUCACAO,Alugado,119878,1,2022-07-01 08:46:45,Alugado
55466,46592,NOTEBOOK CORE I5 ASUS 8GB SD 256 NS N4N0B6021156168,4029,MOREIA TECNOLOGIA - LOCACOES,Alugado,46508,1,2022-07-04 14:13:00,Alugado
43956,46593,NOTEBOOK I5 ASUS 8GB SSD 256 NS N4N0B6021252160,3618,PM ACARAPE - CAMARA,Devolução,531461,2,2025-04-28 08:38:17,Devolução
55467,46593,NOTEBOOK CORE I5  ASUS 8GB SD 256 NS N4N0B6021252160,4029,MOREIA TECNOLOGIA - LOCACOES,Devolução,47374,2,2022-08-08 09:46:00,Devolução
43957,46594,NOTEBOOK I5 ASUS 8GB SSD 256 NS N4N0B6020999164,3918,P M DE REDENCAO - SECRETARIA MUNICIPAL DE EDUCACAO,Alugado,119878,1,2022-07-01 08:46:45,Alugado
55468,46594,NOTEBOOK CORE I5  ASUS 8GB SD 256 NS N4N0B6020999164,4029,MOREIA TECNOLOGIA - LOCACOES,Alugado,46508,1,2022-07-04 14:13:00,Alugado
43958,46595,NOTEBOOK I5 ASUS 8GB SSD 256 NS N4N0B602115516A,3918,P M DE REDENCAO - SECRETARIA MUNICIPAL DE EDUCACAO,Alugado,119878,1,2022-07-01 08:46:45,Alugado
55469,46595,NOTEBOOK CORE I5  ASUS 8GB SD 256 NS N4N0B602115516A,4029,MOREIA TECNOLOGIA - LOCACOES,Alugado,46508,1,2022-07-04 14:13:00,Alugado
43959,46596,NOTEBOOK I5 ASUS 8GB SSD 256 NS N4N0B602115716F,4366,P M DE CAUCAIA/SECRETARIA DE EDUCAÇÃO- ATA REG DE  PREÇOS 2021.09.02.01- NOTEBOOK,Substituição Alugado,538865,5,2025-08-22 11:13:44,Substituição Alugado
55470,46596,NOTEBOOK CORE I5  ASUS 8GB SD 256 NS N4N0B602115716F,4029,MOREIA TECNOLOGIA - LOCACOES,Alugado,46508,1,2022-07-04 14:13:00,Alugado
43973,46600,"MONITOR LED 19"" BLUECASE NS 345448063740586",,,,,,,Sem Movimento
55474,46600,"MONITOR LED 19"" BLUECASE NS 345448063740586",3500,BASE CAUCAIA - ANTONIO VIEIRA - ROTA LITORAL NORTE,Devolução,519677,2,2024-07-22 16:44:16,Devolução
43978,46605,"MONITOR LED 19"" BLUECASE NS 337448063740451",,,,,,,Sem Movimento
55479,46605,"MONITOR LED 19"" BLUECASE NS 337448063740451",409,PM DE CAUCAIA - SECRETARIA DE TURISMO,Devolução,503313,2,2023-06-26 10:59:15,Devolução
43984,46608,"MONITOR LED 19"" BLUECASE NS 337448063740126",,,,,,,Sem Movimento
55482,46608,"MONITOR LED 19"" BLUECASE NS 337448063740126",1840,HOSP. MUNICIPAL ABELARDO GADELHA DO MUNIC DE CAUCAIA,Devolução,517831,2,2024-06-04 10:53:41,Devolução
43986,46610,"MONITOR LED 19"" BLUECASE NS 337448063740503",3627,P M DE JUAZEIRO - SECRET MUNIC DESENV SOCIAL E TRABALHO - SEDEST,Alugado,500800,1,2023-01-27 13:37:31,Alugado
55484,46610,"MONITOR LED 19"" BLUECASE NS 337448063740503",3163,MOREIA TECNOLOGIA -  MANUTENÇÃO DE EQUIPAMENTOS,Alugado,48851,1,2022-10-13 09:10:00,Alugado
43993,46615,"MONITOR LED 19"" BLUECASE NS 345448063740316",,,,,,,Sem Movimento
55489,46615,"MONITOR LED 19"" BLUECASE NS 345448063740316",3500,BASE CAUCAIA - ANTONIO VIEIRA - ROTA LITORAL NORTE,Devolução,510869,2,2023-12-20 16:55:50,Devolução
43997,46618,"MONITOR LED 19"" BLUECASE NS 337448063740424",,,,,,,Sem Movimento
55492,46618,"MONITOR LED 19"" BLUECASE NS 337448063740424",1840,HOSP. MUNICIPAL ABELARDO GADELHA DO MUNIC DE CAUCAIA,Devolução,514523,2,2024-04-02 09:33:18,Devolução
43998,46619,"MONITOR LED 19"" BLUECASE NS 345448063740320",,,,,,,Sem Movimento
55493,46619,"MONITOR LED 19"" BLUECASE NS 345448063740320",3500,BASE CAUCAIA - ANTONIO VIEIRA - ROTA LITORAL NORTE,Devolução,506141,2,2023-09-06 12:07:07,Devolução
44003,46622,"MONITOR LED 19"" BLUECASE NS 337448063740462",,,,,,,Sem Movimento
55496,46622,"MONITOR LED 19"" BLUECASE NS 337448063740462",1840,HOSP. MUNICIPAL ABELARDO GADELHA DO MUNIC DE CAUCAIA,Substituição Devolução,527381,3,2025-02-11 12:10:01,Substituição Devolução
44005,46624,"MONITOR LED 19"" BLUECASE NS 337448063740422",3594,P M DE ITAPIUNA/SECRETARIA DE SAÚDE,Devolução,531391,2,2025-04-25 08:32:43,Devolução
55498,46624,"MONITOR LED 19"" BLUECASE NS 337448063740422",697,GARANTIA,Devolução,59231,2,2023-06-09 12:44:46,Devolução
44006,46625,"MONITOR LED 19"" BLUECASE NS 337448063740504",,,,,,,Sem Movimento
55499,46625,"MONITOR LED 19"" BLUECASE NS 337448063740504",3500,BASE CAUCAIA - ANTONIO VIEIRA - ROTA LITORAL NORTE,Devolução,514474,2,2024-04-01 09:06:30,Devolução
44328,46627,"MONITOR LED 19"" BLUECASE NS 337448063740530",,,,,,,Sem Movimento
55501,46627,"MONITOR LED 19"" BLUECASE NS 337448063740530",11378,ISV - HOSPITAL E MATERNIDADE SANTA TEREZINHA,Substituição Devolução,532034,3,2025-05-07 11:09:51,Substituição Devolução
44329,46628,"MONITOR LED 19"" BLUECASE NS 337448063740526",,,,,,,Sem Movimento
55502,46628,"MONITOR LED 19"" BLUECASE NS 337448063740526",3500,BASE CAUCAIA - ANTONIO VIEIRA - ROTA LITORAL NORTE,Devolução,521727,2,2024-09-10 13:32:28,Devolução
44331,46630,"MONITOR LED 19"" BLUECASE NS 337448063740267",,,,,,,Sem Movimento
55504,46630,"MONITOR LED 19"" BLUECASE NS 337448063740261",1394,P M DE CAUCAIA/ SECRETARIA DE PATRIMÔNIO - TRANSPORTE,Substituição Devolução,540038,3,2025-09-11 09:12:38,Substituição Devolução
44333,46632,"MONITOR LED 19"" BLUECASE NS 337448063740262",3875,P M DE BARROQUINHA - SECRETARIA MUNICIPAL DE EDUCACAO,Substituição Alugado,552962,5,2026-04-27 16:25:39,Substituição Alugado
55506,46632,"MONITOR LED 19"" BLUECASE NS 337448063740262",346,P  M DE  CAUCAIA -  SAUDE SEDE,Devolução,526701,2,2025-02-03 15:18:48,Devolução
43979,46641,IMPRESSORA CANON JATO DE TINTA G3110 NS KNJE17461,3908,P M DE BARROQUINHA - SECRETARIA DE SAUDE,Alugado,119891,1,2022-07-01 17:05:20,Alugado
55515,46641,IMPRESSORA JATO DE TINTA CANON G3110 NS KNJE17461,4029,MOREIA TECNOLOGIA - LOCACOES,Alugado,46508,1,2022-07-04 14:13:00,Alugado
44346,46650,"MONITOR LED 19"" BLUECASE NS 337448063740219",,,,,,,Sem Movimento
55522,46650,"MONITOR LED 19"" BLUECASE NS 337448063740219",3500,BASE CAUCAIA - ANTONIO VIEIRA - ROTA LITORAL NORTE,Devolução,517349,2,2024-05-23 12:17:30,Devolução
43964,46655,ESTABILIZADOR 500 VA BEM LIGADO,3817,P M DE IGUATU / SECRETARIA DE ASSISTÊNCIA SOCIAL,Alugado,120026,1,2022-07-12 18:01:43,Alugado
55526,46655,ESTABILIZADOR 500VA BEM LIGADO,3332,P. M. DE ARACATI - SECRETARIA DE SAÚDE,Alugado,52030,1,2023-02-01 08:37:20,Alugado
44076,46661,MICRO CORE I5 4GB SSD 120,3918,P M DE REDENCAO - SECRETARIA MUNICIPAL DE EDUCACAO,Substituição Devolução,537966,3,2025-08-07 08:57:50,Substituição Devolução
55532,46661,MICRO CORE I5 4GB SSD 120,3074,P.M DE CAUCAIA - SAÚDE - UBS DR. RENATO BRAGA,Substituição Alugado,541432,5,2025-10-06 09:02:14,Substituição Alugado
44077,46662,MICRO CORE I5 4GB SSD 120,3918,P M DE REDENCAO - SECRETARIA MUNICIPAL DE EDUCACAO,Alugado,120163,1,2022-07-28 13:38:59,Alugado
55533,46662,MICRO CORE I5 4GB SSD 120,4029,MOREIA TECNOLOGIA - LOCACOES,Alugado,46542,1,2022-07-06 08:45:00,Alugado
44078,46663,MICRO CORE I5 4GB SSD 120,3918,P M DE REDENCAO - SECRETARIA MUNICIPAL DE EDUCACAO,Alugado,120163,1,2022-07-28 13:38:59,Alugado
55534,46663,MICRO CORE I5 4GB SSD 120,4029,MOREIA TECNOLOGIA - LOCACOES,Alugado,46542,1,2022-07-06 08:45:00,Alugado
44079,46664,MICRO CORE I5 4GB SSD 120,888,P M DE CAUCAIA - SECRETARIA DE EDUCAÇÃO,Substituição Devolução,540733,3,2025-09-22 11:25:00,Substituição Devolução
55535,46664,MICRO CORE I5 4GB SDD 120,4448,P M CAUCAIA - SAUDE SEDE UBS 2022,Substituição Alugado,555929,5,2026-06-24 15:41:31,Substituição Alugado
44254,46667,ESTABILIZADOR 500VA BEM LIGADO,,,,,,,Sem Movimento
55538,46667,ESTABILIZADOR 500VA BEM LIGADO,3500,BASE CAUCAIA - ANTONIO VIEIRA - ROTA LITORAL NORTE,Devolução,510043,2,2023-11-30 11:01:53,Devolução
44061,46671,ESTABILIZADOR 500VA  BEM LIGADO,3597,P M DE MONSENHOR TABOSA/SECRETARIA DE SAÚDE,Alugado,120017,1,2022-07-12 16:59:19,Alugado
55542,46671,ESTABILIZADOR 500VA BEM LIGADO,4029,MOREIA TECNOLOGIA - LOCACOES,Alugado,46542,1,2022-07-06 08:45:00,Alugado
44062,46672,ESTABILIZADOR 500VA  BEM LIGADO,3597,P M DE MONSENHOR TABOSA/SECRETARIA DE SAÚDE,Alugado,120017,1,2022-07-12 16:59:19,Alugado
55543,46672,ESTABILIZADOR 500VA  BEM LIGADO,4029,MOREIA TECNOLOGIA - LOCACOES,Alugado,46542,1,2022-07-06 08:45:00,Alugado
44063,46673,ESTABILIZADOR 500VA  BEM LIGADO,3817,P M DE IGUATU / SECRETARIA DE ASSISTÊNCIA SOCIAL,Alugado,120026,1,2022-07-12 18:01:43,Alugado
55544,46673,ESTABILIZADOR 500VA BEM LIGADO,4029,MOREIA TECNOLOGIA - LOCACOES,Alugado,46542,1,2022-07-06 08:45:00,Alugado
44064,46674,ESTABILIZADOR 500VA  BEM LIGADO,3922,SECRETARIA DE INFRAESTRUTURA DO  MUNICIPIO DE BATURITE  -SEINFRA,Alugado,120048,1,2022-07-14 10:46:20,Alugado
55545,46674,ESTABILIZADOR 500VA  BEM LIGADO,4029,MOREIA TECNOLOGIA - LOCACOES,Alugado,46542,1,2022-07-06 08:45:00,Alugado
44065,46675,ESTABILIZADOR 500VA  BEM LIGADO,3597,P M DE MONSENHOR TABOSA/SECRETARIA DE SAÚDE,Alugado,120017,1,2022-07-12 16:59:19,Alugado
55546,46675,ESTABILIZADOR 500VA  BEM LIGADO,4029,MOREIA TECNOLOGIA - LOCACOES,Alugado,46542,1,2022-07-06 08:45:00,Alugado
44262,46680,ESTABILIZADOR 500VA BEM LIGADO,,,,,,,Sem Movimento
55551,46680,ESTABILIZADOR 500VA BEM LIGADO,4441,SECRETARIA DE SAUDE CAUCAIA - TI,Devolução,504074,2,2023-07-17 13:04:20,Devolução
44023,46682,MONITOR LED 19 BLUECASE NS 337448063740416,,,,,,,Sem Movimento
55553,46682,MONITOR LED 19 BLUECASE NS 337448063740416,3163,MOREIA TECNOLOGIA -  MANUTENÇÃO DE EQUIPAMENTOS,Devolução,57177,2,2023-04-28 08:22:11,Devolução
44034,46695,MONITOR LED 19 BLUECASE NS 337448063740420,,,,,,,Sem Movimento
55566,46695,MONITOR LED 19 BLUECASE NS 337448063740420,3451,P.M DE ARACATI - DESENVOLVIMENTO   AGRÁRIO,Substituição Devolução,529610,3,2025-03-19 16:12:46,Substituição Devolução
44036,46698,MONITOR LED 19 BLUECASE NS 3454488063740713,,,,,,,Sem Movimento
55569,46698,MONITOR LED 19 BLUECASE NS 3454488063740713,3332,P. M. DE ARACATI - SECRETARIA DE SAÚDE,Devolução,526697,2,2025-02-03 15:17:47,Devolução
44008,46702,MICRO CORE I5  MEMORIA  4GB HD 500,3918,P M DE REDENCAO - SECRETARIA MUNICIPAL DE EDUCACAO,Alugado,554503,1,2026-05-27 14:56:40,Alugado
55573,46702,MICRO CORE I5  MEMORIA  4GB HD 500,2383,SEC. DE EDUCAÇÃO DE CAUCAIA - ESCOLA MARIA INOCENCIA DE ARAUJO EEIEF - 2014,Substituição Devolução,535279,3,2025-06-17 14:44:45,Substituição Devolução
44014,46703,MICRO CORE I5 MEMORIA 4GB HD 500,3918,P M DE REDENCAO - SECRETARIA MUNICIPAL DE EDUCACAO,Alugado,120163,1,2022-07-28 13:38:59,Alugado
55574,46703,MICRO CORE I5 MEMORIA 4GB HD 500,4029,MOREIA TECNOLOGIA - LOCACOES,Alugado,46508,1,2022-07-04 14:13:00,Alugado
44015,46704,MICRO CORE I5 MEMORIA 4GB HD 500,3918,P M DE REDENCAO - SECRETARIA MUNICIPAL DE EDUCACAO,Alugado,120163,1,2022-07-28 13:38:59,Alugado
55575,46704,MICRO CORE I5 MEMORIA 4GB HD 500,4029,MOREIA TECNOLOGIA - LOCACOES,Alugado,46508,1,2022-07-04 14:13:00,Alugado
44017,46706,MICRO CORE I5 MEMORIA 4GB HD 500,3918,P M DE REDENCAO - SECRETARIA MUNICIPAL DE EDUCACAO,Alugado,120163,1,2022-07-28 13:38:59,Alugado
55577,46706,MICRO CORE I5 MEMORIA 4GB HD 500,4029,MOREIA TECNOLOGIA - LOCACOES,Alugado,46508,1,2022-07-04 14:13:00,Alugado
44018,46707,MICRO CORE I5 MEMORIA 4GB HD 500,3918,P M DE REDENCAO - SECRETARIA MUNICIPAL DE EDUCACAO,Alugado,120163,1,2022-07-28 13:38:59,Alugado
55578,46707,MICRO CORE I5 MEMORIA 4GB HD 500,4029,MOREIA TECNOLOGIA - LOCACOES,Alugado,46508,1,2022-07-04 14:13:00,Alugado
55597,46726,IMPRESSORA JATO DE TINTA CANON G3110 NS KNJF14949,3163,MOREIA TECNOLOGIA -  MANUTENÇÃO DE EQUIPAMENTOS,Alugado,509368,1,2023-11-16 11:00:32,Alugado
81582,46726,IMPRESSORA JATO DE TINTA CANON G3110 NS KNJF14949,3622,ALUCOM LOCACOES,Devolução,531460,2,2025-04-27 17:30:35,Devolução
44052,46728,MONITOR LED 19 BLUECASE NS 345448063740740,3918,P M DE REDENCAO - SECRETARIA MUNICIPAL DE EDUCACAO,Substituição Devolução,120686,3,2022-09-21 08:24:59,Substituição Devolução
55599,46728,MONITOR LED 19 BLUECASE NS 345448063740740,,,,,,,Sem Movimento
44097,46736,"MONITOR LED 19"" BLUECASE NS 337448063740103",3918,P M DE REDENCAO - SECRETARIA MUNICIPAL DE EDUCACAO,Substituição Devolução,524665,3,2024-12-10 15:16:37,Substituição Devolução
55607,46736,"MONITOR LED 19"" BLUECASE NS 337448063740103",,,,,,,Sem Movimento
44100,46740,"MONITOR LED 19"" BLUECASE NS 345448063740456",3918,P M DE REDENCAO - SECRETARIA MUNICIPAL DE EDUCACAO,Substituição Devolução,505732,3,2023-08-28 11:42:09,Substituição Devolução
55610,46740,"MONITOR LED 19"" BLUECASE NS 345448063740456",,,,,,,Sem Movimento
44087,46742,"MONITOR LED 19"" BLUECASE NS 337448063740222",3918,P M DE REDENCAO - SECRETARIA MUNICIPAL DE EDUCACAO,Substituição Devolução,120425,3,2022-08-23 19:04:29,Substituição Devolução
55612,46742,"MONITOR LED 19"" BLUECASE NS 337448063740222",4094,CLEITON ROCHA - ROTA LITORAL LESTE - ARACATI,Devolução,508489,2,2023-10-27 11:33:05,Devolução
44072,46756,MICRO CORE I5 4GB HD 500,3622,ALUCOM LOCACOES,Devolução,531460,2,2025-04-27 17:30:35,Devolução
55625,46756,MICRO CORE I5 4GB HD 500,3500,BASE CAUCAIA - ANTONIO VIEIRA - ROTA LITORAL NORTE,Devolução,555964,2,2026-06-25 11:19:30,Devolução
44251,46757,MICRO CORE I5 4GB SSD 120,3597,P M DE MONSENHOR TABOSA/SECRETARIA DE SAÚDE,Alugado,120017,1,2022-07-12 16:59:19,Alugado
55626,46757,MICRO CORE I5 4GB SSD 120,4029,MOREIA TECNOLOGIA - LOCACOES,Alugado,46693,1,2022-07-12 23:00:00,Alugado
44073,46758,MICRO CORE I5 4GB HD 500,636,P. M. DE ACOPIARA - ADMINISTRAÇÃO E  FINANÇAAS - TRIBUTOS,Devolução,549827,2,2026-03-05 08:09:48,Devolução
55627,46758,MICRO CORE I5 4GB HD 500,11865,P M ACOPIARA/SECRETARIA DE ADMINISTRAÇÃO E FINANÇAS 2026,Alugado,549867,1,2026-03-05 10:49:38,Alugado
44074,46759,MICRO CORE I5 4GB HD 500,3918,P M DE REDENCAO - SECRETARIA MUNICIPAL DE EDUCACAO,Alugado,120163,1,2022-07-28 13:38:59,Alugado
55628,46759,MICRO CORE I5 4GB HD 500,4029,MOREIA TECNOLOGIA - LOCACOES,Alugado,46542,1,2022-07-06 08:45:00,Alugado
44011,46762,MICRO CORE I7 8GB SSD 480,3622,ALUCOM LOCACOES,Devolução,531460,2,2025-04-27 17:30:35,Devolução
120577,46762,MICRO CORE I7 12GB SSD 240GB,3997,P.M DE CAMOCIM - ADMINISTRAÇÃO,Substituição Devolução,551216,3,2026-03-26 15:17:41,Substituição Devolução
44066,46764,MICRO CORE I5 4GB HD 500,3918,P M DE REDENCAO - SECRETARIA MUNICIPAL DE EDUCACAO,Alugado,120163,1,2022-07-28 13:38:59,Alugado
55631,46764,MICRO CORE I5 4GB HD 500,4029,MOREIA TECNOLOGIA - LOCACOES,Alugado,46542,1,2022-07-06 08:45:00,Alugado
44067,46765,MICRO CORE I5 4GB HD 500,3918,P M DE REDENCAO - SECRETARIA MUNICIPAL DE EDUCACAO,Alugado,120163,1,2022-07-28 13:38:59,Alugado
55632,46765,MICRO CORE I5 4GB HD 500,4029,MOREIA TECNOLOGIA - LOCACOES,Alugado,46542,1,2022-07-06 08:45:00,Alugado
44068,46766,MICRO CORE I5 4GB HD 500,3918,P M DE REDENCAO - SECRETARIA MUNICIPAL DE EDUCACAO,Alugado,120163,1,2022-07-28 13:38:59,Alugado
55633,46766,MICRO CORE I5 4GB HD 500,4029,MOREIA TECNOLOGIA - LOCACOES,Alugado,46542,1,2022-07-06 08:45:00,Alugado
44069,46767,MICRO CORE I5 4GB HD 500,3918,P M DE REDENCAO - SECRETARIA MUNICIPAL DE EDUCACAO,Alugado,120163,1,2022-07-28 13:38:59,Alugado
55634,46767,MICRO CORE I5 4GB HD 500,4029,MOREIA TECNOLOGIA - LOCACOES,Alugado,46542,1,2022-07-06 08:45:00,Alugado
44071,46769,MICRO CORE I5 4GB HD 500,888,P M DE CAUCAIA - SECRETARIA DE EDUCAÇÃO,Substituição Alugado,534818,5,2025-06-11 08:29:11,Substituição Alugado
55636,46769,MICRO CORE I5 4GB HD 500,4029,MOREIA TECNOLOGIA - LOCACOES,Devolução,534778,2,2025-06-10 16:30:02,Devolução
44250,46770,MICRO CORE I5 4GB SSD 120,3597,P M DE MONSENHOR TABOSA/SECRETARIA DE SAÚDE,Alugado,120017,1,2022-07-12 16:59:19,Alugado
55637,46770,MICRO CORE I5 4GB SSD 120,4029,MOREIA TECNOLOGIA - LOCACOES,Alugado,46693,1,2022-07-12 23:00:00,Alugado
44085,46773,ESTABILIZADOR 500VA  BEM LIGADO,3823,P M DE EUSEBIO/SECRETARIA DE CULTURA E TURISMO,Devolução,120049,2,2022-07-14 16:09:01,Devolução
55638,46773,ESTABILIZADOR 500VA BEM LIGADO,697,GARANTIA,Devolução,503123,2,2023-06-20 15:26:36,Devolução
44249,46774,MICRO CORE I5 4GB SSD 120,3597,P M DE MONSENHOR TABOSA/SECRETARIA DE SAÚDE,Alugado,120017,1,2022-07-12 16:59:19,Alugado
55639,46774,MICRO CORE I5 4GB SSD 120,4029,MOREIA TECNOLOGIA - LOCACOES,Alugado,46693,1,2022-07-12 23:00:00,Alugado
55645,46780,MICRO CORE I5 4GB SSD 120,4029,MOREIA TECNOLOGIA - LOCACOES,Alugado,511602,1,2024-01-11 11:30:59,Alugado
127827,46780,"MICRO I5 4GB RAM, HD 500GB",3607,P M DE CASCAVEL / SECRETARIA DE SAÚDE,Devolução,546857,2,2026-01-06 07:52:49,Devolução
44896,46789,ESTABILIZADOR 500VA BEM LIGADO,3961,COMITE SERGIO AGUIAR,Substituição Devolução,120258,3,2022-08-10 00:00:00,Substituição Devolução
55654,46789,ESTABILIZADOR 500VA BEM LIGADO,4029,MOREIA TECNOLOGIA - LOCACOES,Alugado,50277,1,2022-12-20 23:00:00,Alugado
80485,46789,ESTABILIZADOR 500VA  BEM LIGADO,3809,P M DE CRATO - SECRETARIA DE ADMINISTRACAO,Alugado,500368,1,2022-12-20 10:50:53,Alugado
45031,46792,ESTABILIZADOR 500VA BEM LIGADO,3792,P M DE IGUATU / SECRETARIA DE TRANSITO E MOBILIDADE URBANA,Alugado,120327,1,2022-08-17 14:29:25,Alugado
55657,46792,ESTABILIZADOR 500VA BEM LIGADO,4029,MOREIA TECNOLOGIA - LOCACOES,Alugado,47572,1,2022-08-17 23:00:00,Alugado
44112,46804,ESTABILIZADOR 500VA BEM LIGADO,,,,,,,Sem Movimento
55669,46804,ESTABILIZADOR 500VA BEM LIGADO,2155,P. M. DE ARACATI - SECRETARIA DE EDUCAÇÃO,Devolução,48979,2,2022-10-19 11:36:00,Devolução
44119,46811,ESTABILIZADOR 500VA BEM LIGADO,10489,P M DE ICO - ESCRITORIO NETO NUNES,Alugado,502076,1,2023-04-28 17:29:35,Alugado
55676,46811,ESTABILIZADOR 500VA BEM LIGADO,4139,P M DE   ICÓ - ESCRITORIO NETO NUNES,Alugado,46917,1,2022-07-25 17:26:00,Alugado
44121,46813,ESTABILIZADOR 500VA BEM LIGADO,3817,P M DE IGUATU / SECRETARIA DE ASSISTÊNCIA SOCIAL,Alugado,500479,1,2022-12-28 15:21:00,Alugado
55678,46813,ESTABILIZADOR 500VA BEM LIGADO,4139,P M DE   ICÓ - ESCRITORIO NETO NUNES,Alugado,46917,1,2022-07-25 17:26:00,Alugado
44122,46814,ESTABILIZADOR 500VA BEM LIGADO,3918,P M DE REDENCAO - SECRETARIA MUNICIPAL DE EDUCACAO,Alugado,120163,1,2022-07-28 13:38:59,Alugado
55679,46814,ESTABILIZADOR 500VA BEM LIGADO,3425,P.M DE MARANGUAPE - SECRETARIA DE ASSISTÊNCIA SOCIAL,Alugado,53508,1,2023-04-03 17:42:15,Alugado
44129,46821,ESTABILIZADOR 500VA BEM LIGADO,3869,INSTITUTO DE GESTAO E CIDADANIA - UNIDADE DE ATENÇÃO BASICA DE BATURITÉ,Devolução,535820,2,2025-06-26 15:26:39,Devolução
55686,46821,ESTABILIZADOR 500VA BEM LIGADO,4029,MOREIA TECNOLOGIA - LOCACOES,Alugado,46139,1,2022-06-15 23:00:00,Alugado
44211,46834,ESTABILIZADOR 500VA  BEM LIGADO,3869,INSTITUTO DE GESTAO E CIDADANIA - UNIDADE DE ATENÇÃO BASICA DE BATURITÉ,Devolução,535820,2,2025-06-26 15:26:39,Devolução
55699,46834,ESTABILIZADOR 500VA BEM LIGADO,4029,MOREIA TECNOLOGIA - LOCACOES,Alugado,46139,1,2022-06-15 23:00:00,Alugado
44212,46836,ESTABILIZADOR 500VA  BEM LIGADO,11938,CENTRO DE EDUCAÇÃO ELITE LTDA - CEE ARACATI,Alugado,552449,1,2026-04-16 16:39:11,Alugado
55701,46836,ESTABILIZADOR 500VA BEM LIGADO,4029,MOREIA TECNOLOGIA - LOCACOES,Alugado,46139,1,2022-06-15 23:00:00,Alugado
44213,46837,ESTABILIZADOR 500VA  BEM LIGADO,3868,P M DE IGUATU - GABINETE DO PREFEITO,Alugado,551525,1,2026-03-31 16:40:58,Alugado
55702,46837,ESTABILIZADOR 500VA BEM LIGADO,4029,MOREIA TECNOLOGIA - LOCACOES,Alugado,40560,1,2021-09-20 15:40:00,Alugado
44143,46844,MICRO CORE I5 MEMORIA 4GB SSD 120,2350,SEC. DE EDUCAÇÃO DE CAUCAIA - ESCOLA YARA GUERRA SILVA EEEIEF - 2014,Substituição Devolução,551756,3,2026-04-07 11:28:06,Substituição Devolução
55709,46844,MICRO CORE I5 MEMORIA 4GB SSD 120,2350,SEC. DE EDUCAÇÃO DE CAUCAIA - ESCOLA YARA GUERRA SILVA EEEIEF - 2014,Substituição Devolução,548979,3,2026-02-20 11:24:04,Substituição Devolução
44145,46846,MICRO CORE I5 MEMORIA 4GB SSD 120,3869,INSTITUTO DE GESTAO E CIDADANIA - UNIDADE DE ATENÇÃO BASICA DE BATURITÉ,Devolução,535820,2,2025-06-26 15:26:39,Devolução
55711,46846,MICRO CORE I5 MEMORIA 4GB SSD 120,4029,MOREIA TECNOLOGIA - LOCACOES,Alugado,45049,1,2021-09-01 23:00:00,Alugado
44148,46849,MICRO CORE I5 MEMORIA 4GB SSD 120,,,,,,,Sem Movimento
55714,46849,MICRO CORE I5 MEMORIA 4GB SSD 120,4090,AS SISTEMAS,Devolução,524430,2,2024-12-02 10:30:43,Devolução
44149,46850,MICRO CORE I7 8GB HD 1TB C/LEITOR DE CARTAO,7585,P M CRATO/ SECRETARIA DE SEGURANÇA PUBLICA / GESTÃO ADMINISTRATIVA DA GUARDA CIVIL MUNICIPAL,Alugado,281705,1,2022-10-20 09:53:42,Alugado
55715,46850,MICRO CORE I5 MEMORIA 8GB SSD 120,4029,MOREIA TECNOLOGIA - LOCACOES,Alugado,52145,1,2023-02-03 14:42:00,Alugado
44150,46851,MICRO CORE I5 MEMORIA 4GB SSD 120,888,P M DE CAUCAIA - SECRETARIA DE EDUCAÇÃO,Substituição Alugado,550756,5,2026-03-18 11:05:50,Substituição Alugado
55716,46851,MICRO CORE I5 MEMORIA 4GB SSD 120,4029,MOREIA TECNOLOGIA - LOCACOES,Alugado,48332,1,2022-06-07 23:00:00,Alugado
44151,46852,MICRO CORE I5 MEMORIA 4GB SSD 120,3963,"P M DE BARROQUINHA - SECRETARIA DO TRABALHO, DESENV SOCIAL E DIREITOS HUMANOS",Devolução,518416,2,2024-06-19 10:56:05,Devolução
55717,46852,MICRO CORE I5 MEMORIA 4GB SSD 120,4090,AS SISTEMAS,Devolução,524380,2,2024-11-29 11:23:51,Devolução
44152,46853,MICRO CORE I5 MEMORIA 4GB SSD 120,,,,,,,Sem Movimento
55718,46853,MICRO CORE I3 MEMORIA 4GB SSD 120,2155,P. M. DE ARACATI - SECRETARIA DE EDUCAÇÃO,Substituição Devolução,555459,3,2026-06-17 08:42:41,Substituição Devolução
44155,46856,MICRO CORE I5 MEMORIA 8GB HD 1TB C/LEITOR DE CARTAO,10392,P M CRATO/ SECRETARIA DE DESENVOLVIMENTO AGROPECUARIO E RECURSOS HIDRICOS,Alugado,500162,1,2022-11-25 14:12:59,Alugado
55721,46856,MICRO CORE I5 MEMORIA 8GB SSD 120,4029,MOREIA TECNOLOGIA - LOCACOES,Alugado,49744,1,2022-11-28 23:00:00,Alugado
44156,46857,MICRO CORE I5 MEMORIA 8GB HD 1TB C/LEITOR DE CARTAO,3818,P M DE CRATO - CONTROLADORIA E OUVIDORIA GERAL DO MUNICIPIO,Alugado,281702,1,2022-10-19 18:04:57,Alugado
55722,46857,MICRO CORE I5 MEMORIA 8GB SSD 120,4029,MOREIA TECNOLOGIA - LOCACOES,Alugado,49035,1,2022-10-21 13:38:00,Alugado
44158,46859,MICRO CORE I5 8GB HD 1TB C/LEITOR DE CARTAO ,10392,P M CRATO/ SECRETARIA DE DESENVOLVIMENTO AGROPECUARIO E RECURSOS HIDRICOS,Alugado,500162,1,2022-11-25 14:12:59,Alugado
55724,46859,MICRO CORE I5 MEMORIA 8GB SSD 120,4029,MOREIA TECNOLOGIA - LOCACOES,Alugado,49744,1,2022-11-28 23:00:00,Alugado
44159,46860,MICRO CORE I5 MEMORIA 4GB SSD 120,4090,AS SISTEMAS,Devolução,524380,2,2024-11-29 11:23:51,Devolução
55725,46860,MICRO CORE I3 MEMORIA 4GB SSD 120,3332,P. M. DE ARACATI - SECRETARIA DE SAÚDE,Devolução,524273,2,2024-11-26 14:32:32,Devolução
44162,46863,MICRO CORE I5 MEMORIA 4GB SSD 120,3425,P.M DE MARANGUAPE - SECRETARIA DE ASSISTÊNCIA SOCIAL,Substituição Alugado,547602,5,2026-01-21 17:01:13,Substituição Alugado
55728,46863,MICRO CORE I3 MEMORIA 4GB SSD 120,2155,P. M. DE ARACATI - SECRETARIA DE EDUCAÇÃO,Substituição Devolução,532664,3,2025-05-15 17:37:00,Substituição Devolução
44163,46864,MICRO CORE I5 MEMORIA 4GB SSD 120,,,,,,,Sem Movimento
55729,46864,MICRO CORE I5 MEMORIA 4GB SSD 120,346,P  M DE  CAUCAIA -  SAUDE SEDE,Substituição Alugado,548276,5,2026-02-05 11:14:16,Substituição Alugado
44166,46867,MICRO CORE I7 8GB HD 1TB COM LEITOR DE CARTAO ,7586,P M CRATO/ SECRETARIA DE SEGURANÇA PUBLICA / GESTÃO E MAN_ATIVIDADES DA SEC_SEGURANÇA PUBLICA,Substituição Devolução,535728,3,2025-06-25 16:31:05,Substituição Devolução
55732,46867,MICRO CORE I5 MEMORIA 8GB SSD 120,4029,MOREIA TECNOLOGIA - LOCACOES,Alugado,49000,1,2022-10-20 10:27:00,Alugado
44168,46869,MICRO CORE I7 8GB HD 1TB COM LEITOR DE CARTAO ,7586,P M CRATO/ SECRETARIA DE SEGURANÇA PUBLICA / GESTÃO E MAN_ATIVIDADES DA SEC_SEGURANÇA PUBLICA,Alugado,281704,1,2022-10-19 19:16:38,Alugado
55734,46869,MICRO CORE I5 MEMORIA 8GB SSD 120,4029,MOREIA TECNOLOGIA - LOCACOES,Alugado,49000,1,2022-10-20 10:27:00,Alugado
44175,46876,MICRO CORE I5 MEMORIA 8GB HD 1TB C/LEITOR DE CARTAO,3818,P M DE CRATO - CONTROLADORIA E OUVIDORIA GERAL DO MUNICIPIO,Alugado,281702,1,2022-10-19 18:04:57,Alugado
55741,46876,MICRO CORE I5 MEMORIA 8GB SSD 120,4029,MOREIA TECNOLOGIA - LOCACOES,Alugado,49035,1,2022-10-21 13:38:00,Alugado
44890,46886,ESTABILIZADOR 500VA BEM LIGADO,3960,COMITE PACATUBA 2024,Devolução,500090,2,2022-11-16 10:58:34,Devolução
55751,46886,ESTABILIZADOR 500VA BEM LIGADO,3163,MOREIA TECNOLOGIA -  MANUTENÇÃO DE EQUIPAMENTOS,Devolução,53499,2,2023-04-03 14:42:03,Devolução
44177,46896,IMPRESSORA MULT BROTHER LASER B7535 NS U65526D9N517940,3762,P M DE TAUÁ / SECRETARIA DE EDUCAÇÃO,Devolução,525828,2,2025-01-17 14:51:23,Devolução
124533,46896,MULTIFUNCIONAL LASER MONO BROTHER B7535 NS U65526D9N517940,2672,RAFAEL ONORIO - ROTA ZONA NORTE,Devolução,517078,2,2024-05-16 16:49:59,Devolução
44180,46901,IMPRESSORA MULT RICOH 3510SF  S/N T334Q501083,3601,MOREIA TECNOLOGIA MANUTENCAO,Alugado,500231,1,2022-12-02 11:57:27,Alugado
80541,46901,IMPRESSORA LASER MULT RICOH SP 3510 SF NS T334Q501083,3163,MOREIA TECNOLOGIA -  MANUTENÇÃO DE EQUIPAMENTOS,Alugado,53567,1,2023-04-05 08:26:53,Alugado
44190,46925,MICRO CORE I5 MEMORIA 4GB SSD 120,4430,P M DE CAUCAIA - EDUCACAO EVENTO,Substituição Alugado,554626,5,2026-06-01 11:39:00,Substituição Alugado
55778,46925,MICRO CORE I5 MEMORIA 4GB SSD 120,2915,P M DE CAMOCIM / SECRETARIA DE CONSERVAÇÃO SEMCONSP,Substituição Devolução,554055,3,2026-05-18 17:16:07,Substituição Devolução
44191,46926,MICRO CORE I5 MEMORIA 8GB HD 1TB C/LEITOR DE CARTAO,3818,P M DE CRATO - CONTROLADORIA E OUVIDORIA GERAL DO MUNICIPIO,Alugado,281702,1,2022-10-19 18:04:57,Alugado
55779,46926,MICRO CORE I5 MEMORIA 8GB SSD 120,4029,MOREIA TECNOLOGIA - LOCACOES,Alugado,49035,1,2022-10-21 13:38:00,Alugado
44200,46935,MICRO CORE I5 MEMORIA 8GB HD 1TB C/LEITOR DE CARTAO,3818,P M DE CRATO - CONTROLADORIA E OUVIDORIA GERAL DO MUNICIPIO,Alugado,281702,1,2022-10-19 18:04:57,Alugado
55788,46935,MICRO CORE I5 MEMORIA 8GB SSD 120,4029,MOREIA TECNOLOGIA - LOCACOES,Alugado,49035,1,2022-10-21 13:38:00,Alugado
44202,46937,MICRO CORE I7 8GB HT 1TB C/LEITOR DE CARTAO ,10388,P M CRATO/ SECRETARIA DE URBANISMO E MEIO AMBIENTE,Alugado,500099,1,2022-11-17 08:17:19,Alugado
55790,46937,MICRO CORE I5 MEMORIA 8GB SSD 120,4517,COMITE ELMANO -  2022,Devolução,48671,2,2022-10-05 11:09:00,Devolução
44203,46938,MICRO CORE I5 MEMORIA 8GB HD 1TB C/LEITOR DE CARTAO,10392,P M CRATO/ SECRETARIA DE DESENVOLVIMENTO AGROPECUARIO E RECURSOS HIDRICOS,Alugado,500162,1,2022-11-25 14:12:59,Alugado
55791,46938,MICRO CORE I5 MEMORIA 8GB SSD 120,4029,MOREIA TECNOLOGIA - LOCACOES,Alugado,49744,1,2022-11-28 23:00:00,Alugado
44204,46939,MICRO CORE I78GB HD 1TB C/LEITOR DE CARTAO,7585,P M CRATO/ SECRETARIA DE SEGURANÇA PUBLICA / GESTÃO ADMINISTRATIVA DA GUARDA CIVIL MUNICIPAL,Alugado,281705,1,2022-10-20 09:53:42,Alugado
55792,46939,MICRO CORE I5 MEMORIA 8GB SSD 120,4029,MOREIA TECNOLOGIA - LOCACOES,Alugado,52145,1,2023-02-03 14:42:00,Alugado
44205,46940,MICRO CORE I5 MEMORIA 8GB HD 1TB C/LEITOR DE CARTAO,10392,P M CRATO/ SECRETARIA DE DESENVOLVIMENTO AGROPECUARIO E RECURSOS HIDRICOS,Alugado,500162,1,2022-11-25 14:12:59,Alugado
55793,46940,MICRO CORE I5 MEMORIA 8GB SSD 120,4029,MOREIA TECNOLOGIA - LOCACOES,Alugado,49744,1,2022-11-28 23:00:00,Alugado
44239,46946,MICRO CORE I7 8GB HD 1TB COM LEITOR DE CARTAO ,7586,P M CRATO/ SECRETARIA DE SEGURANÇA PUBLICA / GESTÃO E MAN_ATIVIDADES DA SEC_SEGURANÇA PUBLICA,Substituição Devolução,532255,3,2025-05-09 16:39:59,Substituição Devolução
55799,46946,MICRO CORE I5 MEMORIA 8GB SSD 120,4029,MOREIA TECNOLOGIA - LOCACOES,Alugado,49000,1,2022-10-20 10:27:00,Alugado
44241,46948,MICRO CORE I5 MEMORIA 8GB HD 1TB C/LEITOR DE CARTAO,3818,P M DE CRATO - CONTROLADORIA E OUVIDORIA GERAL DO MUNICIPIO,Alugado,281702,1,2022-10-19 18:04:57,Alugado
55801,46948,MICRO CORE I5 MEMORIA 8GB SSD 120,4029,MOREIA TECNOLOGIA - LOCACOES,Alugado,49035,1,2022-10-21 13:38:00,Alugado
44242,46949,MICRO CORE I5 MEMORIA 8GB HD 1TB C/LEITOR DE CARTAO,3818,P M DE CRATO - CONTROLADORIA E OUVIDORIA GERAL DO MUNICIPIO,Alugado,281702,1,2022-10-19 18:04:57,Alugado
55802,46949,MICRO CORE I5 MEMORIA 8GB SSD 120,4029,MOREIA TECNOLOGIA - LOCACOES,Alugado,49035,1,2022-10-21 13:38:00,Alugado
44243,46950,MICRO CORE I5 MEMORIA 8GB HD 1TB C/LEITOR DE CARTAO,3818,P M DE CRATO - CONTROLADORIA E OUVIDORIA GERAL DO MUNICIPIO,Alugado,281702,1,2022-10-19 18:04:57,Alugado
55803,46950,MICRO CORE I5 MEMORIA 8GB SSD 120,4029,MOREIA TECNOLOGIA - LOCACOES,Alugado,49035,1,2022-10-21 13:38:00,Alugado
44214,46956,DUPLICADOR RICOH DX 2330 NS D210ZB01054,3622,ALUCOM LOCACOES,Devolução,531460,2,2025-04-27 17:30:35,Devolução
119588,46956,DUPLICADOR RICOH DX 2330 NS D210ZB01054,986,P. M. DE MARANGUAPE -  SECRETARIA DE EDUCAÇÃO,Alugado,504650,1,2023-08-01 10:05:44,Alugado
44221,46964,NOTEBOOK CORE I5 ASUS MEMORIA 8GB SSD 256 NS N4N0B6021200168,3622,ALUCOM LOCACOES,Devolução,531460,2,2025-04-27 17:30:35,Devolução
55816,46964,NOTEBOOK CORE I5 ASUS MEMORIA 8GB SSD 256 NS N4N0B6021200168,4366,P M DE CAUCAIA/SECRETARIA DE EDUCAÇÃO- ATA REG DE  PREÇOS 2021.09.02.01- NOTEBOOK,Substituição Alugado,542507,5,2025-10-22 08:36:28,Substituição Alugado
44222,46965,NOTEBOOK CORE I5 ASUS MEMORIA 8GB SSD 256 NS N5N0B6019600204,3622,ALUCOM LOCACOES,Devolução,531460,2,2025-04-27 17:30:35,Devolução
55817,46965,NOTEBOOK CORE I5 ASUS MEMORIA 8GB SSD 256 NS N5N0B6019600204,4366,P M DE CAUCAIA/SECRETARIA DE EDUCAÇÃO- ATA REG DE  PREÇOS 2021.09.02.01- NOTEBOOK,Alugado,46634,1,2022-07-11 11:16:00,Alugado
44223,46966,NOTEBOOK CORE I5 ASUS MEMORIA 4GB SSD 256 NS N2N0B600541405B,3622,ALUCOM LOCACOES,Devolução,531460,2,2025-04-27 17:30:35,Devolução
55818,46966,NOTEBOOK CORE I5 ASUS MEMORIA 4GB SSD 256 NS N2N0B600541405B,4366,P M DE CAUCAIA/SECRETARIA DE EDUCAÇÃO- ATA REG DE  PREÇOS 2021.09.02.01- NOTEBOOK,Alugado,46634,1,2022-07-11 11:16:00,Alugado
44224,46967,NOTEBOOK CORE I5 ASUS MEMORIA 4GB SSD 256 NS N2N0B6005481057,3622,ALUCOM LOCACOES,Devolução,531460,2,2025-04-27 17:30:35,Devolução
55819,46967,NOTEBOOK CORE I5 ASUS MEMORIA 4GB SSD 256 NS N2N0B6005481057,4366,P M DE CAUCAIA/SECRETARIA DE EDUCAÇÃO- ATA REG DE  PREÇOS 2021.09.02.01- NOTEBOOK,Alugado,46634,1,2022-07-11 11:16:00,Alugado
44225,46968,NOTEBOOK CORE I5 ASUS MEMORIA 8GB SSD 256 NS N4N0B6021287162,3622,ALUCOM LOCACOES,Devolução,531460,2,2025-04-27 17:30:35,Devolução
55820,46968,NOTEBOOK CORE I5 ASUS MEMORIA 8GB SSD 256 NS N4N0B6021287162,4366,P M DE CAUCAIA/SECRETARIA DE EDUCAÇÃO- ATA REG DE  PREÇOS 2021.09.02.01- NOTEBOOK,Alugado,46634,1,2022-07-11 11:16:00,Alugado
44226,46969,NOTEBOOK CORE I5 ASUS MEMORIA 8GB SSD 256 NS N4N0B602119116B,3622,ALUCOM LOCACOES,Devolução,531460,2,2025-04-27 17:30:35,Devolução
55821,46969,NOTEBOOK CORE I5 ASUS MEMORIA 8GB SSD 256 NS N4N0B602119116B,4366,P M DE CAUCAIA/SECRETARIA DE EDUCAÇÃO- ATA REG DE  PREÇOS 2021.09.02.01- NOTEBOOK,Alugado,46634,1,2022-07-11 11:16:00,Alugado
44227,46970,NOTEBOOK CORE I5 ASUS MEMORIA 8GB SSD 256 NS N4N0B6020807164,3622,ALUCOM LOCACOES,Devolução,531460,2,2025-04-27 17:30:35,Devolução
55822,46970,NOTEBOOK CORE I5 ASUS MEMORIA 8GB SSD 256 NS N4N0B6020807164,4366,P M DE CAUCAIA/SECRETARIA DE EDUCAÇÃO- ATA REG DE  PREÇOS 2021.09.02.01- NOTEBOOK,Alugado,46634,1,2022-07-11 11:16:00,Alugado
44228,46971,NOTEBOOK CORE I5 ASUS MEMORIA 8GB SSD 256 NS N4N0B6020794166,3622,ALUCOM LOCACOES,Devolução,531460,2,2025-04-27 17:30:35,Devolução
55823,46971,NOTEBOOK CORE I5 ASUS MEMORIA 8GB SSD 256 NS N4N0B6020794166,3500,BASE CAUCAIA - ANTONIO VIEIRA - ROTA LITORAL NORTE,Devolução,517248,2,2024-05-21 14:50:49,Devolução
44229,46972,NOTEBOOK CORE I5 ASUS MEMORIA 4GB SSD 256 NS N2N0B600586605B,3622,ALUCOM LOCACOES,Devolução,531460,2,2025-04-27 17:30:35,Devolução
55824,46972,NOTEBOOK CORE I5 ASUS MEMORIA 4GB SSD 256 NS N2N0B600586605B,4366,P M DE CAUCAIA/SECRETARIA DE EDUCAÇÃO- ATA REG DE  PREÇOS 2021.09.02.01- NOTEBOOK,Alugado,46634,1,2022-07-11 11:16:00,Alugado
44230,46973,NOTEBOOK CORE I5 ASUS MEMORIA 4GB SSD 256 NS N2N0B6005839052,3622,ALUCOM LOCACOES,Devolução,531460,2,2025-04-27 17:30:35,Devolução
55825,46973,NOTEBOOK CORE I5 ASUS MEMORIA 4GB SSD 256 NS N2N0B6005839052,4366,P M DE CAUCAIA/SECRETARIA DE EDUCAÇÃO- ATA REG DE  PREÇOS 2021.09.02.01- NOTEBOOK,Alugado,46634,1,2022-07-11 11:16:00,Alugado
44218,46980,"MONITOR LCD 18,5 "" AOC S/N N1209IA006240",3601,MOREIA TECNOLOGIA MANUTENCAO,Devolução,120052,2,2022-07-14 16:33:17,Devolução
55831,46980,"MONITOR LCD 18,5 "" AOC S/N N1209IA006240",1498,P M DE CAUCAIA / AÇÃO SOCIAL - SEDE,Devolução,46780,2,2022-07-18 10:20:00,Devolução
44902,47025,NOTEBOOK CORE I5 ASUS 8GB SSD 256 NS N510B601934120A,3961,COMITE SERGIO AGUIAR,Devolução,120835,2,2022-10-04 00:00:00,Devolução
55876,47025,NOTEBOOK CORE I5  ASUS 8GB SSD 256 NS N5N0B601934120A,4029,MOREIA TECNOLOGIA - LOCACOES,Alugado,52431,1,2023-02-15 23:00:00,Alugado
81021,47025,NOTEBOOK CORE I5  ASUS 8GB SSD 256 NS N5N0B601934120A,3692,P M DE CASCAVEL - ADMINISTRAÇÃO,Devolução,546781,2,2026-01-02 08:55:11,Devolução
44248,47058,"MONITOR LED 19"" GOLDENTEC NS HOP0846189223111886",3918,P M DE REDENCAO - SECRETARIA MUNICIPAL DE EDUCACAO,Devolução,546892,2,2026-01-06 09:21:28,Devolução
55909,47058,"MONITOR LED 19"" GOLDENTEC NS HO P074618921112357",697,GARANTIA,Alugado,47766,1,2022-08-24 14:16:00,Alugado
44268,47064,IMPRESSORA TERMICA TANKA TP-650 TP2103604801.,3746,P M DE IGUATU - SECRETARIA DE DESENVOLVIMENTO AGRARIO,Alugado,120022,1,2022-07-12 17:32:35,Alugado
55914,47064,IMPRESSORA TERMICA TANKA TP - 650 NS TP2103604801.,4029,MOREIA TECNOLOGIA - LOCACOES,Alugado,46480,1,2022-07-01 23:00:00,Alugado
44390,47069,IMPRESSORA LASER CANON LBP6030W NS NTGA503339,3697,P M DE CASCAVEL-SECRETARIA DE SAÚDE UBS JACARECOARA/ CONS MÉDICO,Substituição Alugado,513334,5,2024-03-06 08:50:05,Substituição Alugado
55918,47069,IMPRESSORA LASER CANON LBP6030W NS NTGA503339,4029,MOREIA TECNOLOGIA - LOCACOES,Alugado,52823,1,2022-11-23 23:59:00,Alugado
44277,47081,IMPRESSORA MULTIFUNCIONAL LASER HP M428FDW  NS BRDSQ1Z0KN.,2658,P M DE CAUCAIA - SEC. DE EDUCAÇÃO- ESCOLA  CASA DA CRIANÇA - 2015,Substituição Alugado,548975,5,2026-02-20 11:22:07,Substituição Alugado
55929,47081,IMPRESSORA MULTIFUN LASER HP M428FDW NS BRDSQ1Z0KN,3500,BASE CAUCAIA - ANTONIO VIEIRA - ROTA LITORAL NORTE,Devolução,545638,2,2025-12-09 08:39:33,Devolução
44276,47082,NOTEBOOK CORE I7 MEMORIA 8GB SSD 256 LENOVO NS PE07T870,,,,,,,Sem Movimento
55930,47082,NOTEBOOK CORE I7 MEMORIA 8GB SSD 256 LENOVO NS PE07T870,4094,CLEITON ROCHA - ROTA LITORAL LESTE - ARACATI,Devolução,510348,2,2023-12-08 08:51:05,Devolução
44289,47093,TRANSFORMADOR  DE 2000 VA  TRANSFORMER,11761,PM AQUIRAZ/SEC SAUDE - HOSPITAL MANOEL ASSUNÇÃO PIRES-20252208.12,Alugado,544252,1,2025-11-14 09:44:15,Alugado
55940,47093,TRANSFORMADOR DE 2000 W  TRANSFORMER,4029,MOREIA TECNOLOGIA - LOCACOES,Devolução,544250,2,2025-11-14 09:41:13,Devolução
44290,47094,TRANSFORMADOR  DE 2000 VA  TRANSFORMER,11717,P M DE AQUIRAZ / GABINETE DO PREFEITO-20252208.09,Alugado,543759,1,2025-11-11 12:22:07,Alugado
55941,47094,TRANSFORMADOR DE 2000 W  TRANSFORMER,4029,MOREIA TECNOLOGIA - LOCACOES,Alugado,46748,1,2022-07-15 09:42:00,Alugado
44288,47097,IMPRESORA  LASER COLOR BROTHER HL- L 8360 CDW NS U64642B2F467002,11717,P M DE AQUIRAZ / GABINETE DO PREFEITO-20252208.09,Alugado,543768,1,2025-11-11 13:35:06,Alugado
55944,47097,IMPRESSORA LASER BROTHER HL-L8360CDW NS:U64642B2F467002,4029,MOREIA TECNOLOGIA - LOCACOES,Devolução,543766,2,2025-11-11 13:33:00,Devolução
44291,47101,NOTEBOOK I5 ASUS 8GB SSD 256 NS N5N0B601916720B,3622,ALUCOM LOCACOES,Devolução,531460,2,2025-04-27 17:30:35,Devolução
55948,47101,NOTEBOOK CORE I5 ASUS 8GB SSD 256 NS N5N0B601916720B,4366,P M DE CAUCAIA/SECRETARIA DE EDUCAÇÃO- ATA REG DE  PREÇOS 2021.09.02.01- NOTEBOOK,Alugado,46733,1,2022-07-14 12:28:00,Alugado
44293,47103,NOTEBOOK I5 ASUS 8GB SSD 256 NS N5N0B601966120F,3622,ALUCOM LOCACOES,Devolução,531460,2,2025-04-27 17:30:35,Devolução
55950,47103,NOTEBOOK CORE I5 ASUS 8GB SSD 256 NS N5N0B601966120F,4366,P M DE CAUCAIA/SECRETARIA DE EDUCAÇÃO- ATA REG DE  PREÇOS 2021.09.02.01- NOTEBOOK,Alugado,46733,1,2022-07-14 12:28:00,Alugado
44294,47104,NOTEBOOK I5 ASUS 8GB SSD 256 NS N5N0B601935920A,3622,ALUCOM LOCACOES,Devolução,531460,2,2025-04-27 17:30:35,Devolução
55951,47104,NOTEBOOK CORE I5 ASUS 8GB SSD 256 NS N5N0B601935920A,4366,P M DE CAUCAIA/SECRETARIA DE EDUCAÇÃO- ATA REG DE  PREÇOS 2021.09.02.01- NOTEBOOK,Alugado,46733,1,2022-07-14 12:28:00,Alugado
44295,47105,NOTEBOOK I5 ASUS 8GB SSD 256 NS N5N0B60196645208,3622,ALUCOM LOCACOES,Devolução,531460,2,2025-04-27 17:30:35,Devolução
55952,47105,NOTEBOOK CORE I5 ASUS 8GB SSD 256 NS N5N0B6019645208,4366,P M DE CAUCAIA/SECRETARIA DE EDUCAÇÃO- ATA REG DE  PREÇOS 2021.09.02.01- NOTEBOOK,Alugado,46733,1,2022-07-14 12:28:00,Alugado
44296,47106,NOTEBOOK I5 ASUS 8GB SSD 256 NS N5N0B6019623202,3622,ALUCOM LOCACOES,Devolução,531460,2,2025-04-27 17:30:35,Devolução
55953,47106,NOTEBOOK CORE I5 ASUS 8GB SSD 256 NS N5N0B6019623202,4366,P M DE CAUCAIA/SECRETARIA DE EDUCAÇÃO- ATA REG DE  PREÇOS 2021.09.02.01- NOTEBOOK,Alugado,46733,1,2022-07-14 12:28:00,Alugado
44297,47107,NOTEBOOK I5 ASUS 8GB SSD 256 NS N5N0B6020971164,3622,ALUCOM LOCACOES,Devolução,531460,2,2025-04-27 17:30:35,Devolução
55954,47107,NOTEBOOK CORE I5 ASUS 8GB SSD 256 NS N5N0B6020971164,4366,P M DE CAUCAIA/SECRETARIA DE EDUCAÇÃO- ATA REG DE  PREÇOS 2021.09.02.01- NOTEBOOK,Alugado,46733,1,2022-07-14 12:28:00,Alugado
44298,47108,NOTEBOOK I5 ASUS 8GB SSD 256 NS N4N0B6021036169,3622,ALUCOM LOCACOES,Devolução,531460,2,2025-04-27 17:30:35,Devolução
55955,47108,NOTEBOOK CORE I5 ASUS 8GB SSD 256 NS N4N0B6021036169,3500,BASE CAUCAIA - ANTONIO VIEIRA - ROTA LITORAL NORTE,Devolução,516251,2,2024-05-03 11:47:33,Devolução
44299,47109,NOTEBOOK I5 ASUS 8GB SSD 256 NS N4N0B602101516B,3622,ALUCOM LOCACOES,Devolução,531460,2,2025-04-27 17:30:35,Devolução
55956,47109,NOTEBOOK CORE I5 ASUS 8GB SSD 256 NS N4N0B602101516B,4366,P M DE CAUCAIA/SECRETARIA DE EDUCAÇÃO- ATA REG DE  PREÇOS 2021.09.02.01- NOTEBOOK,Alugado,46733,1,2022-07-14 12:28:00,Alugado
44300,47110,NOTEBOOK I5 ASUS 8GB SSD 256 NS N4N0B6020850169,3622,ALUCOM LOCACOES,Devolução,531460,2,2025-04-27 17:30:35,Devolução
55957,47110,NOTEBOOK CORE I5 ASUS 8GB SSD 256 NS N4N0B6020850169,4366,P M DE CAUCAIA/SECRETARIA DE EDUCAÇÃO- ATA REG DE  PREÇOS 2021.09.02.01- NOTEBOOK,Alugado,46733,1,2022-07-14 12:28:00,Alugado
44301,47111,NOTEBOOK I5 ASUS 8GB SSD 256 NS N4N0B6020751168,3622,ALUCOM LOCACOES,Devolução,531460,2,2025-04-27 17:30:35,Devolução
55958,47111,NOTEBOOK CORE I5 ASUS 8GB SSD 256 NS N4N0B6020751168,4366,P M DE CAUCAIA/SECRETARIA DE EDUCAÇÃO- ATA REG DE  PREÇOS 2021.09.02.01- NOTEBOOK,Alugado,46733,1,2022-07-14 12:28:00,Alugado
44302,47112,NOTEBOOK I5 ASUS 8GB SSD 256 NS N4N0B6020855169,3622,ALUCOM LOCACOES,Devolução,531460,2,2025-04-27 17:30:35,Devolução
55959,47112,NOTEBOOK CORE I5 ASUS 8GB SSD 256 NS N4N0B6020855169,4366,P M DE CAUCAIA/SECRETARIA DE EDUCAÇÃO- ATA REG DE  PREÇOS 2021.09.02.01- NOTEBOOK,Alugado,46733,1,2022-07-14 12:28:00,Alugado
44303,47113,NOTEBOOK I5 ASUS 8GB SSD 256 NS N4N0B6020829165,3622,ALUCOM LOCACOES,Devolução,531460,2,2025-04-27 17:30:35,Devolução
55960,47113,NOTEBOOK CORE I5 ASUS 8GB SSD 256 NS N4N0B6020829165,4366,P M DE CAUCAIA/SECRETARIA DE EDUCAÇÃO- ATA REG DE  PREÇOS 2021.09.02.01- NOTEBOOK,Alugado,46733,1,2022-07-14 12:28:00,Alugado
44304,47114,NOTEBOOK I5 ASUS 8GB SSD 256 NS N4N0B6020972168,3622,ALUCOM LOCACOES,Devolução,531460,2,2025-04-27 17:30:35,Devolução
55961,47114,NOTEBOOK CORE I5 ASUS 8GB SSD 256 NS N4N0B6020972168,4366,P M DE CAUCAIA/SECRETARIA DE EDUCAÇÃO- ATA REG DE  PREÇOS 2021.09.02.01- NOTEBOOK,Alugado,46733,1,2022-07-14 12:28:00,Alugado
44305,47115,NOTEBOOK I5 ASUS 8GB SSD 256 NS N4N0B602096616F,3622,ALUCOM LOCACOES,Devolução,531460,2,2025-04-27 17:30:35,Devolução
55962,47115,NOTEBOOK CORE I5 ASUS 8GB SSD 256 NS N4N0B6020966167,4366,P M DE CAUCAIA/SECRETARIA DE EDUCAÇÃO- ATA REG DE  PREÇOS 2021.09.02.01- NOTEBOOK,Alugado,46733,1,2022-07-14 12:28:00,Alugado
44307,47117,NOTEBOOK I5 ASUS 8GB SSD 256 NS N4N0B6020736168,3622,ALUCOM LOCACOES,Devolução,531460,2,2025-04-27 17:30:35,Devolução
55964,47117,NOTEBOOK CORE I5 ASUS 8GB SSD 256 NS N4N0B6020736168,2644,P M DE CAUCAIA / IMAC,Substituição Alugado,522294,5,2024-09-24 15:42:57,Substituição Alugado
44308,47118,NOTEBOOK I5 ASUS 8GB SSD 256 NS N4N0B6020988167,3622,ALUCOM LOCACOES,Devolução,531460,2,2025-04-27 17:30:35,Devolução
55965,47118,NOTEBOOK CORE I5 ASUS 8GB SSD 256 NS N4N0B6020986167,4366,P M DE CAUCAIA/SECRETARIA DE EDUCAÇÃO- ATA REG DE  PREÇOS 2021.09.02.01- NOTEBOOK,Alugado,46733,1,2022-07-14 12:28:00,Alugado
44309,47119,NOTEBOOK I5 ASUS 8GB SSD 256 NS N4N0B602105416E,3622,ALUCOM LOCACOES,Devolução,531460,2,2025-04-27 17:30:35,Devolução
55966,47119,NOTEBOOK CORE I5 ASUS 8GB SSD 256 NS N4N0B602105416E,4366,P M DE CAUCAIA/SECRETARIA DE EDUCAÇÃO- ATA REG DE  PREÇOS 2021.09.02.01- NOTEBOOK,Alugado,46733,1,2022-07-14 12:28:00,Alugado
44310,47120,NOTEBOOK I5 ASUS 8GB SSD 256 NS N4N0B602109916H,3622,ALUCOM LOCACOES,Devolução,531460,2,2025-04-27 17:30:35,Devolução
55967,47120,NOTEBOOK CORE I5 ASUS 8GB SSD 256 NS N4N0B602109916H,4366,P M DE CAUCAIA/SECRETARIA DE EDUCAÇÃO- ATA REG DE  PREÇOS 2021.09.02.01- NOTEBOOK,Alugado,46733,1,2022-07-14 12:28:00,Alugado
44311,47121,NOTEBOOK I5 ASUS 8GB SSD 256 NS N4N0B602124416D,3622,ALUCOM LOCACOES,Devolução,531460,2,2025-04-27 17:30:35,Devolução
55968,47121,NOTEBOOK CORE I5 ASUS 8GB SSD 256 NS N4N0B602124416D,4366,P M DE CAUCAIA/SECRETARIA DE EDUCAÇÃO- ATA REG DE  PREÇOS 2021.09.02.01- NOTEBOOK,Alugado,46733,1,2022-07-14 12:28:00,Alugado
44312,47122,NOTEBOOK I5 ASUS 8GB SSD 256 NS N4N0B6020810169,3622,ALUCOM LOCACOES,Devolução,531460,2,2025-04-27 17:30:35,Devolução
55969,47122,NOTEBOOK CORE I5 ASUS 8GB SSD 256 NS N4N0B6020810169,4366,P M DE CAUCAIA/SECRETARIA DE EDUCAÇÃO- ATA REG DE  PREÇOS 2021.09.02.01- NOTEBOOK,Alugado,46733,1,2022-07-14 12:28:00,Alugado
44313,47123,NOTEBOOK I5 ASUS 8GB SSD 256 NS N4N0B602092216A,3622,ALUCOM LOCACOES,Devolução,531460,2,2025-04-27 17:30:35,Devolução
55970,47123,NOTEBOOK CORE I5 ASUS 8GB SSD 256 NS N4N0B602092216A,4366,P M DE CAUCAIA/SECRETARIA DE EDUCAÇÃO- ATA REG DE  PREÇOS 2021.09.02.01- NOTEBOOK,Alugado,46733,1,2022-07-14 12:28:00,Alugado
44314,47124,NOTEBOOK I5 ASUS 8GB SSD 256 NS N4N0B602121216C,10700,JOSÉ MAURICIO - ROTA ZONA NORTE_GRANJA,Alugado,556136,1,2026-06-29 10:20:38,Alugado
55971,47124,NOTEBOOK CORE I5 ASUS 8GB SSD 256 NS N4N0B602121216C,4366,P M DE CAUCAIA/SECRETARIA DE EDUCAÇÃO- ATA REG DE  PREÇOS 2021.09.02.01- NOTEBOOK,Substituição Devolução,528196,3,2025-02-19 11:07:58,Substituição Devolução
44315,47125,NOTEBOOK I5 ASUS 8GB SSD 256 NS N4N0B6020959161,3622,ALUCOM LOCACOES,Devolução,531460,2,2025-04-27 17:30:35,Devolução
55972,47125,NOTEBOOK CORE I5 ASUS 8GB SSD 256 NS N4N0B6020959161,4366,P M DE CAUCAIA/SECRETARIA DE EDUCAÇÃO- ATA REG DE  PREÇOS 2021.09.02.01- NOTEBOOK,Alugado,46733,1,2022-07-14 12:28:00,Alugado
44316,47126,NOTEBOOK I5 ASUS 8GB SSD 256 NS N4N0B6020992169,3622,ALUCOM LOCACOES,Devolução,531460,2,2025-04-27 17:30:35,Devolução
55973,47126,NOTEBOOK CORE I5 ASUS 8GB SSD 256 NS N4N0B6020992169,4366,P M DE CAUCAIA/SECRETARIA DE EDUCAÇÃO- ATA REG DE  PREÇOS 2021.09.02.01- NOTEBOOK,Alugado,46733,1,2022-07-14 12:28:00,Alugado
44317,47127,NOTEBOOK I5 ASUS 8GB SSD 256 NS N4N0B6021292165,4366,P M DE CAUCAIA/SECRETARIA DE EDUCAÇÃO- ATA REG DE  PREÇOS 2021.09.02.01- NOTEBOOK,Substituição Alugado,534146,5,2025-06-02 14:58:26,Substituição Alugado
55974,47127,NOTEBOOK CORE I5 ASUS 8GB SSD 256 NS N4N0B6021292165,10899,J SIQUEIRA DE MORAES E CIA LTDA,Devolução,532224,2,2025-05-09 11:59:14,Devolução
44318,47128,NOTEBOOK I5 ASUS 8GB SSD 256 NS N4N0B6020803165,3622,ALUCOM LOCACOES,Devolução,531460,2,2025-04-27 17:30:35,Devolução
55975,47128,NOTEBOOK CORE I5 ASUS 8GB SSD 256 NS N4N0B6020803165,4366,P M DE CAUCAIA/SECRETARIA DE EDUCAÇÃO- ATA REG DE  PREÇOS 2021.09.02.01- NOTEBOOK,Devolução,525166,2,2025-01-06 08:56:01,Devolução
44319,47129,NOTEBOOK I5 ASUS 8GB SSD 256 NS N4N0B6021097166,3622,ALUCOM LOCACOES,Devolução,531460,2,2025-04-27 17:30:35,Devolução
55976,47129,NOTEBOOK CORE I5 ASUS 8GB SSD 256 NS N4N0B6021097166,4366,P M DE CAUCAIA/SECRETARIA DE EDUCAÇÃO- ATA REG DE  PREÇOS 2021.09.02.01- NOTEBOOK,Alugado,46733,1,2022-07-14 12:28:00,Alugado
44320,47130,NOTEBOOK I5 ASUS 8GB SSD 256 NS N4N0B602119716A,3622,ALUCOM LOCACOES,Devolução,531460,2,2025-04-27 17:30:35,Devolução
55977,47130,NOTEBOOK CORE I5 ASUS 8GB SSD 256 NS N4N0B602119716A,4366,P M DE CAUCAIA/SECRETARIA DE EDUCAÇÃO- ATA REG DE  PREÇOS 2021.09.02.01- NOTEBOOK,Alugado,46733,1,2022-07-14 12:28:00,Alugado
44321,47131,NOTEBOOK I5 ASUS 8GB SSD 256 NS N4N0B6021261167,10700,JOSÉ MAURICIO - ROTA ZONA NORTE_GRANJA,Alugado,556136,1,2026-06-29 10:20:38,Alugado
55978,47131,NOTEBOOK CORE I5 ASUS 8GB SSD 256 NS N4N0B6021261167,4366,P M DE CAUCAIA/SECRETARIA DE EDUCAÇÃO- ATA REG DE  PREÇOS 2021.09.02.01- NOTEBOOK,Substituição Devolução,534172,3,2025-06-02 15:13:45,Substituição Devolução
44322,47132,NOTEBOOK I5 ASUS 8GB SSD 256 NS N4N0B6020825164,3622,ALUCOM LOCACOES,Devolução,531460,2,2025-04-27 17:30:35,Devolução
55979,47132,NOTEBOOK CORE I5 ASUS 8GB SSD 256 NS N4N0B6020825164,4366,P M DE CAUCAIA/SECRETARIA DE EDUCAÇÃO- ATA REG DE  PREÇOS 2021.09.02.01- NOTEBOOK,Alugado,46733,1,2022-07-14 12:28:00,Alugado
44323,47133,NOTEBOOK I5 ASUS 8GB SSD 256 NS N4N0B602118116G,3622,ALUCOM LOCACOES,Devolução,531460,2,2025-04-27 17:30:35,Devolução
55980,47133,NOTEBOOK CORE I5 ASUS 8GB SSD 256 NS N4N0B602118116G,4366,P M DE CAUCAIA/SECRETARIA DE EDUCAÇÃO- ATA REG DE  PREÇOS 2021.09.02.01- NOTEBOOK,Alugado,46733,1,2022-07-14 12:28:00,Alugado
44324,47134,NOTEBOOK I5 ASUS 8GB SSD 256 NS N4N0B6020811166,3622,ALUCOM LOCACOES,Devolução,531460,2,2025-04-27 17:30:35,Devolução
55981,47134,NOTEBOOK CORE I5 ASUS 8GB SSD 256 NS N4N0B6020811166,4366,P M DE CAUCAIA/SECRETARIA DE EDUCAÇÃO- ATA REG DE  PREÇOS 2021.09.02.01- NOTEBOOK,Alugado,46733,1,2022-07-14 12:28:00,Alugado
44325,47135,NOTEBOOK I5 ASUS 8GB SSD 256 NS N4N0B602077716B,3622,ALUCOM LOCACOES,Devolução,531460,2,2025-04-27 17:30:35,Devolução
55982,47135,NOTEBOOK CORE I5 ASUS 8GB SSD 256 NS N4N0B602077716B,4366,P M DE CAUCAIA/SECRETARIA DE EDUCAÇÃO- ATA REG DE  PREÇOS 2021.09.02.01- NOTEBOOK,Alugado,46733,1,2022-07-14 12:28:00,Alugado
44326,47136,NOTEBOOK I5 LENOVO 8GB RAM SSD 256 NS NXHQPAL00L1250364D9Z00,3622,ALUCOM LOCACOES,Devolução,531460,2,2025-04-27 17:30:35,Devolução
55983,47136,NOTEBOOK CORE I5 LENOVO 8GBRAM SSD 256 NS NXHQPAL00L1250364D9Z00,4366,P M DE CAUCAIA/SECRETARIA DE EDUCAÇÃO- ATA REG DE  PREÇOS 2021.09.02.01- NOTEBOOK,Alugado,46733,1,2022-07-14 12:28:00,Alugado
55984,47138,TRANSFORMADOR DE 2000 W TRANSFORMER,4029,MOREIA TECNOLOGIA - LOCACOES,Alugado,52947,1,2023-03-10 18:26:53,Alugado
81422,47138,TRANSFORMADOR 2000VA TRANSFORMER,11929,P M DE SAO LUIS -SECRETARIA MUNICIPAL DE MEIO AMBIENTE/ SEMMAM 2026,Alugado,551137,1,2026-03-25 08:45:58,Alugado
44352,47142,"MICRO ALL IN ONE I7 24"" 3GREEN 8GBRAM SSD240 NS: 263980168",3829,P M DE CRATO/ SECRETARIA DE INFRAESTRUTURA  - SEINFRA,Substituição Devolução,500695,3,2023-01-19 13:56:41,Substituição Devolução
55988,47142,MICRO ALL IN ONE 3GREEN I7 24 8GBRAM SSD240 NS: 26380168,3163,MOREIA TECNOLOGIA -  MANUTENÇÃO DE EQUIPAMENTOS,Devolução,543432,2,2025-11-10 08:54:08,Devolução
44372,47162,ESTABILIZADOR 500VA BEM LIGADO,3923,PM DE BATURITE / SECRETARIA DE EDUCAÇÃO,Devolução,120079,2,2022-07-19 14:58:25,Devolução
56007,47162,ESTABILIZADOR 500VA BEM LIGADO,,,,,,,Sem Movimento
44381,47171,MONITOR LED 19 BRASIL PC NS 131LXY201100202,3622,ALUCOM LOCACOES,Devolução,531460,2,2025-04-27 17:30:35,Devolução
56014,47171,MONITOR LED 19 BRASIL PC NS 131LXY201100202,2644,P M DE CAUCAIA / IMAC,Devolução,516556,2,2024-05-08 12:18:07,Devolução
44379,47172,"TABLET MULTILASER 7"" M7 NS 353280095476108",3597,P M DE MONSENHOR TABOSA/SECRETARIA DE SAÚDE,Alugado,120082,1,2022-07-19 16:05:02,Alugado
56015,47172,"TABLET MULTILASER 7"" M7 NS 353280095476108",3519,P. M. DE MONSENHOR TABOSA - SECRETARIA DE SAÚDE,Alugado,46823,1,2022-07-19 16:03:00,Alugado
44380,47173,"TABLET MULTILASER 7"" M7 NS 353280096813820",3597,P M DE MONSENHOR TABOSA/SECRETARIA DE SAÚDE,Alugado,120082,1,2022-07-19 16:05:02,Alugado
56016,47173,"TABLET MULTILASER 7"" M7 NS 353280096813820",3519,P. M. DE MONSENHOR TABOSA - SECRETARIA DE SAÚDE,Alugado,46823,1,2022-07-19 16:03:00,Alugado
44402,47175,THINKCENTRE CORE I5 LENOVO 8GB SSD 120 NS MJYRARN,3623,P M DE CRATO - FINANCAS,Alugado,501119,1,2023-02-23 16:50:31,Alugado
56018,47175,THINKCENTRE CORE I5 8GB SSD 120 NS MJYRARN,4029,MOREIA TECNOLOGIA - LOCACOES,Alugado,52540,1,2023-02-23 23:00:00,Alugado
44413,47186,THINKCENTRE CORE I5 LENOVO 8GB SSD 120 NS MJRRTXD,3623,P M DE CRATO - FINANCAS,Alugado,501119,1,2023-02-23 16:50:31,Alugado
56029,47186,THINKCENTRE CORE I5 8GB SSD 120 NS MJRRTXD,4029,MOREIA TECNOLOGIA - LOCACOES,Alugado,52540,1,2023-02-23 23:00:00,Alugado
44393,47196,IMPRESSORA LASER CANON LBP6030W NS NTGA503337,,,,,,,Sem Movimento
56039,47196,IMPRESSORA LASER CANON LBP6030W NS NTGA503337,3500,BASE CAUCAIA - ANTONIO VIEIRA - ROTA LITORAL NORTE,Devolução,512561,2,2024-02-08 09:17:45,Devolução
44394,47197,IMPRESSORA LASER CANON LBP6030W NS NTGA503341,,,,,,,Sem Movimento
56040,47197,IMPRESSORA LASER CANON LBP6030W NS NTGA503341,2574,P M CAMOCIM / SECRETARIA DE SAÚDE,Substituição Devolução,529749,3,2025-03-21 13:21:18,Substituição Devolução
44423,47198,"MONITOR LED 19.5 "" GOLDENTEC S/N 3953N19122438",3601,MOREIA TECNOLOGIA MANUTENCAO,Devolução,501831,2,2023-04-18 10:26:52,Devolução
83224,47198,"MONITOR LED 19 5 "" GOLDENTEC S/N 3953N19122438",1107,FERNANDO CONTADOR,Devolução,57093,2,2023-04-25 09:59:45,Devolução
44421,47209,IMPRESSORA ZEBRA MODELO ZD220T NS D5J214705142,3622,ALUCOM LOCACOES,Devolução,531460,2,2025-04-27 17:30:35,Devolução
56051,47209,IMPRESSORA ZEBRA MODELO ZD220T NS D5J214705142,11212,ISGH - HOSPITAL UNIVERSITÁRIO DO CEARÁ - HUC UECE,Substituição Devolução,545558,3,2025-12-08 07:55:06,Substituição Devolução
44422,47210,IMPRESSORA ZEBRA MODELO ZD220T NS D5J214705174,11212,ISGH - HOSPITAL UNIVERSITÁRIO DO CEARÁ - HUC UECE,Substituição Alugado,545559,5,2025-12-08 07:55:06,Substituição Alugado
56052,47210,IMPRESSORA ZEBRA MODELO ZD220T NS D5J214705174,4138,ISGH - INST. DE SAÚDE E  GESTÃO HOSPITALAR - SEDE - PRMILAB,Substituição Devolução,540889,3,2025-09-24 13:21:47,Substituição Devolução
79987,47216,IMPRESSORA MULTIFUNCIONAL LASER RICOH 3510SF,3721,P M DE CASCAVEL - SECRETARIA DE EDUCAÇÃO,Substituição Devolução,524891,3,2024-12-17 15:59:44,Substituição Devolução
80545,47216,IMPRESSORA LASER MULT RICOH SP 3510 SF,2567,P M CAMOCIM / SECRETARIA DE EDUCAÇÃO - BERÇÁRIO JOSÉ MOACIR,Devolução,57784,2,2023-05-24 11:45:53,Devolução
82190,47222,MICRO CORE I5 4GB HD 500,3622,ALUCOM LOCACOES,Devolução,531460,2,2025-04-27 17:30:35,Devolução
135553,47222,"MICRO I5 4GB RAM, HD 500GB",2420,SEC. DE EDUCAÇÃO DE CAUCAIA - ESCOLA DONA LAVINIA DE MEDEIROS EEIEF - 2014,Substituição Alugado,519805,5,2024-07-26 08:11:18,Substituição Alugado
127911,47230,"MICRO I5 4GB, HD 500GB, GRAV DVD",346,P  M DE  CAUCAIA -  SAUDE SEDE,Substituição Alugado,548700,5,2026-02-11 17:00:57,Substituição Alugado
141081,47230,"MICRO I5 4GB, HD 500GB, GRAV DVD",2875,P.M DE QUIXADA - SECRETARIA DE SAÚDE,Devolução,537176,2,2025-07-22 09:30:03,Devolução
44426,47242,TRANSFORMADOR DE 2000 W FORCELINE,3601,MOREIA TECNOLOGIA MANUTENCAO,Alugado,500280,1,2022-12-12 09:44:15,Alugado
81439,47242,TRANSFORMADOR 2000VA TRANSFORMER,11927,P M DE SAO LUIS - PROCURADOR GERAL DO MUNICIPIO/PGM 2026,Alugado,551168,1,2026-03-26 10:01:26,Alugado
44427,47243,MICRO CORE I5 8GB SSD 120,3923,PM DE BATURITE / SECRETARIA DE EDUCAÇÃO,Alugado,120104,1,2022-07-21 14:09:20,Alugado
56054,47243,MICRO CORE I5 8GB SSD 120,4029,MOREIA TECNOLOGIA - LOCACOES,Alugado,48108,1,2022-02-21 23:00:00,Alugado
44469,47253,"MONITOR LED 19"" BLUECASE NS 337448063740131",3869,INSTITUTO DE GESTAO E CIDADANIA - UNIDADE DE ATENÇÃO BASICA DE BATURITÉ,Devolução,535820,2,2025-06-26 15:26:39,Devolução
56064,47253,"MONITOR LED 19"" BLUECASE NS 337448063740131",4029,MOREIA TECNOLOGIA - LOCACOES,Alugado,48333,1,2022-07-23 23:00:00,Alugado
44470,47254,"MONITOR LED 19"" BLUECASE NS 337448063740135",3869,INSTITUTO DE GESTAO E CIDADANIA - UNIDADE DE ATENÇÃO BASICA DE BATURITÉ,Devolução,535820,2,2025-06-26 15:26:39,Devolução
56065,47254,"MONITOR LED 19"" BLUECASE NS 337448063740135",4029,MOREIA TECNOLOGIA - LOCACOES,Alugado,45689,1,2022-05-23 08:48:00,Alugado
44472,47256,"MONITOR LED 19"" BLUECASE NS 345448063740336",3869,INSTITUTO DE GESTAO E CIDADANIA - UNIDADE DE ATENÇÃO BASICA DE BATURITÉ,Devolução,535820,2,2025-06-26 15:26:39,Devolução
56067,47256,"MONITOR LED 19"" BLUECASE NS 345448063740336",4029,MOREIA TECNOLOGIA - LOCACOES,Alugado,45689,1,2022-05-23 08:48:00,Alugado
44475,47259,"MONITOR LED 19"" BLUECASE NS 345448063740339",3622,ALUCOM LOCACOES,Devolução,531460,2,2025-04-27 17:30:35,Devolução
56070,47259,"MONITOR LED 19"" BLUECASE NS 345448063740339",3332,P. M. DE ARACATI - SECRETARIA DE SAÚDE,Substituição Alugado,503951,5,2023-07-14 15:40:14,Substituição Alugado
44432,47265,NOTEBOOK LENOVO I5 8GB SSD 256 NS PE092BXR,11808,CONEXAO CONSTRUTORA EMPREENDIMENTOS E SOLUCOES LTDA,Substituição Devolução,555158,3,2026-06-10 07:49:46,Substituição Devolução
56076,47265,NOTEBOOK LENOVO I5 8GB SSD 256 NS PE092BXR,3963,"P M DE BARROQUINHA - SECRETARIA DO TRABALHO, DESENV SOCIAL E DIREITOS HUMANOS",Substituição Alugado,555242,5,2026-06-11 14:42:03,Substituição Alugado
44519,47331,NOTEBOOK LENOVO I5 8GB SSD 256 NS PE0929LM,,,,,,,Sem Movimento
56142,47331,NOTEBOOK LENOVO I5 8GB SSD 256 NS PE0929LM,3500,BASE CAUCAIA - ANTONIO VIEIRA - ROTA LITORAL NORTE,Devolução,508705,2,2023-10-31 12:14:58,Devolução
44528,47340,NOTEBOOK LENOVO I5 8GB SSD 256 NS PE092AJ8,10899,J SIQUEIRA DE MORAES E CIA LTDA,Devolução,532224,2,2025-05-09 11:59:14,Devolução
56151,47340,NOTEBOOK LENOVO I5 8GB SSD 256 NS PE092AJ8,4366,P M DE CAUCAIA/SECRETARIA DE EDUCAÇÃO- ATA REG DE  PREÇOS 2021.09.02.01- NOTEBOOK,Substituição Alugado,534143,5,2025-06-02 14:52:05,Substituição Alugado
44546,47370,NOTEBOOK CORE I5 LENOVO 8GB SSD 256 NS PE092ASB,11830,PM QUIXADA / SECRETARIA DE SAUDE 2026,Alugado,549540,1,2026-02-27 13:28:32,Alugado
56181,47370,NOTEBOOK CORE I5 LENOVO 8GB SSD 256 NS PE092ASB,3856,P M DE QUIXADÁ / SECRETARIA DE SAÚDE,Devolução,549538,2,2026-02-27 13:20:40,Devolução
44568,47395,NOTEBOOK CORE I5 LENOVO 8GB SSD 256 NS PE092AV3,,,,,,,Sem Movimento
56206,47395,NOTEBOOK CORE I5 LENOVO 8GB SSD 256 NS PE092AV3,3500,BASE CAUCAIA - ANTONIO VIEIRA - ROTA LITORAL NORTE,Devolução,515371,2,2024-04-17 13:06:35,Devolução
44584,47411,NOTEBOOK CORE I5 LENOVO 8GB SSD 256 NS PE092ADK,11634,NOSSAMOTO LTDA,Devolução,540867,2,2025-09-24 08:12:58,Devolução
56222,47411,NOTEBOOK CORE I5 LENOVO 8GB SSD 256 NS PE092ADK,3796,P M DE BARBALHA / SECRETARIA DO MEIO AMBIENTE E REC. HIDRICOS,Substituição Alugado,547070,5,2026-01-09 14:39:24,Substituição Alugado
56244,47433,MICRO CORE I5 16GB SSD 240,4029,MOREIA TECNOLOGIA - LOCACOES,Alugado,49395,1,2022-11-16 23:00:00,Alugado
80079,47433,MICRO CORE I5 8GB HD 1TB C/LEITOR DE CARTAO ,10388,P M CRATO/ SECRETARIA DE URBANISMO E MEIO AMBIENTE,Alugado,500099,1,2022-11-17 08:17:19,Alugado
56246,47435,MICRO CORE I5 16GB SSD 240,4029,MOREIA TECNOLOGIA - LOCACOES,Alugado,49395,1,2022-11-16 23:00:00,Alugado
80080,47435,MICRO CORE I5 8GB HD 1TB C/LEITOR DE CARTAO ,10388,P M CRATO/ SECRETARIA DE URBANISMO E MEIO AMBIENTE,Alugado,500099,1,2022-11-17 08:17:19,Alugado
56247,47436,MICRO CORE I5 16GB SSD 240,3163,MOREIA TECNOLOGIA -  MANUTENÇÃO DE EQUIPAMENTOS,Alugado,48403,1,2022-09-22 09:10:00,Alugado
80838,47436,MICRO CORE I5 8GB HD 1TB C/LEITOR DE CARTAO,3627,P M DE JUAZEIRO - SECRET MUNIC DESENV SOCIAL E TRABALHO - SEDEST,Alugado,500800,1,2023-01-27 13:37:31,Alugado
56248,47437,MICRO CORE I5 16GB SSD 240,4029,MOREIA TECNOLOGIA - LOCACOES,Alugado,49395,1,2022-11-16 23:00:00,Alugado
80076,47437,MICRO CORE I5 8GB HD 1TB C/LEITOR DE CARTAO ,10388,P M CRATO/ SECRETARIA DE URBANISMO E MEIO AMBIENTE,Alugado,500099,1,2022-11-17 08:17:19,Alugado
56249,47438,MICRO CORE I5 16GB SSD 240,4029,MOREIA TECNOLOGIA - LOCACOES,Alugado,49395,1,2022-11-16 23:00:00,Alugado
80078,47438,MICRO CORE I5 8GB HD 1TB C/LEITOR DE CARTAO ,10388,P M CRATO/ SECRETARIA DE URBANISMO E MEIO AMBIENTE,Alugado,500099,1,2022-11-17 08:17:19,Alugado
56250,47439,MICRO CORE I5 16GB SSD 240,4029,MOREIA TECNOLOGIA - LOCACOES,Alugado,49395,1,2022-11-16 23:00:00,Alugado
80077,47439,MICRO CORE I5 8GB HD 1TB C/LEITOR DE CARTAO ,10388,P M CRATO/ SECRETARIA DE URBANISMO E MEIO AMBIENTE,Alugado,500099,1,2022-11-17 08:17:19,Alugado
56251,47440,MICRO CORE I5 16GB SSD 240,4029,MOREIA TECNOLOGIA - LOCACOES,Alugado,49395,1,2022-11-16 23:00:00,Alugado
80081,47440,MICRO CORE I5 8GB HD 1TB C/LEITOR DE CARTAO ,10388,P M CRATO/ SECRETARIA DE URBANISMO E MEIO AMBIENTE,Alugado,500099,1,2022-11-17 08:17:19,Alugado
44628,47444,"MICRO ALL IN ONE I7 24"" 3GREEN 8GB RAM SSD 240 NS 263980183",3829,P M DE CRATO/ SECRETARIA DE INFRAESTRUTURA  - SEINFRA,Alugado,120122,1,2022-07-25 16:20:32,Alugado
56255,47444,"MICRO ALL IN ONE I7 24"" 3GREEN 8GB RAM SSD 240 NS 263980183",3332,P. M. DE ARACATI - SECRETARIA DE SAÚDE,Alugado,515839,1,2024-04-29 08:29:40,Alugado
44614,47450,"MONITOR LED 19"" BLUECASE NS 345448063741326",3790,P M DE IGUATU/SECRETARIA DE URBANISMO,Alugado,500484,1,2022-12-28 15:37:18,Alugado
56261,47450,"MONITOR LED 19"" BLUECASE NS 345448063741326",4139,P M DE   ICÓ - ESCRITORIO NETO NUNES,Alugado,46917,1,2022-07-25 17:26:00,Alugado
44606,47456,"MONITOR LED 19"" BLUECASE NS 345448063741944",10899,J SIQUEIRA DE MORAES E CIA LTDA,Devolução,551682,2,2026-04-06 11:22:05,Devolução
56266,47456,"MONITOR LED 19"" BLUECASE NS 345448063741944",11939,CENTRO DE EDUCAÇÃO ELITE LTDA - CEE JOÃO PESSOA,Alugado,551688,1,2026-04-06 15:59:35,Alugado
44632,47472,MICRO CORE I3 4GB SSD 120,10403,P M ICÓ/ SECRETARIA DE ADMINISTRAÇÃO E FINANÇAS,Alugado,500522,1,2023-01-03 16:23:59,Alugado
56282,47472,MICRO CORE I3 4GB SSD 120,4029,MOREIA TECNOLOGIA - LOCACOES,Alugado,57149,1,2023-04-28 23:00:00,Alugado
44633,47473,MICRO CORE I3 4GB SSD 120,3640,P M IGUATU - SECRETARIA DE SAUDE,Substituição Alugado,500481,5,2022-12-28 15:26:10,Substituição Alugado
56283,47473,MICRO CORE I3 4GB SSD 120,10705,PM DE IGUATU - SECRETARIA DE SEGURANÇA PÚBLICA DE IGUATU,Alugado,510829,1,2023-12-20 14:06:42,Alugado
44635,47475,MICRO CORE I3 4GB SSD 120.,3817,P M DE IGUATU / SECRETARIA DE ASSISTÊNCIA SOCIAL,Alugado,500479,1,2022-12-28 15:21:00,Alugado
56285,47475,MICRO CORE I3 4GB SSD 120,4139,P M DE   ICÓ - ESCRITORIO NETO NUNES,Alugado,46917,1,2022-07-25 17:26:00,Alugado
56287,47477,MICRO CORE I5 8GB SSD 120,4029,MOREIA TECNOLOGIA - LOCACOES,Alugado,52145,1,2023-02-03 14:42:00,Alugado
79745,47477,MICRO CORE I7 8GB HD 1TB COM LEITOR DE CARTAO,7585,P M CRATO/ SECRETARIA DE SEGURANÇA PUBLICA / GESTÃO ADMINISTRATIVA DA GUARDA CIVIL MUNICIPAL,Alugado,281705,1,2022-10-20 09:53:42,Alugado
56288,47478,MICRO CORE I5 8GB SSD 120,4029,MOREIA TECNOLOGIA - LOCACOES,Devolução,541203,2,2025-10-01 10:45:53,Devolução
79744,47478,MICRO CORE I7 8GB HD 1TB COM LEITOR DE CARTAO,7585,P M CRATO/ SECRETARIA DE SEGURANÇA PUBLICA / GESTÃO ADMINISTRATIVA DA GUARDA CIVIL MUNICIPAL,Substituição Devolução,541155,3,2025-09-30 17:17:00,Substituição Devolução
56289,47479,MICRO CORE I5 8GB SSD 120,4029,MOREIA TECNOLOGIA - LOCACOES,Alugado,49000,1,2022-10-20 10:27:00,Alugado
79767,47479,MICRO CORE I7 8GB HD 1TB C/LEITOR DE CARTAO,7585,P M CRATO/ SECRETARIA DE SEGURANÇA PUBLICA / GESTÃO ADMINISTRATIVA DA GUARDA CIVIL MUNICIPAL,Alugado,281705,1,2022-10-20 09:53:42,Alugado
56291,47481,MICRO CORE I5 8GB SSD 120,4029,MOREIA TECNOLOGIA - LOCACOES,Alugado,52145,1,2023-02-03 14:42:00,Alugado
79742,47481,MICRO CORE I7 8GB HD 1TB COM LEITOR DE CARTAO,7585,P M CRATO/ SECRETARIA DE SEGURANÇA PUBLICA / GESTÃO ADMINISTRATIVA DA GUARDA CIVIL MUNICIPAL,Alugado,281705,1,2022-10-20 09:53:42,Alugado
56292,47485,MICRO CORE I5 8GB SSD 120,4029,MOREIA TECNOLOGIA - LOCACOES,Alugado,52145,1,2023-02-03 14:42:00,Alugado
79743,47485,MICRO CORE I7 8GB HD 1TB COM LEITOR DE CARTAO,7585,P M CRATO/ SECRETARIA DE SEGURANÇA PUBLICA / GESTÃO ADMINISTRATIVA DA GUARDA CIVIL MUNICIPAL,Substituição Devolução,535731,3,2025-06-25 16:32:08,Substituição Devolução
56293,47486,MICRO CORE I5 8GB SSD 120,4029,MOREIA TECNOLOGIA - LOCACOES,Alugado,49744,1,2022-11-28 23:00:00,Alugado
80372,47486,MICRO CORE I5 MEMORIA 8GB HD 1TB C/LEITOR DE CARTAO,3627,P M DE JUAZEIRO - SECRET MUNIC DESENV SOCIAL E TRABALHO - SEDEST,Substituição Alugado,502040,5,2023-04-27 15:47:15,Substituição Alugado
44647,47492,NOBREAK 700VA MAX SECURITY,,,,,,,Sem Movimento
56299,47492,NOBREAK 700 VA MAX SECURITY,1840,HOSP. MUNICIPAL ABELARDO GADELHA DO MUNIC DE CAUCAIA,Substituição Devolução,504349,3,2023-07-25 08:07:53,Substituição Devolução
44649,47493,ESTABILIZADOR 500VA  BEM LIGADO,10389,BASE - ACARAPE / REDENÇÃO,Devolução,509447,2,2023-11-17 10:06:04,Devolução
56300,47493,ESTABILIZADOR 500VA BEM LIGADO,,,,,,,Sem Movimento
44662,47506,ESTABILIZADOR 500VA BEM LIGADO,10386,SANDRA HELENA - REDENÇÃO,Devolução,509448,2,2023-11-17 10:07:12,Devolução
56313,47506,ESTABILIZADOR 500VA BEM LIGADO,,,,,,,Sem Movimento
44666,47510,ESTABILIZADOR 500VA BEM LIGADO,10386,SANDRA HELENA - REDENÇÃO,Devolução,509448,2,2023-11-17 10:07:12,Devolução
56317,47510,ESTABILIZADOR 500VA BEM LIGADO,,,,,,,Sem Movimento
44667,47511,ESTABILIZADOR 500VA BEM LIGADO,3918,P M DE REDENCAO - SECRETARIA MUNICIPAL DE EDUCACAO,Substituição Devolução,120492,3,2022-08-31 18:58:16,Substituição Devolução
56318,47511,ESTABILIZADOR 500VA BEM LIGADO,,,,,,,Sem Movimento
44668,47512,ESTABILIZADOR 500VA BEM LIGADO,3918,P M DE REDENCAO - SECRETARIA MUNICIPAL DE EDUCACAO,Substituição Devolução,512993,3,2024-02-28 08:05:01,Substituição Devolução
56319,47512,ESTABILIZADOR 500VA BEM LIGADO,,,,,,,Sem Movimento
44671,47515,ESTABILIZADOR 500VA BEM LIGADO,3918,P M DE REDENCAO - SECRETARIA MUNICIPAL DE EDUCACAO,Devolução,502136,2,2023-05-05 09:19:49,Devolução
56322,47515,ESTABILIZADOR 500VA BEM LIGADO,,,,,,,Sem Movimento
44679,47525,ESTABILIZADOR 500VA BEM LIGADO,3712,P M DE CASCAVEL - SECRETARIA DE AÇÃO SOCIAL - CRAS PLANALTO,Devolução,546777,2,2026-01-02 08:50:13,Devolução
56332,47525,ESTABILIZADOR 500VA BEM LIGADO,4545,IP LOCACOES,Alugado,57764,1,2023-05-25 23:00:00,Alugado
117722,47525,ESTABILIZADOR 500VA BEM LIGADO,4130,P M DE ARACATI - SECRETARIA DE CIDADANIA E DESENV SOCIAL,Substituição Alugado,555872,5,2026-06-24 14:56:58,Substituição Alugado
44680,47526,ESTABILIZADOR 500VA BEM LIGADO,3798,P M DE BARBALHA / SECRETARIA DE EDUCAÇÃO,Alugado,535796,1,2025-06-26 11:17:44,Alugado
56333,47526,ESTABILIZADOR 500VA BEM LIGADO,4518,COMITE CAPITAO WAGNER 2022,Devolução,532674,2,2025-05-15 17:40:25,Devolução
44685,47531,ESTABILIZADOR 500VA BEM LIGADO,10386,SANDRA HELENA - REDENÇÃO,Devolução,509448,2,2023-11-17 10:07:12,Devolução
56338,47531,ESTABILIZADOR 500VA BEM LIGADO,,,,,,,Sem Movimento
44687,47533,IMPRESSORA JATO DE TINTA CANON NS KNJF16867,10426,P M ICÓ/ SECRETARIA DE DESENVOLVIMENTO URBANO E INFRAESTRUTURA,Substituição Alugado,552150,5,2026-04-13 16:01:10,Substituição Alugado
56340,47533,IMPRESSORA JATO DE TINTA CANON NS KNJF16867,2334,SEC. DE EDUCAÇÃO DE CAUCAIA - ESCOLA ALUÍZIO PEREIRA LIMA EEIEF - 2014,Substituição Devolução,550540,3,2026-03-16 08:24:48,Substituição Devolução
44689,47535,IMPRESSORA JATO DE TINTA CANON NS KNJF17285,,,,,,,Sem Movimento
56342,47535,IMPRESSORA JATO DE TINTA CANON NS KNJF17285,3500,BASE CAUCAIA - ANTONIO VIEIRA - ROTA LITORAL NORTE,Devolução,518767,2,2024-06-25 12:19:23,Devolução
44692,47538,NOTEBOOK CORE I7 ACER 8GB RAM SSD 512 NS NXHQMAL00V14714014099Z00,3918,P M DE REDENCAO - SECRETARIA MUNICIPAL DE EDUCACAO,Substituição Devolução,526800,3,2025-02-04 10:40:32,Substituição Devolução
56345,47538,"NOTEBOOK ACER I7, 8GB RAM, SSD 512, NS NXHQMAL00V14714014099Z00",4517,COMITE ELMANO -  2022,Devolução,527769,2,2025-02-17 10:14:31,Devolução
44696,47542,"NOTEBOOK CORE I3 VAIO, 4GB RAM, SSD 128, NS 89388463G",3918,P M DE REDENCAO - SECRETARIA MUNICIPAL DE EDUCACAO,Substituição Devolução,526800,3,2025-02-04 10:40:32,Substituição Devolução
56349,47542,"NOTEBOOK CORE I3 VAIO, 4GB RAM, SSD 128, NS 89388463G",,,,,,,Sem Movimento
44701,47547,NOTEBOOK CORE I7 DELL 8GB SSD 240 NS DNMX442,3774,"P M DE CRATO - SEC. DE DESENV. ECONÔMICO, TURISMO E TRABALHO",Alugado,500970,1,2023-02-13 16:59:42,Alugado
82479,47547,NOTEBOOK DELL CORE I7 8GB SSD 240 NS DNMX442,4029,MOREIA TECNOLOGIA - LOCACOES,Alugado,52389,1,2023-02-02 23:00:00,Alugado
44710,47558,TRANSFORMADOR DE 2000VA TRANSFORMER,3875,P M DE BARROQUINHA - SECRETARIA MUNICIPAL DE EDUCACAO,Alugado,120188,1,2022-08-02 09:35:06,Alugado
56360,47558,AUTOTRANSFORMADOR 2000VA TRANSFORMER,4515,COMITE PDT CEARA - ROBERTO CLAUDIO 2022,Alugado,47416,1,2022-08-09 10:42:00,Alugado
44708,47559,TRANSFORMADOR DE 2000VA TRANSFORMER,3623,P M DE CRATO - FINANCAS,Alugado,511168,1,2023-12-28 08:38:26,Alugado
44909,47559,AUTOTRANSFORMADOR 2000VA TRANSFORMER,3961,COMITE SERGIO AGUIAR,Devolução,120835,2,2022-10-04 00:00:00,Devolução
56361,47559,AUTOTRANSFORMADOR 2000VA TRANSFORMER,4029,MOREIA TECNOLOGIA - LOCACOES,Alugado,49000,1,2022-10-20 10:27:00,Alugado
44709,47560,TRANSFORMADOR DE 2000VA TRANSFORMER,7586,P M CRATO/ SECRETARIA DE SEGURANÇA PUBLICA / GESTÃO E MAN_ATIVIDADES DA SEC_SEGURANÇA PUBLICA,Alugado,281704,1,2022-10-19 19:16:38,Alugado
44908,47560,AUTOTRANSFORMADOR 2000VA TRANSFORMER,3961,COMITE SERGIO AGUIAR,Devolução,120835,2,2022-10-04 00:00:00,Devolução
56362,47560,AUTOTRANSFORMADOR 2000VA TRANSFORMER,3522,P.M DE CRATO - PREVICRATO,Alugado,53945,1,2023-04-14 23:59:00,Alugado
44718,47562,MICRO CORE I7 8GB HT 1TB C/LEITOR DE CARTAO ,10388,P M CRATO/ SECRETARIA DE URBANISMO E MEIO AMBIENTE,Alugado,500099,1,2022-11-17 08:17:19,Alugado
56364,47562,"MICRO CORE I5, 8GB, SSD 240",4553,P R LIMA ASSESSORIA EIRELI,Devolução,49034,2,2022-10-21 13:03:00,Devolução
44719,47563,MICRO CORE I7 8GB HD 1TB COM LEITOR DE CARTAO ,7586,P M CRATO/ SECRETARIA DE SEGURANÇA PUBLICA / GESTÃO E MAN_ATIVIDADES DA SEC_SEGURANÇA PUBLICA,Substituição Devolução,530919,3,2025-04-14 15:33:50,Substituição Devolução
56365,47563,"MICRO CORE I5, 8GB, SSD 240",4029,MOREIA TECNOLOGIA - LOCACOES,Alugado,49000,1,2022-10-20 10:27:00,Alugado
44723,47567,"MICRO CORE I5, 8GB, SSD 240",,,,,,,Sem Movimento
56369,47567,"MICRO CORE I7, 8GB, HD 1TB",547,P M DE CAUCAIA / SEINFRA,Substituição Alugado,542537,5,2025-10-22 15:15:01,Substituição Alugado
44724,47568,MICRO CORE I5 8GB HD 1TB COM LEITOR DE CARTAO ,3627,P M DE JUAZEIRO - SECRET MUNIC DESENV SOCIAL E TRABALHO - SEDEST,Alugado,120330,1,2022-08-17 15:26:37,Alugado
56370,47568,"MICRO CORE I5, 8GB, SSD 240",4029,MOREIA TECNOLOGIA - LOCACOES,Alugado,47572,1,2022-08-17 23:00:00,Alugado
44729,47578,MICRO CORE I7 8GB HD 1TB COM LEITOR DE CARTAO ,7586,P M CRATO/ SECRETARIA DE SEGURANÇA PUBLICA / GESTÃO E MAN_ATIVIDADES DA SEC_SEGURANÇA PUBLICA,Substituição Devolução,528999,3,2025-03-11 16:07:52,Substituição Devolução
56375,47578,"MICRO CORE I5, 8GB, SSD 240",4029,MOREIA TECNOLOGIA - LOCACOES,Alugado,49000,1,2022-10-20 10:27:00,Alugado
44730,47579,MICRO CORE I7 8GB HD 1TB COM LEITOR DE CARTAO ,7586,P M CRATO/ SECRETARIA DE SEGURANÇA PUBLICA / GESTÃO E MAN_ATIVIDADES DA SEC_SEGURANÇA PUBLICA,Substituição Devolução,530919,3,2025-04-14 15:33:50,Substituição Devolução
56376,47579,"MICRO CORE I5, 8GB, SSD 240",4029,MOREIA TECNOLOGIA - LOCACOES,Alugado,49000,1,2022-10-20 10:27:00,Alugado
44732,47581,MICRO CORE I7 8GB HD 1TB COM LEITOR DE CARTAO ,7586,P M CRATO/ SECRETARIA DE SEGURANÇA PUBLICA / GESTÃO E MAN_ATIVIDADES DA SEC_SEGURANÇA PUBLICA,Alugado,281704,1,2022-10-19 19:16:38,Alugado
56378,47581,"MICRO CORE I5, 8GB, SSD 240",4029,MOREIA TECNOLOGIA - LOCACOES,Alugado,49000,1,2022-10-20 10:27:00,Alugado
44734,47583,MICRO CORE I7 8GB HD 1TB COM LEITOR DE CARTAO ,7586,P M CRATO/ SECRETARIA DE SEGURANÇA PUBLICA / GESTÃO E MAN_ATIVIDADES DA SEC_SEGURANÇA PUBLICA,Alugado,281704,1,2022-10-19 19:16:38,Alugado
56380,47583,"MICRO CORE I5, 8GB, SSD 240",4029,MOREIA TECNOLOGIA - LOCACOES,Alugado,49000,1,2022-10-20 10:27:00,Alugado
44736,47585,MICRO CORE I78GB HD 1TB C/LEITOR DE CARTAO,7585,P M CRATO/ SECRETARIA DE SEGURANÇA PUBLICA / GESTÃO ADMINISTRATIVA DA GUARDA CIVIL MUNICIPAL,Substituição Devolução,528996,3,2025-03-11 16:07:37,Substituição Devolução
56382,47585,"MICRO CORE I5, 8GB, SSD 240",4029,MOREIA TECNOLOGIA - LOCACOES,Alugado,52145,1,2023-02-03 14:42:00,Alugado
44740,47589,MICRO CORE I78GB HD 1TB C/LEITOR DE CARTAO,7585,P M CRATO/ SECRETARIA DE SEGURANÇA PUBLICA / GESTÃO ADMINISTRATIVA DA GUARDA CIVIL MUNICIPAL,Alugado,281705,1,2022-10-20 09:53:42,Alugado
56386,47589,"MICRO CORE I5, 8GB, SSD 240",4029,MOREIA TECNOLOGIA - LOCACOES,Alugado,52145,1,2023-02-03 14:42:00,Alugado
44741,47590,MICRO CORE I7 8GB HD 1TB C/LEITOR DE CARTAO ,7584,P M CRATO/ SECRETARIA DE SEGURANÇA PUBLICA / GESTÃO ADMINISTRATIVA DO DEMUTRAN,Alugado,281703,1,2022-10-19 18:16:28,Alugado
56387,47590,"MICRO CORE I5, 8GB, SSD 240",4029,MOREIA TECNOLOGIA - LOCACOES,Alugado,49000,1,2022-10-20 10:27:00,Alugado
44742,47591,"MICRO CORE I5, 8GB, SSD 240",,,,,,,Sem Movimento
56388,47591,"MICRO CORE I7, 8GB, HD 1TB",3762,P M DE TAUÁ / SECRETARIA DE EDUCAÇÃO,Substituição Alugado,555501,5,2026-06-17 14:45:38,Substituição Alugado
44745,47594,MICRO CORE I5 8GB HD 1TB COM LEITOR DE CARTAO ,3627,P M DE JUAZEIRO - SECRET MUNIC DESENV SOCIAL E TRABALHO - SEDEST,Alugado,120330,1,2022-08-17 15:26:37,Alugado
56391,47594,"MICRO CORE I5, 8GB, SSD 240",4029,MOREIA TECNOLOGIA - LOCACOES,Alugado,47572,1,2022-08-17 23:00:00,Alugado
44749,47598,"MICRO CORE I5, 4GB, SSD 240",,,,,,,Sem Movimento
56395,47598,"MICRO CORE I5, 8GB, SSD 240",3383,P. M. DE ARACATI - SEC. DE  FINANÇAAS,Alugado,537010,1,2025-07-17 15:34:35,Alugado
44751,47600,"MICRO CORE I5, 4GB, SSD 240",11296,MULTINTEGRADA,Devolução,543011,2,2025-11-03 09:59:07,Devolução
56397,47600,"MICRO I5, 8GB RAM, SSD 256GB ",1394,P M DE CAUCAIA/ SECRETARIA DE PATRIMÔNIO - TRANSPORTE,Substituição Alugado,548134,5,2026-02-03 11:10:26,Substituição Alugado
44752,47601,"MICRO CORE I5, 4GB, SSD 240",3624,SINDICATO DAS EMPRESAS DE TRANSPORTES DE PASSAGEIROS DO ESTADO DO CEARÁ,Alugado,524651,1,2024-12-10 13:20:10,Alugado
56398,47601,MICRO CORE I5 8GB SSD 240,4090,AS SISTEMAS,Devolução,524157,2,2024-11-22 15:12:12,Devolução
44756,47605,"MICRO CORE I5, 4GB, SSD 240",3792,P M DE IGUATU / SECRETARIA DE TRANSITO E MOBILIDADE URBANA,Alugado,120327,1,2022-08-17 14:29:25,Alugado
56402,47605,"MICRO CORE I5, 4GB, SSD 240",3792,P M DE IGUATU / SECRETARIA DE TRANSITO E MOBILIDADE URBANA,Alugado,510633,1,2023-12-15 12:10:38,Alugado
44760,47609,"MICRO CORE I5, 4GB, SSD 240",,,,,,,Sem Movimento
56406,47609,"MICRO CORE I5, 4GB, SSD 240",4090,AS SISTEMAS,Devolução,524430,2,2024-12-02 10:30:43,Devolução
44764,47613,"MICRO CORE I5, 4GB, SSD 240",10447,P M ICÓ/ SECRETARIA DE ADMINISTRAÇÃO E FINANÇAS/TRIBUTOS,Substituição Devolução,552854,3,2026-04-24 15:19:00,Substituição Devolução
45174,47613,"MICRO CORE I5 4GB, SSD 240",3975,COMITE - ICO - 2024,Alugado,120497,1,2022-09-01 23:00:00,Alugado
56410,47613,"MICRO CORE I5, 4GB, SSD 240",,,,,,,Sem Movimento
44816,47675,IMPRESSORA JATO DE TINTA CANON G3110 NS KNJF09202,3622,ALUCOM LOCACOES,Devolução,531460,2,2025-04-27 17:30:35,Devolução
56469,47675,IMPRESSORA JATO DE TINTA CANON G3110 NS KNJF09202,888,P M DE CAUCAIA - SECRETARIA DE EDUCAÇÃO,Substituição Alugado,522171,5,2024-09-20 14:26:06,Substituição Alugado
44820,47678,IMPRESSORA  LASER RICOH SP 377DNWX S/N Y918Q110169,3622,ALUCOM LOCACOES,Devolução,531460,2,2025-04-27 17:30:35,Devolução
117995,47678,IMPRESSORA LASER RICOH SP 377DNWX S/N Y918Q110169,346,P  M DE  CAUCAIA -  SAUDE SEDE,Alugado,504220,1,2023-07-20 14:21:06,Alugado
44818,47682,IMPRESSORA JATO DE TINTA CANON G3110 S/N KLPJ50708,3622,ALUCOM LOCACOES,Devolução,531460,2,2025-04-27 17:30:35,Devolução
122861,47682,IMPRESSORA JATO DE TINTA CANON G3110 NS KLPJ50708,3500,BASE CAUCAIA - ANTONIO VIEIRA - ROTA LITORAL NORTE,Devolução,522365,2,2024-09-26 08:47:38,Devolução
56477,47686,NOBREAK 700 VA  MAX SECURITY,4029,MOREIA TECNOLOGIA - LOCACOES,Alugado,512005,1,2024-01-19 10:14:39,Alugado
128015,47686,NOBREAK 700VA MAX SECURITY SN,11651,BASE ALUCOM - SÃO LUIS,Devolução,553678,2,2026-05-11 10:10:33,Devolução
44914,47687,NOBREAK 700 VA  MAX SECURITY,3961,COMITE SERGIO AGUIAR,Devolução,120835,2,2022-10-04 00:00:00,Devolução
56478,47687,NOBREAK 700 VA  MAX SECURITY,4567,AS SISTEMAS – SAUDE CAUCAIA – SALA SITUACAO,Devolução,512840,2,2024-02-23 15:09:35,Devolução
44911,47690,NOBREAK 700 VA  MAX SECURITY,3961,COMITE SERGIO AGUIAR,Devolução,120835,2,2022-10-04 00:00:00,Devolução
56480,47690,NOBREAK 700 VA  MAX SECURITY,10467,TONINHO PROJETO,Devolução,505343,2,2023-08-21 09:34:42,Devolução
45238,47809,CAMERA WEBCAN HD 720,3967,ALUCOM LOCACOES,Alugado,502060,1,2023-04-28 14:23:12,Alugado
83225,47809,WEB CAM CAMERA HD 720,4463,P M DE FORTALEZA - SECRETARIA MUNICIPAL DA GESTAO REGIONAL - SEGER,Alugado,502993,1,2023-04-28 23:00:00,Alugado
45239,47810,CAMERA WEBCAN HD 720,3987,MOREIA LOCACOES,Alugado,506809,1,2023-09-25 16:33:35,Alugado
122857,47810,CAMERA WEBCAM HD 720,3692,P M DE CASCAVEL - ADMINISTRAÇÃO,Devolução,546781,2,2026-01-02 08:55:11,Devolução
44844,47817,"NOTEBOOK CORE I5 ASUS, 8GB, SSD 256 NS N5N0B601968320E",3918,P M DE REDENCAO - SECRETARIA MUNICIPAL DE EDUCACAO,Alugado,120223,1,2022-08-04 14:49:06,Alugado
56595,47817,"NOTEBOOK CORE I5 ASUS, 8GB, SSD 256 NS N5N0B601968320E",4029,MOREIA TECNOLOGIA - LOCACOES,Alugado,47247,1,2022-08-04 23:00:00,Alugado
56609,47841,NOTEBOOK CORE I5 ASUS 4GB SSD 256 NS N5N0B602563028G,4029,MOREIA TECNOLOGIA - LOCACOES,Alugado,57740,1,2023-05-23 23:00:00,Alugado
117581,47841,NOTEBOOK CORE I5 ASUS 4GB SSD 256 NS N5N0B602563028G,3630,P M CAMOCIM  - SECRET DESENVOLVIMENTO SOCIAL,Substituição Alugado,502367,5,2023-05-22 11:20:08,Substituição Alugado
44851,47842,ROTEADOR WIFFI AC1200  DUAL BAND D-LINK DIR -822+,,,Transferência,538891,6,2025-08-22 11:38:08,Transferência
56610,47842,ROTEADOR WIFFI AC1200  DUAL BAND D-LINK DIR -822+,2906,P M DE CAUCAIA - IPM,Alugado,544682,1,2025-11-19 11:04:38,Alugado
44852,47843,MODULO ISOLADOR 300VA MICROSOL S/N 5873970113,3601,MOREIA TECNOLOGIA MANUTENCAO,Devolução,120295,2,2022-08-16 16:36:19,Devolução
56611,47843,MODULO ISOLADOR 300VA MICROSOL S/N 5873970113,3163,MOREIA TECNOLOGIA -  MANUTENÇÃO DE EQUIPAMENTOS,Devolução,518043,2,2024-06-07 16:19:47,Devolução
44854,47859,"MONITOR LED 19"" BLUECASE NS 345448063741684",3597,P M DE MONSENHOR TABOSA/SECRETARIA DE SAÚDE,Alugado,120235,1,2022-08-08 15:17:28,Alugado
56627,47859,"MONITOR LED 19"" BLUECASE NS 345448063741684",3163,MOREIA TECNOLOGIA -  MANUTENÇÃO DE EQUIPAMENTOS,Alugado,50763,1,2022-08-12 23:59:00,Alugado
56633,47867,ESTABILIZADOR 500VA  BEM LIGADO,2476,SEC. DE EDUCAÇÃO DE CAUCAIA - ESCOLA MANUEL CAMILO EEIEF - 2014,Substituição Alugado,539262,5,2025-08-28 10:25:52,Substituição Alugado
80475,47867,ESTABILIZADOR 500VA  BEM LIGADO,10392,P M CRATO/ SECRETARIA DE DESENVOLVIMENTO AGROPECUARIO E RECURSOS HIDRICOS,Substituição Devolução,532953,3,2025-05-20 16:35:35,Substituição Devolução
56640,47874,ESTABILIZADOR 500VA BEM LIGADO,4029,MOREIA TECNOLOGIA - LOCACOES,Alugado,49525,1,2022-11-21 23:00:00,Alugado
80121,47874,ESTABILIZADOR 500VA BEM LIGADO,3762,P M DE TAUÁ / SECRETARIA DE EDUCAÇÃO,Alugado,500129,1,2022-11-21 15:03:06,Alugado
56642,47876,ESTABILIZADOR 500VA  BEM LIGADO,4029,MOREIA TECNOLOGIA - LOCACOES,Alugado,50268,1,2022-12-19 23:00:00,Alugado
80476,47876,ESTABILIZADOR 500VA  BEM LIGADO,10392,P M CRATO/ SECRETARIA DE DESENVOLVIMENTO AGROPECUARIO E RECURSOS HIDRICOS,Alugado,500357,1,2022-12-19 15:00:24,Alugado
56645,47879,ESTABILIZADOR 500VA  BEM LIGADO,4029,MOREIA TECNOLOGIA - LOCACOES,Alugado,50786,1,2022-12-27 23:00:00,Alugado
80610,47879,ESTABILIZADOR 500VA  BEM LIGADO,3724,P M DE CASCAVEL - SECRETARIA DE EDUCAÇÃO/ PROTOCOLO,Substituição Alugado,500452,5,2022-12-27 14:45:13,Substituição Alugado
56646,47880,ESTABILIZADOR 500VA  BEM LIGADO,4029,MOREIA TECNOLOGIA - LOCACOES,Alugado,49977,1,2022-10-04 23:00:00,Alugado
80421,47880,ESTABILIZADOR 500VA  BEM LIGADO,3601,MOREIA TECNOLOGIA MANUTENCAO,Alugado,501418,1,2023-03-20 16:17:32,Alugado
56648,47882,ESTABILIZADOR 500VA  BEM LIGADO,4029,MOREIA TECNOLOGIA - LOCACOES,Devolução,533521,2,2025-05-26 08:54:26,Devolução
80471,47882,ESTABILIZADOR 500VA  BEM LIGADO,10391,P M CRATO/ SECRETARIA DE SAÚDE,Substituição Alugado,536454,5,2025-07-09 16:31:08,Substituição Alugado
56653,47887,ESTABILIZADOR 500VA  BEM LIGADO,4029,MOREIA TECNOLOGIA - LOCACOES,Alugado,50277,1,2022-12-20 23:00:00,Alugado
80481,47887,ESTABILIZADOR 500VA  BEM LIGADO,3819,P M DE BARBALHA / SECRETARIA DE SAÚDE,Substituição Alugado,500552,5,2023-01-06 13:49:53,Substituição Alugado
56658,47892,ESTABILIZADOR 500VA  BEM LIGADO,4029,MOREIA TECNOLOGIA - LOCACOES,Alugado,50268,1,2022-12-19 23:00:00,Alugado
80474,47892,ESTABILIZADOR 500VA  BEM LIGADO,3819,P M DE BARBALHA / SECRETARIA DE SAÚDE,Alugado,500416,1,2022-12-26 10:38:45,Alugado
56659,47893,ESTABILIZADOR 500VA  BEM LIGADO,3809,P M DE CRATO - SECRETARIA DE ADMINISTRACAO,Devolução,506748,2,2023-09-22 12:46:18,Devolução
80484,47893,ESTABILIZADOR 500VA  BEM LIGADO,3809,P M DE CRATO - SECRETARIA DE ADMINISTRACAO,Devolução,506748,2,2023-09-22 12:46:18,Devolução
56660,47894,ESTABILIZADOR 500VA  BEM LIGADO,4393,RENAN/RODRIGUES - ROTA LITORAL LESTE - CASCAVEL,Devolução,510828,2,2023-12-20 11:39:07,Devolução
80422,47894,ESTABILIZADOR 500VA  BEM LIGADO,,,,,,,Sem Movimento
45168,47911,IMPRESSORA JATO DE TINTA CANON G3110 NS KMVF68662,11728,PM AQUIRAZ / SEC SAUDE - UBS I - 2025,Alugado,543725,1,2025-11-11 11:26:24,Alugado
56669,47911,IMPRESSORA JATO DE TINTA CANON G3110 NS KMVF68662,4029,MOREIA TECNOLOGIA - LOCACOES,Devolução,536253,2,2025-07-04 12:59:44,Devolução
56671,47913,IMPRESSORA JATO DE TINTA CANON G3110 NS KNJF27883,3500,BASE CAUCAIA - ANTONIO VIEIRA - ROTA LITORAL NORTE,Devolução,512545,2,2024-02-06 17:20:22,Devolução
79808,47913,IMPRESSORA JATO DE TINTA CANON G3110 NS KNJF27883,3633,P M AQUIRAZ / SECRETARIA DE ADMINISTRACAO (MATHEUS),Devolução,502970,2,2023-06-16 14:16:15,Devolução
56675,47917,IMPRESSORA JATO DE TINTA CANON G3110 NS KNJF67416,4029,MOREIA TECNOLOGIA - LOCACOES,Alugado,51629,1,2023-01-18 23:00:00,Alugado
80775,47917,IMPRESSORA JATO DE TINTA CANON G3110 NS KNJF67416,10523,RODRIGUES/RENAN - ROTA LITORIAL LESTE,Devolução,513470,2,2024-03-07 11:33:25,Devolução
44958,47919,IMPRESSORA CANON JATO DE TINTA G3110 NS KNJF29212,3622,ALUCOM LOCACOES,Devolução,531460,2,2025-04-27 17:30:35,Devolução
127092,47919,IMPRESSORA JATO DE TINTA G3110 NS KNJF29212,2451,SEC. DE EDUCAÇÃO DE CAUCAIA - ESCOLA PROF. RAD. BATISTA - TIA BUBU - 2014,Substituição Devolução,545160,3,2025-12-01 08:45:37,Substituição Devolução
56679,47922,"MONITOR LED 17"" PCTOP ND CMP0037682DEC16596MLP170",4029,MOREIA TECNOLOGIA - LOCACOES,Devolução,540931,2,2025-09-25 11:35:10,Devolução
117597,47922,"MONITOR LED 17"" PCTOP ND CMP0037682DEC16596MLP170",3826,P M DE GRANJA/SECRETARIA DE SAUDE,Substituição Devolução,536942,3,2025-07-16 17:50:13,Substituição Devolução
56680,47923,"MONITOR LED 17"" PCTOP ND CMP0037682DEC14186MLP170",4029,MOREIA TECNOLOGIA - LOCACOES,Alugado,51727,1,2023-01-23 09:29:34,Alugado
80808,47923,"MONITOR LED 17"" PCTOP ND CMP0037682DEC14186MLP170",10403,P M ICÓ/ SECRETARIA DE ADMINISTRAÇÃO E FINANÇAS,Alugado,500731,1,2023-01-23 13:43:57,Alugado
56683,47926,"MONITOR LED 17"" PCTOP ND CMP0037682DEC15522MLP170",4029,MOREIA TECNOLOGIA - LOCACOES,Alugado,48966,1,2022-10-19 08:49:00,Alugado
79614,47926,"MONITOR LED 17"" PCTOP ND CMP0037682DEC15522MLP170",3822,P M DE EUSEBIO/SECRETARIA DE DESENVOLVIMENTO SOCIAL-SDS,Devolução,500907,2,2023-02-08 11:47:09,Devolução
56684,47927,"MONITOR LED 17"" PCTOP ND CMP0037682DEC15768MLP170",4029,MOREIA TECNOLOGIA - LOCACOES,Alugado,51266,1,2023-01-04 23:00:00,Alugado
80702,47927,"MONITOR LED 17"" PCTOP ND CMP0037682DEC15768MLP170",3819,P M DE BARBALHA / SECRETARIA DE SAÚDE,Alugado,500536,1,2023-01-04 10:51:41,Alugado
56686,47930,"MONITOR LED 17"" PCTOP ND CMP0037682DEC14281MLP170",4029,MOREIA TECNOLOGIA - LOCACOES,Alugado,53233,1,2023-03-23 23:00:00,Alugado
81603,47930,"MONITOR LED 17"" PCTOP ND CMP0037682DEC14281MLP170",3826,P M DE GRANJA/SECRETARIA DE SAUDE,Substituição Devolução,552995,3,2026-04-27 16:41:21,Substituição Devolução
56687,47931,"MONITOR LED 17"" PCTOP ND CMP0037682DEC15182MLP170",3163,MOREIA TECNOLOGIA -  MANUTENÇÃO DE EQUIPAMENTOS,Alugado,508723,1,2023-10-31 14:36:02,Alugado
134658,47931,"MONITOR LED 17"" PCTOP ND CMP0037682DEC15182MLP170",3827,P M DE CASCAVEL  - SECRETRIA DE SAUDE/ POSTO SITIO PRATA,Devolução,546878,2,2026-01-06 08:30:52,Devolução
45119,47935,"MONITOR LED 17"" PCTOP ND CMP0037682DEC16542MLP170",3601,MOREIA TECNOLOGIA MANUTENCAO,Alugado,501807,1,2023-04-14 16:57:31,Alugado
56691,47935,"MONITOR LED 17"" PCTOP ND CMP0037682DEC16542MLP170",4029,MOREIA TECNOLOGIA - LOCACOES,Alugado,47649,1,2022-08-19 23:00:00,Alugado
45019,47938,MONITOR LED 19 TRONOS NS 19L07GT21051792,3636,GARANTIA,Alugado,120924,1,2022-10-13 09:44:07,Alugado
56694,47938,MONITOR LED 19 TRONOS NS 19L07GT21051792,4029,MOREIA TECNOLOGIA - LOCACOES,Alugado,50794,1,2022-08-17 23:59:00,Alugado
56702,47950,IMPRESSORA MULTIFUN LASER HP M428FDW NS BRDSQ2410VX,4029,MOREIA TECNOLOGIA - LOCACOES,Alugado,52897,1,2023-03-08 23:00:00,Alugado
81299,47950,IMPRESSORA MULTIFUNCIONAL LASER HP M428FDW NS BRDSQ2410VX,10388,P M CRATO/ SECRETARIA DE URBANISMO E MEIO AMBIENTE,Alugado,501256,1,2023-03-08 11:58:14,Alugado
44876,47955,MICRO I3 3.1 GHZ MEMORIA 4GB HD500,11793,BASE AQUIRAZ- MATHEUS 2025,Alugado,545137,1,2025-11-28 15:07:19,Alugado
56706,47955,MICRO CORE I3 4G HD 500,3500,BASE CAUCAIA - ANTONIO VIEIRA - ROTA LITORAL NORTE,Alugado,49668,1,2022-11-24 08:50:00,Alugado
56714,47964,TRANSFORMADOR DE 2000 W TRANSFORMER,4029,MOREIA TECNOLOGIA - LOCACOES,Alugado,53031,1,2023-03-15 23:00:00,Alugado
81519,47964,TRANSFORMADOR DE 2000 VA TRANSFORMER,11924,P M DE SAO LUIS - SEC MUNICIPAL DE SEGURANCA COM CIDADANIA - SEMUSC 2026,Alugado,551142,1,2026-03-25 10:43:03,Alugado
56722,47972,TRANSFORMADOR DE 2000 W TRANSFORMER,4029,MOREIA TECNOLOGIA - LOCACOES,Devolução,549673,2,2026-03-03 12:25:28,Devolução
80383,47972,TRANSFORMADOR DE 2000 W TRANSFORMER,3714,P M DE CASCAVEL - SECRETARIA DE SAÚDE UBS CAPONGA,Devolução,549650,2,2026-03-03 08:47:54,Devolução
56732,47982,ACCESS POINT UBIQUITI UNIFI UAP-AC-LR NS 78455843ADE1,4029,MOREIA TECNOLOGIA - LOCACOES,Alugado,53794,1,2023-04-14 23:00:00,Alugado
82862,47982,ACCESS POINT UBIQUITI UNIFI UAP-AC-LR NS 78455843ADE1,11933,INSTITUTO DE PREVIDENCIA E ASSISTENCIA DO MUNICIPIO - IPAM 2026,Alugado,551287,1,2026-03-27 11:17:45,Alugado
56733,47983,ACCESS POINT UBIQUITI UNIFI UAP-AC-LR NS 78455843AC02,10475,ALUCOM SAO LUIS,Alugado,53807,1,2023-04-14 23:00:00,Alugado
82861,47983,ACCESS POINT UBIQUITI UNIFI UAP-AC-LR NS 78455843AC02,11933,INSTITUTO DE PREVIDENCIA E ASSISTENCIA DO MUNICIPIO - IPAM 2026,Alugado,551287,1,2026-03-27 11:17:45,Alugado
56736,47986,ACCESS POINT UBIQUITI UNIFI UAP-AC-LR NS 78455843AE31,4029,MOREIA TECNOLOGIA - LOCACOES,Alugado,52949,1,2023-03-13 23:00:00,Alugado
81487,47986,ACCESS POINT UBIQUITI UNIFI UAP-AC-LR NS 78455843AE31,11933,INSTITUTO DE PREVIDENCIA E ASSISTENCIA DO MUNICIPIO - IPAM 2026,Alugado,551289,1,2026-03-27 12:09:17,Alugado
56739,47989,ACCESS POINT UBIQUITI UNIFI UAP-AC-LR NS 78955839668B,4029,MOREIA TECNOLOGIA - LOCACOES,Alugado,52984,1,2022-10-04 23:59:00,Alugado
81486,47989,ACCESS POINT UBIQUITI UNIFI UAP-AC-LR NS 78955839668B,11933,INSTITUTO DE PREVIDENCIA E ASSISTENCIA DO MUNICIPIO - IPAM 2026,Alugado,551287,1,2026-03-27 11:17:45,Alugado
44927,47995,ESTABILIZADOR 300VA ETERNITY,3640,P M IGUATU - SECRETARIA DE SAUDE,Alugado,552829,1,2026-04-24 14:33:53,Alugado
45426,47995,ESTABILIZADOR 300 VA  ETERNITY,3825,P M DE CASCAVEL - SECRETARIA DE ASSISTÊNCIA SOCIAL /CADASTRO UNICO,Devolução,545883,2,2025-12-15 09:00:32,Devolução
56745,47995,ESTABILIZADOR 300 VA  ETERNITY,3163,MOREIA TECNOLOGIA -  MANUTENÇÃO DE EQUIPAMENTOS,Alugado,48024,1,2022-09-05 15:20:00,Alugado
44931,47999,ESTABILIZADOR 300VA ETERNITY,3961,COMITE SERGIO AGUIAR,Devolução,120835,2,2022-10-04 00:00:00,Devolução
56749,47999,ESTABILIZADOR 300 VA  ETERNITY,4029,MOREIA TECNOLOGIA - LOCACOES,Alugado,53951,1,2023-04-20 23:00:00,Alugado
83033,47999,ESTABILIZADOR 300 VA ETERNITY,3649,P M DE OCARA - SECRETARIA DE SAUDE,Substituição Alugado,501901,5,2023-04-20 08:17:05,Substituição Alugado
44933,48000,ESTABILIZADOR 300VA ETERNITY,3961,COMITE SERGIO AGUIAR,Devolução,120257,2,2022-08-10 00:00:00,Devolução
45012,48000,ESTABILIZADOR 300 VA  ETERNITY,3718,P M DE IGUATU - SECRETARIA INFRA ESTRUTURA - SEINFRA,Alugado,120294,1,2022-08-16 16:15:23,Alugado
56750,48000,ESTABILIZADOR 300 VA  ETERNITY,3500,BASE CAUCAIA - ANTONIO VIEIRA - ROTA LITORAL NORTE,Alugado,49205,1,2022-11-07 16:44:00,Alugado
56751,48001,IMPRESSORA MULTIFUN LASER HP M428FDW NS BRDSQ2H09F,4029,MOREIA TECNOLOGIA - LOCACOES,Devolução,535130,2,2025-06-16 10:52:19,Devolução
79691,48001,IMPRESSORA MULTIFUNCIONAL LASER HP M428FDW NS BRDSQ2H09F,2409,SEC. DE EDUCAÇÃO DE CAUCAIA - ESCOLA MARIA DOLORES MENEZES,Substituição Alugado,536079,5,2025-07-02 09:33:49,Substituição Alugado
45176,48010,"MONITOR LED 19"" GOLDENTEC NS HOP074618921113417",3918,P M DE REDENCAO - SECRETARIA MUNICIPAL DE EDUCACAO,Substituição Devolução,554250,3,2026-05-20 16:53:55,Substituição Devolução
56760,48010,"MONITOR LED 19"" GOLDENTEC NS HOP074618921113417",4029,MOREIA TECNOLOGIA - LOCACOES,Alugado,47937,1,2022-08-31 23:00:00,Alugado
56765,48015,"MONITOR LED 19"" BLUECASE NS 337448063740166",4029,MOREIA TECNOLOGIA - LOCACOES,Alugado,512005,1,2024-01-19 10:14:39,Alugado
128011,48015,"MONITOR LED 19"" BLUECASE NS 337448063740166",11928,P M SÃO LUIS - SECRETARIA DE TRÂNSITO E TRANSPORTES-SMTT 2026,Alugado,550871,1,2026-03-20 09:46:34,Alugado
56776,48026,"MONITOR LED 19"" BLUECASE NS 337448063740132",4029,MOREIA TECNOLOGIA - LOCACOES,Alugado,53665,1,2023-04-11 23:00:00,Alugado
82211,48026,MONITOR LED 19,10672,BASE ALUCOM - SÃO LUIS,Alugado,510477,1,2023-12-12 12:43:53,Alugado
56781,48031,"MONITOR LED 19"" BLUECASE NS HOP074618921114130",4029,MOREIA TECNOLOGIA - LOCACOES,Alugado,50826,1,2022-10-20 23:00:00,Alugado
79679,48031,"MONITOR LED 19"" BLUECASE NS HOP074618921114130",7586,P M CRATO/ SECRETARIA DE SEGURANÇA PUBLICA / GESTÃO E MAN_ATIVIDADES DA SEC_SEGURANÇA PUBLICA,Alugado,281704,1,2022-10-19 19:16:38,Alugado
56782,48032,"MONITOR LED 19"" BLUECASE NS HOP074618921113410",3163,MOREIA TECNOLOGIA -  MANUTENÇÃO DE EQUIPAMENTOS,Alugado,50783,1,2022-11-11 23:00:00,Alugado
80100,48032,"MONITOR LED 19"" BLUECASE NS HOP074618921113410",3838,PM DE ACOPIARA/SECRETARIA DE ADMINISTRAÇÃO E FINANÇAS,Alugado,500110,1,2022-11-17 10:26:26,Alugado
56786,48038,"MONITOR LED 23,6"" AOC NS HBCM2XA011451",4567,AS SISTEMAS – SAUDE CAUCAIA – SALA SITUACAO,Devolução,512840,2,2024-02-23 15:09:35,Devolução
131783,48038,"MONITOR LED 23,6"" BLUECASE NS 36666380027",3762,P M DE TAUÁ / SECRETARIA DE EDUCAÇÃO,Alugado,514927,1,2024-04-09 18:42:26,Alugado
56792,48046,IMPRESSORA MULTIFUN LASER HP M428FDW NS BRDSQ2H082,4029,MOREIA TECNOLOGIA - LOCACOES,Devolução,542933,2,2025-10-30 12:39:39,Devolução
79644,48046,IMPRESSORA MULTIFUNCIONAL  LASER HP M428FDW NS BRDSQ2H082,4544,P M DE SAO LUIS  - SECRETARIA MUNIC DA CRIANCA E ASSIST SOCIAL  - SEMCAS RESERVA,Reserva,547410,7,2026-01-19 09:14:00,Reserva
56796,48050,IMPRESSORA MULTIFUN LASER HP M428FDW NS BRDSQ1V0J1,4029,MOREIA TECNOLOGIA - LOCACOES,Alugado,49083,1,2022-10-26 23:00:00,Alugado
79814,48050,IMPRESSORA MULTIFUNCIONAL  LASER HP M428FDW NS BRDSQ1V0J1,3332,P. M. DE ARACATI - SECRETARIA DE SAÚDE,Substituição Alugado,554324,5,2026-05-21 16:03:55,Substituição Alugado
56798,48052,IMPRESSORA MULTIFUN LASER HP M428FDW NS BRDSQ2J006,4029,MOREIA TECNOLOGIA - LOCACOES,Alugado,49395,1,2022-11-16 23:00:00,Alugado
80090,48052,IMPRESSORA MULTIFUN LASER HP M428FDW NS BRDSQ2J006,3747,P M DE IGUATU - SECRETARIA DO GOVERNO,Alugado,501259,1,2023-03-08 14:50:11,Alugado
56799,48053,IMPRESSORA MULTIFUN LASER HP M428FDW NS BRDSQ2HONP,11723,PM AQUIRAZ / SECRETARIA DE EDUCAÇÃO SEDE-20252208.08,Alugado,544888,1,2025-11-25 09:21:58,Alugado
80088,48053,IMPRESSORA MULTIFUN LASER HP M428FDW NS BRDSQ2HONP,2155,P. M. DE ARACATI - SECRETARIA DE EDUCAÇÃO,Substituição Alugado,547250,5,2026-01-13 17:00:30,Substituição Alugado
56800,48054,IMPRESSORA MULTIFUN LASER HP M428FDW NS BRDSQ1V0J2,4029,MOREIA TECNOLOGIA - LOCACOES,Alugado,49000,1,2022-10-20 10:27:00,Alugado
79638,48054,IMPRESSORA MULTIFUNCIONAL LASER HP M428FDW NS BRDSQ1V0J2,10388,P M CRATO/ SECRETARIA DE URBANISMO E MEIO AMBIENTE,Substituição Alugado,501383,5,2023-03-17 08:42:20,Substituição Alugado
56802,48056,IMPRESSORA MULTIFUN LASER HP M428FDW NS BRDSQ2J003,4029,MOREIA TECNOLOGIA - LOCACOES,Alugado,49083,1,2022-10-26 23:00:00,Alugado
79815,48056,IMPRESSORA MULTIFUNCIONAL  LASER HP M428FDW NS BRDSQ2J003,3746,P M DE IGUATU - SECRETARIA DE DESENVOLVIMENTO AGRARIO,Alugado,281761,1,2022-10-26 11:08:19,Alugado
56805,48059,IMPRESSORA MULTIFUN LASER HP M428FDW NS BRDSQ2J058,4029,MOREIA TECNOLOGIA - LOCACOES,Alugado,50277,1,2022-12-20 23:00:00,Alugado
80504,48059,IMPRESSORA MULTIFUN LASER HP M428FDW NS BRDSQ2J058,10396,P M CRATO/ GABINETE DO VICE PREFEITO,Alugado,500370,1,2022-12-20 11:36:44,Alugado
56806,48060,IMPRESSORA MULTIFUN LASER HP M428FDW NS BRDSQ2H0GP,2278,SEC. DE EDUCAÇÃO DE CAUCAIA - ESCOLA LUIZ ROCHA MOTA - EEIEF - 2014,Substituição Alugado,546661,5,2025-12-29 14:45:45,Substituição Alugado
79798,48060,IMPRESSORA MULTIFUNCIONAL  LASER HP M428FDW NS BRDSQ2H0GP,,,Transferência,527189,6,2025-02-10 17:34:14,Transferência
56807,48061,IMPRESSORA MULTIFUN LASER HP M428FDW NS BRDSQ2J04R,4545,IP LOCACOES,Alugado,508873,1,2023-11-03 14:43:21,Alugado
81294,48061,IMPRESSORA MULTIFUNCIONAL  LASER HP M428FDW NS BRDSQ2J04R,10496,IP LOCACOES,Alugado,508874,1,2023-11-03 14:43:43,Alugado
125060,48061,IMPRESSORA LASER MONO HP M428FDW NS BRDSQ2J04R,3958,CAMARA MUNICIPAL DE CANINDE,Devolução,548771,2,2026-02-13 14:32:41,Devolução
56808,48062,IMPRESSORA MULTIFUN LASER HP M428FDW NS BRDSQ2J05C,3112,P.M DE CAUCAIA - EDUCAÇÃO - ESCOLA SANTA RITA,Substituição Alugado,552346,5,2026-04-15 08:58:49,Substituição Alugado
80089,48062,IMPRESSORA MULTIFUN LASER HP M428FDW NS BRDSQ2J05C,3597,P M DE MONSENHOR TABOSA/SECRETARIA DE SAÚDE,Devolução,516118,2,2024-05-02 11:35:06,Devolução
56851,48108,ESTABILIZADOR 500VA BEM LIGADO,4515,COMITE PDT CEARA - ROBERTO CLAUDIO 2022,Devolução,48625,2,2022-10-04 10:07:00,Devolução
80381,48108,ESTABILIZADOR 500VA BEM LIGADO,3920,TECNICO ALUCOM  - IGOR,Devolução,500229,2,2022-12-01 17:55:20,Devolução
56857,48114,ESTABILIZADOR 500VA BEM LIGADO,4029,MOREIA TECNOLOGIA - LOCACOES,Alugado,53794,1,2023-04-14 23:00:00,Alugado
80382,48114,ESTABILIZADOR 500VA BEM LIGADO,10470,P M DE ICO - CENTRO DE OPERACAO DE TRANSITO AUTARQUIA MUNICIPAL DE ICO - COTRAN,Alugado,501796,1,2023-04-14 11:04:20,Alugado
45033,48120,MONITOR LED 19 BRX NS 060722347,3627,P M DE JUAZEIRO - SECRET MUNIC DESENV SOCIAL E TRABALHO - SEDEST,Alugado,120330,1,2022-08-17 15:26:37,Alugado
56863,48120,MONITOR LED 19 BRX NS 060722347,4029,MOREIA TECNOLOGIA - LOCACOES,Alugado,50794,1,2022-08-17 23:59:00,Alugado
56864,48121,MONITOR LED 19 BRX NS 080722253,4029,MOREIA TECNOLOGIA - LOCACOES,Alugado,511063,1,2023-12-26 09:23:53,Alugado
127230,48121,"MONITOR 19"" BRX NS 080722253",3660,P M DE ACARAPE - SECRETARIA DE SAUDE,Alugado,511065,1,2023-12-26 09:25:26,Alugado
56868,48125,MONITOR LED 19 BRX NS 080722166,4029,MOREIA TECNOLOGIA - LOCACOES,Alugado,50826,1,2022-10-20 23:00:00,Alugado
79706,48125,MONITOR LED 19 BRX NS 080722166,7585,P M CRATO/ SECRETARIA DE SEGURANÇA PUBLICA / GESTÃO ADMINISTRATIVA DA GUARDA CIVIL MUNICIPAL,Alugado,281705,1,2022-10-20 09:53:42,Alugado
45034,48127,MONITOR LED 19 BRX NS 060722345,3627,P M DE JUAZEIRO - SECRET MUNIC DESENV SOCIAL E TRABALHO - SEDEST,Alugado,120330,1,2022-08-17 15:26:37,Alugado
56870,48127,MONITOR LED 19 BRX NS 060722345,4029,MOREIA TECNOLOGIA - LOCACOES,Alugado,50794,1,2022-08-17 23:59:00,Alugado
45042,48128,MONITOR LED 19 BRX NS 060722405,3627,P M DE JUAZEIRO - SECRET MUNIC DESENV SOCIAL E TRABALHO - SEDEST,Alugado,120330,1,2022-08-17 15:26:37,Alugado
56871,48128,MONITOR LED 19 BRX NS 060722405,4029,MOREIA TECNOLOGIA - LOCACOES,Alugado,50794,1,2022-08-17 23:59:00,Alugado
45035,48129,MONITOR LED 19 BRX NS 060722400,3627,P M DE JUAZEIRO - SECRET MUNIC DESENV SOCIAL E TRABALHO - SEDEST,Alugado,120330,1,2022-08-17 15:26:37,Alugado
56872,48129,MONITOR LED 19 BRX NS 060722400,4029,MOREIA TECNOLOGIA - LOCACOES,Alugado,50794,1,2022-08-17 23:59:00,Alugado
45036,48131,MONITOR LED 19 BRX NS 060722401,3627,P M DE JUAZEIRO - SECRET MUNIC DESENV SOCIAL E TRABALHO - SEDEST,Alugado,120330,1,2022-08-17 15:26:37,Alugado
56874,48131,MONITOR LED 19 BRX NS 060722401,4029,MOREIA TECNOLOGIA - LOCACOES,Alugado,50794,1,2022-08-17 23:59:00,Alugado
56877,48134,MONITOR LED 19 BRX NS 060722358,3058,P.M DE CAUCAIA - SAÚDE - UBS ROCILDA OLIVEIRA PONTES,Substituição Devolução,504273,3,2023-07-24 09:57:13,Substituição Devolução
133782,48134,"MONITOR 19"" BRX NS 060722358",3594,P M DE ITAPIUNA/SECRETARIA DE SAÚDE,Devolução,531391,2,2025-04-25 08:32:43,Devolução
56878,48135,MONITOR LED 19 BRX NS 080722130,4029,MOREIA TECNOLOGIA - LOCACOES,Alugado,50826,1,2022-10-20 23:00:00,Alugado
79680,48135,MONITOR LED 19 BRX NS 080722130,7586,P M CRATO/ SECRETARIA DE SEGURANÇA PUBLICA / GESTÃO E MAN_ATIVIDADES DA SEC_SEGURANÇA PUBLICA,Alugado,281704,1,2022-10-19 19:16:38,Alugado
45030,48136,MONITOR LED 19 BRX NS 060722354,3792,P M DE IGUATU / SECRETARIA DE TRANSITO E MOBILIDADE URBANA,Alugado,120327,1,2022-08-17 14:29:25,Alugado
56879,48136,MONITOR LED 19 BRX NS 060722354,4029,MOREIA TECNOLOGIA - LOCACOES,Alugado,50794,1,2022-08-17 23:59:00,Alugado
56881,48138,MONITOR LED 19 BRX NS 060722374,4029,MOREIA TECNOLOGIA - LOCACOES,Alugado,50826,1,2022-10-20 23:00:00,Alugado
79708,48138,"MONITOR LED 19 BRX NS 060722374""",7585,P M CRATO/ SECRETARIA DE SEGURANÇA PUBLICA / GESTÃO ADMINISTRATIVA DA GUARDA CIVIL MUNICIPAL,Alugado,281705,1,2022-10-20 09:53:42,Alugado
56895,48152,MONITOR LED 19 BRX NS 080722268,4029,MOREIA TECNOLOGIA - LOCACOES,Alugado,50826,1,2022-10-20 23:00:00,Alugado
79634,48152,"MONITOR LED 19"" BRX NS 080722268",7584,P M CRATO/ SECRETARIA DE SEGURANÇA PUBLICA / GESTÃO ADMINISTRATIVA DO DEMUTRAN,Alugado,281703,1,2022-10-19 18:16:28,Alugado
45037,48157,MONITOR LED 19 BRX NS 060722351,3627,P M DE JUAZEIRO - SECRET MUNIC DESENV SOCIAL E TRABALHO - SEDEST,Alugado,120330,1,2022-08-17 15:26:37,Alugado
56900,48157,MONITOR LED 19 BRX NS 060722351,4029,MOREIA TECNOLOGIA - LOCACOES,Alugado,50794,1,2022-08-17 23:59:00,Alugado
56902,48159,MONITOR LED 19 BRX NS 060722305,11867,P M ACOPIARA/ SECRETARIA DE EDUCAÇÃO 2026,Alugado,549784,1,2026-03-04 15:26:34,Alugado
79655,48159,"MONITOR LED 19"" BRX NS 060722305",3839,P M DE ACOPIARA  - SECRETARIA DE EDUCACAO,Devolução,549775,2,2026-03-04 14:46:10,Devolução
56903,48160,"MONITOR LED 19"" BRX NS 060722413",697,GARANTIA,Devolução,57110,2,2023-04-26 09:41:44,Devolução
79652,48160,"MONITOR LED 19"" BRX NS 060722413",3818,P M DE CRATO - CONTROLADORIA E OUVIDORIA GERAL DO MUNICIPIO,Substituição Devolução,499994,3,2022-11-04 15:54:12,Substituição Devolução
56905,48162,MONITOR LED 19  BRX NS 080722151,4029,MOREIA TECNOLOGIA - LOCACOES,Alugado,50826,1,2022-10-20 23:00:00,Alugado
79676,48162,MONITOR LED 19  BRX NS 080722151,7586,P M CRATO/ SECRETARIA DE SEGURANÇA PUBLICA / GESTÃO E MAN_ATIVIDADES DA SEC_SEGURANÇA PUBLICA,Substituição Devolução,545376,3,2025-12-02 16:33:16,Substituição Devolução
56916,48173,TV 39 LED AOC 39SM5XA002903,4029,MOREIA TECNOLOGIA - LOCACOES,Alugado,511095,1,2023-12-26 14:27:06,Alugado
127277,48173,TV 39 LED AOC 39SM5XA002903,3746,P M DE IGUATU - SECRETARIA DE DESENVOLVIMENTO AGRARIO,Alugado,511093,1,2023-12-26 14:35:53,Alugado
44955,48183,TRANSFORMADOR DE 2000 W TRANSFORMER,3601,MOREIA TECNOLOGIA MANUTENCAO,Alugado,281794,1,2022-10-27 15:06:13,Alugado
44963,48183,TRANSFORMADOR 2000VA TRANSFORMER,3964,COMITE - ELIANE BRAZ - IGUATU,Devolução,281774,2,2022-10-26 14:30:23,Devolução
44967,48189,NOTEBOOK CORE I3 LENOVO 4GB HD 1TB NS PE081FAZ,3987,MOREIA LOCACOES,Alugado,450708,1,2022-10-31 11:53:33,Alugado
79970,48189,NOTEBOOK CORE I3 LENOVO 4GB HD 1TB NS PE081FAZ,3824,P M IGUATU / SECRETARIA DA FAZENDA - FINANÇAS ( SEFIN ),Alugado,450707,1,2022-10-31 11:49:46,Alugado
44959,48191,"MICRO CORE I5 16GB, SSD 240 PLACA VIDEO 2GB",3823,P M DE EUSEBIO/SECRETARIA DE CULTURA E TURISMO,Devolução,511809,2,2024-01-16 10:44:10,Devolução
136150,48191,MICRO I5 8GB RAM SSD 256GB,2644,P M DE CAUCAIA / IMAC,Substituição Alugado,519140,5,2024-07-04 10:57:12,Substituição Alugado
44969,48194,NOTEBOOK CORE I3 LENOVO 4GB SSD 256 NS PE081V4VP,3987,MOREIA LOCACOES,Alugado,450704,1,2022-10-31 10:26:11,Alugado
79969,48194,NOTEBOOK CORE I3 LENOVO 4GB SSD 256 NS PE081V4VP,3640,P M IGUATU - SECRETARIA DE SAUDE,Alugado,450705,1,2022-10-31 10:27:49,Alugado
44970,48195,NOTEBOOK CORE I3 LENOVO 4GB SSD 256 NS PE08V4KM,3967,ALUCOM LOCACOES,Alugado,500310,1,2022-12-14 11:36:02,Alugado
80611,48195,NOTEBOOK CORE I3 LENOVO 4GB SSD 256 NS PE08V4KM,4029,MOREIA TECNOLOGIA - LOCACOES,Alugado,52540,1,2023-02-23 23:00:00,Alugado
81123,48195,NOTEBOOK CORE I3 LENOVO 4GB SSD 256 NS PE08V4KM,3762,P M DE TAUÁ / SECRETARIA DE EDUCAÇÃO,Substituição Devolução,555525,3,2026-06-17 15:11:16,Substituição Devolução
56927,48203,ESTABILIZADOR 500VA  BEM LIGADO,4029,MOREIA TECNOLOGIA - LOCACOES,Alugado,50697,1,2022-10-21 23:00:00,Alugado
80537,48203,ESTABILIZADOR 500 VA BEM LIGADO,3819,P M DE BARBALHA / SECRETARIA DE SAÚDE,Substituição Alugado,552752,5,2026-04-24 10:12:09,Substituição Alugado
56929,48205,ESTABILIZADOR 500VA  BEM LIGADO,4029,MOREIA TECNOLOGIA - LOCACOES,Alugado,50268,1,2022-12-19 23:00:00,Alugado
80473,48205,ESTABILIZADOR 500VA  BEM LIGADO,10392,P M CRATO/ SECRETARIA DE DESENVOLVIMENTO AGROPECUARIO E RECURSOS HIDRICOS,Alugado,500357,1,2022-12-19 15:00:24,Alugado
45000,48208,ESTABILIZADOR 500VA BEM LIGADO,3965,COMITÊ SERGIO AGUIAR - CAMOCIM,Devolução,281694,2,2022-10-19 10:35:30,Devolução
56932,48208,ESTABILIZADOR 500VA  BEM LIGADO,10392,P M CRATO/ SECRETARIA DE DESENVOLVIMENTO AGROPECUARIO E RECURSOS HIDRICOS,Substituição Alugado,532960,5,2025-05-20 16:36:22,Substituição Alugado
44998,48209,ESTABILIZADOR 500VA BEM LIGADO,3965,COMITÊ SERGIO AGUIAR - CAMOCIM,Devolução,281694,2,2022-10-19 10:35:30,Devolução
56933,48209,ESTABILIZADOR 500VA BEM LIGADO,3163,MOREIA TECNOLOGIA -  MANUTENÇÃO DE EQUIPAMENTOS,Alugado,48993,1,2022-10-19 15:51:00,Alugado
44997,48212,ESTABILIZADOR 500VA BEM LIGADO,3965,COMITÊ SERGIO AGUIAR - CAMOCIM,Devolução,281694,2,2022-10-19 10:35:30,Devolução
56936,48212,ESTABILIZADOR 500VA BEM LIGADO,3163,MOREIA TECNOLOGIA -  MANUTENÇÃO DE EQUIPAMENTOS,Devolução,53499,2,2023-04-03 14:42:03,Devolução
44996,48213,ESTABILIZADOR 500VA BEM LIGADO,3965,COMITÊ SERGIO AGUIAR - CAMOCIM,Devolução,281694,2,2022-10-19 10:35:30,Devolução
56937,48213,ESTABILIZADOR 500VA BEM LIGADO,3500,BASE CAUCAIA - ANTONIO VIEIRA - ROTA LITORAL NORTE,Alugado,51730,1,2023-01-23 09:54:41,Alugado
56943,48219,ESTABILIZADOR 500VA BEM LIGADO,4029,MOREIA TECNOLOGIA - LOCACOES,Alugado,49525,1,2022-11-21 23:00:00,Alugado
80120,48219,ESTABILIZADOR 500VA BEM LIGADO,3762,P M DE TAUÁ / SECRETARIA DE EDUCAÇÃO,Alugado,500129,1,2022-11-21 15:03:06,Alugado
56944,48220,ESTABILIZADOR 500VA BEM LIGADO,4029,MOREIA TECNOLOGIA - LOCACOES,Alugado,50268,1,2022-12-19 23:00:00,Alugado
80472,48220,ESTABILIZADOR 500VA BEM LIGADO,10392,P M CRATO/ SECRETARIA DE DESENVOLVIMENTO AGROPECUARIO E RECURSOS HIDRICOS,Alugado,500357,1,2022-12-19 15:00:24,Alugado
56946,48222,ESTABILIZADOR 500VA BEM LIGADO,2315,SEC. DE EDUCAÇÃO DE CAUCAIA - ESCOLA ESTEVAM MATIAS DE PAULA EEIEF - 2014,Substituição Alugado,539037,5,2025-08-25 13:20:03,Substituição Alugado
80893,48222,ESTABILIZADOR 500VA BEM LIGADO,3751,MYKAEL - ROTA CARIRI - IGUATU,Devolução,525871,2,2025-01-20 12:46:10,Devolução
45044,48229,MONITOR LED 15 BLUEVIX NS 351447651831825,3622,ALUCOM LOCACOES,Devolução,531460,2,2025-04-27 17:30:35,Devolução
56953,48229,"MONITOR LED 15"" BLUECASE NS 351447651831825",4227,P M CAMOCIM -SECRETARIA DE DESENVOLVIMENTO SOCIAL,Alugado,531801,1,2025-05-05 18:03:49,Alugado
45049,48234,MONITOR LED 15 BLUEVIX NS 351447651832010,,,,,,,Sem Movimento
56958,48234,"MONITOR LED 15""  BLUCASE NS 351447651832010",3163,MOREIA TECNOLOGIA -  MANUTENÇÃO DE EQUIPAMENTOS,Devolução,52637,2,2023-02-27 10:45:10,Devolução
45052,48237,MONITOR LED 15 BLUEVIX NS 351447651832006,10504,SINDICATO DAS EMPRESAS DE TRANSPORTES DE PASSAGEIROS DO ESTADO DO CEARÁ - ETUFOR,Devolução,530074,2,2025-03-31 10:45:43,Devolução
56961,48237,"MONITOR LED 15""  BLUCASE NS 351447651832006",3163,MOREIA TECNOLOGIA -  MANUTENÇÃO DE EQUIPAMENTOS,Devolução,52637,2,2023-02-27 10:45:10,Devolução
45057,48242,MONITOR LED 15 BLUEVIX NS 351447651830629,,,,,,,Sem Movimento
56966,48242,"MONITOR LED 15""  BLUCASE NS 351447651830629",10523,RODRIGUES/RENAN - ROTA LITORIAL LESTE,Devolução,550675,2,2026-03-17 11:37:46,Devolução
56970,48246,TRANSFORMADOR DE 2000 W TRANSFORMER,3163,MOREIA TECNOLOGIA -  MANUTENÇÃO DE EQUIPAMENTOS,Alugado,51502,1,2023-01-12 15:34:03,Alugado
81433,48246,TRANSFORMADOR 2000VA TRANSFORMER,11927,P M DE SAO LUIS - PROCURADOR GERAL DO MUNICIPIO/PGM 2026,Alugado,551168,1,2026-03-26 10:01:26,Alugado
45616,48251,"TV 39"" LED AOC NS 39SM5XA004459",3762,P M DE TAUÁ / SECRETARIA DE EDUCAÇÃO,Alugado,120837,1,2022-10-04 16:55:20,Alugado
56973,48251,TV 39 LED AOC NS 39SM5XA004459,4029,MOREIA TECNOLOGIA - LOCACOES,Alugado,48659,1,2022-10-04 23:00:00,Alugado
56976,48254,MICRO CORE I3  8GB HD 320,4029,MOREIA TECNOLOGIA - LOCACOES,Alugado,50148,1,2022-12-13 23:00:00,Alugado
80453,48254,MICRO CORE I3  8GB HD 2TB,3769,P M DE BARBALHA - SECRETARIA DE ADMINISTRACAO,Substituição Alugado,508687,5,2023-10-31 10:14:00,Substituição Alugado
56995,48273,MONITOR LED 19 BRX NS 080722258,4029,MOREIA TECNOLOGIA - LOCACOES,Alugado,50640,1,2022-10-20 23:00:00,Alugado
79675,48273,MONITOR LED 19 BRX NS 080722258,7586,P M CRATO/ SECRETARIA DE SEGURANÇA PUBLICA / GESTÃO E MAN_ATIVIDADES DA SEC_SEGURANÇA PUBLICA,Alugado,281704,1,2022-10-19 19:16:38,Alugado
57000,48278,MONITOR LED 19 BRX NS 060722339,4029,MOREIA TECNOLOGIA - LOCACOES,Alugado,50640,1,2022-10-20 23:00:00,Alugado
79709,48278,MONITOR LED 19 BRX NS 060722339,7585,P M CRATO/ SECRETARIA DE SEGURANÇA PUBLICA / GESTÃO ADMINISTRATIVA DA GUARDA CIVIL MUNICIPAL,Alugado,281705,1,2022-10-20 09:53:42,Alugado
57002,48280,MONITOR LED 19 BRX NS 080722131,4029,MOREIA TECNOLOGIA - LOCACOES,Devolução,538078,2,2025-08-11 09:35:53,Devolução
79713,48280,MONITOR LED 19 BRX NS 080722131,7585,P M CRATO/ SECRETARIA DE SEGURANÇA PUBLICA / GESTÃO ADMINISTRATIVA DA GUARDA CIVIL MUNICIPAL,Substituição Devolução,532258,3,2025-05-09 16:41:07,Substituição Devolução
57003,48281,MONITOR LED 19 BRX NS 080722066,4029,MOREIA TECNOLOGIA - LOCACOES,Alugado,50640,1,2022-10-20 23:00:00,Alugado
79710,48281,MONITOR LED 19 BRX NS 080722066,7585,P M CRATO/ SECRETARIA DE SEGURANÇA PUBLICA / GESTÃO ADMINISTRATIVA DA GUARDA CIVIL MUNICIPAL,Alugado,281705,1,2022-10-20 09:53:42,Alugado
57004,48282,MONITOR LED 19 BRX NS 060722335,4029,MOREIA TECNOLOGIA - LOCACOES,Alugado,57445,1,2023-05-10 23:00:00,Alugado
79649,48282,"MONITOR LED 19"" BRX NS 060722335",3629,CARLOS OLIVEIRA - ROTA CARIRI - CRATO,Devolução,511195,2,2023-12-29 11:44:50,Devolução
57006,48284,ESTABILIZADOR 500VA BEM LIGADO,4029,MOREIA TECNOLOGIA - LOCACOES,Alugado,52145,1,2023-02-03 14:42:00,Alugado
80895,48284,ESTABILIZADOR 500VA BEM LIGADO,3751,MYKAEL - ROTA CARIRI - IGUATU,Alugado,500868,1,2023-02-03 19:14:45,Alugado
57007,48285,ESTABILIZADOR 500VA BEM LIGADO,4029,MOREIA TECNOLOGIA - LOCACOES,Alugado,52145,1,2023-02-03 14:42:00,Alugado
80896,48285,ESTABILIZADOR 500VA BEM LIGADO,3751,MYKAEL - ROTA CARIRI - IGUATU,Alugado,500868,1,2023-02-03 19:14:45,Alugado
57017,48295,ESTABILIZADOR 500VA BEM LIGADO,4520,COPLANA PSD N.A,Devolução,540922,2,2025-09-25 10:49:50,Devolução
79765,48295,ESTABILIZADOR 500 VA BEM LIGADO,3660,P M DE ACARAPE - SECRETARIA DE SAUDE,Substituição Devolução,539401,3,2025-09-01 08:47:35,Substituição Devolução
44989,48298,MICRO CORE I5 4GB SSD 240,3987,MOREIA LOCACOES,Alugado,502442,1,2023-05-25 11:53:17,Alugado
117796,48298,MICRO CORE I5 5GB SSD 240,4045,ISGH - LEONARDO DA VINCI,Substituição Alugado,553483,5,2026-05-08 09:28:13,Substituição Alugado
57021,48300,TRANSFORMADOR DE 2000 W  TRANSFORMER,4029,MOREIA TECNOLOGIA - LOCACOES,Alugado,53255,1,2023-03-24 23:00:00,Alugado
81626,48300,TRANSFORMADOR DE 2000 W TRANSFORMER,11924,P M DE SAO LUIS - SEC MUNICIPAL DE SEGURANCA COM CIDADANIA - SEMUSC 2026,Alugado,551142,1,2026-03-25 10:43:03,Alugado
44991,48306,MICRO CORE I5 4GB SSD 240,3987,MOREIA LOCACOES,Alugado,500730,1,2023-01-23 13:32:47,Alugado
80806,48306,MICRO CORE I5 4GB SSD 240,10403,P M ICÓ/ SECRETARIA DE ADMINISTRAÇÃO E FINANÇAS,Alugado,500731,1,2023-01-23 13:43:57,Alugado
44992,48307,MICRO CORE I5 4GB SSD 240,3987,MOREIA LOCACOES,Alugado,500730,1,2023-01-23 13:32:47,Alugado
80805,48307,MICRO CORE I5 4GB SSD 240,10403,P M ICÓ/ SECRETARIA DE ADMINISTRAÇÃO E FINANÇAS,Substituição Devolução,552848,3,2026-04-24 15:16:57,Substituição Devolução
45007,48310,PROJETOR GOLDENTEC GT 2000 LUMENS NS 39862PJ40319120296,10452,"PM ICÓ / SECRETARIA DE DESENVOLVIMENTO ECONÔMICO, CULTURA E TURISMO",Substituição Alugado,545423,5,2025-12-02 17:12:19,Substituição Alugado
57026,48310,ESTABILIZADOR 300 VA,4029,MOREIA TECNOLOGIA - LOCACOES,Alugado,50277,1,2022-12-20 23:00:00,Alugado
80506,48310,PROJETOR MULTIMIDIA 2000 LUMENS GOLDENTEC GT NS 39862PJ40319120296,3746,P M DE IGUATU - SECRETARIA DE DESENVOLVIMENTO AGRARIO,Substituição Devolução,535739,3,2025-06-25 17:00:54,Substituição Devolução
57027,48311,IMPRESSORA MULTIFUN LASER HP M428FDW NS BRDSQ1VQJD,4029,MOREIA TECNOLOGIA - LOCACOES,Alugado,49000,1,2022-10-20 10:27:00,Alugado
79636,48311,IMPRESSORA MULTIFUNCIONAL  LASER HP M428FDW NS BRDSQ1VQJD,2155,P. M. DE ARACATI - SECRETARIA DE EDUCAÇÃO,Substituição Alugado,529584,5,2025-03-19 15:10:11,Substituição Alugado
57029,48313,IMPRESSORA MULTIFUN LASER HP M428FDW  NS BRDSQ2H0NL,2285,SEC. DE EDUCAÇÃO DE CAUCAIA - ESCOLA MANOEL PEREIRA MARQUES - 2014,Substituição Alugado,520519,5,2024-08-13 10:57:14,Substituição Alugado
81295,48313,IMPRESSORA MULTIFUNCIONAL LASER HP M428FDW  NS BRDSQ2H0NL,3601,MOREIA TECNOLOGIA MANUTENCAO,Alugado,501664,1,2023-04-03 13:40:22,Alugado
57035,48320,IMPRESSORA MULTIFUN LASER HP M428FDW  NS BRDSQ1V0J7,4544,P M DE SAO LUIS  - SECRETARIA MUNIC DA CRIANCA E ASSIST SOCIAL  - SEMCAS RESERVA,Reserva,547410,7,2026-01-19 09:14:00,Reserva
80811,48320,IMPRESSORA MULTIFUN LASER HP M428FDW  NS BRDSQ1V0J7,3754,P M DE CASCAVEL - SECRETARIA DE SAUDE/ ATENÇÃO PRIMARIA,Substituição Devolução,511850,3,2024-01-17 09:06:42,Substituição Devolução
57041,48326,IMPRESSORA MULT LASER BROTHER DCP-2540DW NS U633885D1N781021,4029,MOREIA TECNOLOGIA - LOCACOES,Devolução,549264,2,2026-02-24 16:03:30,Devolução
83336,48326,IMPRESSORA MULT LASER BROTHER DCP-2540DW NS U633885D1N781021,3640,P M IGUATU - SECRETARIA DE SAUDE,Alugado,549267,1,2026-02-24 16:05:01,Alugado
57042,48327,IMPRESSORA MULT LASER BROTHER DCP-2540DW NS U63885D1N781099,4029,MOREIA TECNOLOGIA - LOCACOES,Devolução,547669,2,2026-01-23 09:26:06,Devolução
80131,48327,IMPRESSORA MULT LASER BROTHER DCP-2540DW NS U63885D1N781099,3904,P M DE ACARAPE -SECRETARIA  MUNICIPAL  DE EDUCAÇÃO  DO MUNICIPIO,Substituição Devolução,547593,3,2026-01-21 16:55:47,Substituição Devolução
45062,48334,TRANSFORMADOR DE 2000 W  TRANSFORMER,3703,P M DE IGUATU - MEIO AMBIENTE,Devolução,516750,2,2024-05-13 12:05:35,Devolução
57049,48334,TRANSFORMADOR DE 2000 W  TRANSFORMER,4539,P M DE SAO LUIS  - SECRETARIA MUNIC DA CRIANCA E ASSIST SOCIAL  - SEMCAS,Reserva,554103,7,2026-05-19 15:25:21,Reserva
57050,48335,TRANSFORMADOR DE 2000 W  TRANSFORMER,4029,MOREIA TECNOLOGIA - LOCACOES,Alugado,52947,1,2023-03-10 18:26:53,Alugado
81414,48335,TRANSFORMADOR 2000VA TRANSFORMER,11929,P M DE SAO LUIS -SECRETARIA MUNICIPAL DE MEIO AMBIENTE/ SEMMAM 2026,Alugado,551137,1,2026-03-25 08:45:58,Alugado
45015,48342,IMPRESSORA CANON JATO DE TINTA G3111 NS NMYF27110,3627,P M DE JUAZEIRO - SECRET MUNIC DESENV SOCIAL E TRABALHO - SEDEST,Substituição Devolução,554797,3,2026-06-02 17:14:03,Substituição Devolução
57053,48342,IMPRESSORA CANON JATO DE TINTA G3111 NS NMYF27110,4029,MOREIA TECNOLOGIA - LOCACOES,Alugado,51843,1,2022-10-11 23:59:00,Alugado
57056,48348,IMPRESSORA MULTIFUN LASER HP M428FDW NS BRDSQ1Z0KR,4029,MOREIA TECNOLOGIA - LOCACOES,Devolução,524492,2,2024-12-03 17:26:35,Devolução
80505,48348,IMPRESSORA MULTIFUN LASER HP M428FDW NS BRDSQ1Z0KR,3333,P. M. DE ARACATI - SEC. MUN. DE   SEGURANÇA CIDADÂ E ORDEM PÚBLICA  - 2018,Substituição Alugado,529600,5,2025-03-19 15:46:00,Substituição Alugado
57057,48349,IMPRESSORA MULTIFUN LASER HP M428FDW NS BRDSQ2H0NR,4029,MOREIA TECNOLOGIA - LOCACOES,Alugado,49426,1,2022-10-04 23:00:00,Alugado
80093,48349,IMPRESSORA MULTIFUN LASER HP M428FDW NS BRDSQ2H0NR,10388,P M CRATO/ SECRETARIA DE URBANISMO E MEIO AMBIENTE,Alugado,500099,1,2022-11-17 08:17:19,Alugado
45018,48350,"MICRO CORE I5 3.2GHZ, MEMÓRIA 4GB, HD 500GB, GRAV DVD",3601,MOREIA TECNOLOGIA MANUTENCAO,Devolução,548047,2,2026-02-02 15:56:48,Devolução
57058,48350,MICRO CORE I5 3.2GHZ 4GB HD 500 GRAV DVD,2383,SEC. DE EDUCAÇÃO DE CAUCAIA - ESCOLA MARIA INOCENCIA DE ARAUJO EEIEF - 2014,Devolução,53832,2,2023-04-17 11:34:53,Devolução
45024,48361,ESTABILIZADOR 1000 FORCELINE,3627,P M DE JUAZEIRO - SECRET MUNIC DESENV SOCIAL E TRABALHO - SEDEST,Alugado,120330,1,2022-08-17 15:26:37,Alugado
57067,48361,ESTABILIZADOR 1000 FORCELINE,4029,MOREIA TECNOLOGIA - LOCACOES,Alugado,47572,1,2022-08-17 23:00:00,Alugado
45025,48362,ESTABILIZADOR 1000 FORCELINE,3627,P M DE JUAZEIRO - SECRET MUNIC DESENV SOCIAL E TRABALHO - SEDEST,Alugado,120330,1,2022-08-17 15:26:37,Alugado
57068,48362,ESTABILIZADOR 1000 FORCELINE,4029,MOREIA TECNOLOGIA - LOCACOES,Alugado,47572,1,2022-08-17 23:00:00,Alugado
45026,48363,ESTABILIZADOR 1000 FORCELINE,3627,P M DE JUAZEIRO - SECRET MUNIC DESENV SOCIAL E TRABALHO - SEDEST,Substituição Devolução,520911,3,2024-08-20 10:36:41,Substituição Devolução
57069,48363,ESTABILIZADOR 1000 FORCELINE,4029,MOREIA TECNOLOGIA - LOCACOES,Alugado,47572,1,2022-08-17 23:00:00,Alugado
45027,48364,ESTABILIZADOR 1000 FORCELINE,3627,P M DE JUAZEIRO - SECRET MUNIC DESENV SOCIAL E TRABALHO - SEDEST,Alugado,120330,1,2022-08-17 15:26:37,Alugado
57070,48364,ESTABILIZADOR 1000 FORCELINE,4029,MOREIA TECNOLOGIA - LOCACOES,Alugado,47572,1,2022-08-17 23:00:00,Alugado
45028,48365,ESTABILIZADOR 1000 FORCELINE,3627,P M DE JUAZEIRO - SECRET MUNIC DESENV SOCIAL E TRABALHO - SEDEST,Alugado,120330,1,2022-08-17 15:26:37,Alugado
57071,48365,ESTABILIZADOR 1000 FORCELINE,4029,MOREIA TECNOLOGIA - LOCACOES,Alugado,47572,1,2022-08-17 23:00:00,Alugado
45029,48366,ESTABILIZADOR 1000 FORCELINE,3627,P M DE JUAZEIRO - SECRET MUNIC DESENV SOCIAL E TRABALHO - SEDEST,Alugado,120330,1,2022-08-17 15:26:37,Alugado
57072,48366,ESTABILIZADOR 1000 FORCELINE,3163,MOREIA TECNOLOGIA -  MANUTENÇÃO DE EQUIPAMENTOS,Alugado,47575,1,2022-08-17 22:59:00,Alugado
45039,48370,NOTEBOOK CORE I5  LENOVO 8GB SSD 256GB NS PE07LY4H,4366,P M DE CAUCAIA/SECRETARIA DE EDUCAÇÃO- ATA REG DE  PREÇOS 2021.09.02.01- NOTEBOOK,Substituição Alugado,534214,5,2025-06-02 15:48:00,Substituição Alugado
57073,48370,NOTEBOOK CORE I5  LENOVO 8GB SSD 256GB NS PE07LY4H,10899,J SIQUEIRA DE MORAES E CIA LTDA,Devolução,532224,2,2025-05-09 11:59:14,Devolução
57074,48371,"TV 55"" PHILIPS 4K NS AF112226052323",3163,MOREIA TECNOLOGIA -  MANUTENÇÃO DE EQUIPAMENTOS,Devolução,522416,2,2024-09-30 08:46:59,Devolução
142938,48371,TV 55 PHILIPS 4K NS AF112226052323,10941,CAMPANHA EVANDRO PT 2024,Devolução,523269,2,2024-10-28 08:42:01,Devolução
57082,48379,MONITOR LED 19  GOLDENTEC NS HOP0546189219000551,4029,MOREIA TECNOLOGIA - LOCACOES,Alugado,53910,1,2023-04-19 23:00:00,Alugado
83031,48379,MONITOR LED 19  GOLDENTEC NS HOP0546189219000551,3893,"P M DE TAUA - SECRETARIA DE INFRAESTRUTURA, CONSERVACAO E SERVICOS PUBLICOS",Substituição Alugado,501886,5,2023-04-19 11:27:14,Substituição Alugado
57083,48380,MONITOR LED 19  GOLDENTEC NS HOP0546189219000547,4029,MOREIA TECNOLOGIA - LOCACOES,Alugado,51266,1,2023-01-04 23:00:00,Alugado
80704,48380,MONITOR LED 19  GOLDENTEC NS HOP0546189219000547,3762,P M DE TAUÁ / SECRETARIA DE EDUCAÇÃO,Alugado,500620,1,2023-01-13 11:35:07,Alugado
57088,48385,MONITOR LED 19  GOLDENTEC NS HOP0546189219000206,4029,MOREIA TECNOLOGIA - LOCACOES,Alugado,50826,1,2022-10-20 23:00:00,Alugado
79674,48385,"MONITOR LED 19  GOLDENTEC NS HOP0546189219000206""",7586,P M CRATO/ SECRETARIA DE SEGURANÇA PUBLICA / GESTÃO E MAN_ATIVIDADES DA SEC_SEGURANÇA PUBLICA,Alugado,281704,1,2022-10-19 19:16:38,Alugado
57091,48388,MONITOR LED 19 GOLDENTEC NS HOP0546189219000561,4029,MOREIA TECNOLOGIA - LOCACOES,Alugado,50826,1,2022-10-20 23:00:00,Alugado
79681,48388,MONITOR LED 19 GOLDENTEC NS HOP0546189219000561,7586,P M CRATO/ SECRETARIA DE SEGURANÇA PUBLICA / GESTÃO E MAN_ATIVIDADES DA SEC_SEGURANÇA PUBLICA,Alugado,281704,1,2022-10-19 19:16:38,Alugado
57098,48395,MONITOR LED 19 GOLDENTEC NS HOP0546189219000552,4029,MOREIA TECNOLOGIA - LOCACOES,Alugado,53255,1,2023-03-24 23:00:00,Alugado
81634,48395,MONITOR LED 19 GOLDENTEC NS HOP0546189219000552,3882,"P M DE TAUA - SECRETARIA DE DESENVOVIMENTO RURAL, RECURSOS HIDRICOS, MEIO AMBIENTE E SUSTENTABILIDAD",Substituição Alugado,501509,5,2023-03-24 17:57:26,Substituição Alugado
45676,48396,"MONITOR LED 19"" GOLDENTEC NS HOP0546189219000557",3748,P M DE CASCAVEL - SECRETARIA DE OBRAS,Alugado,120889,1,2022-10-06 16:41:38,Alugado
57099,48396,MONITOR LED 19 GOLDENTEC NS HOP0546189219000557,4029,MOREIA TECNOLOGIA - LOCACOES,Alugado,50830,1,2022-10-05 23:59:00,Alugado
57101,48398,MONITOR LED 19 GOLDENTEC NS HOP0546189219000129,4517,COMITE ELMANO -  2022,Devolução,48671,2,2022-10-05 11:09:00,Devolução
79659,48398,"MONITOR LED 19""GOLDENTEC NS HOP0546189219000129",3818,P M DE CRATO - CONTROLADORIA E OUVIDORIA GERAL DO MUNICIPIO,Substituição Devolução,499996,3,2022-11-04 15:59:15,Substituição Devolução
57102,48399,MONITOR LED 19 GOLDENTEC NS HOP0546189219000468,4029,MOREIA TECNOLOGIA - LOCACOES,Alugado,50826,1,2022-10-20 23:00:00,Alugado
79678,48399,MONITOR LED 19 GOLDENTEC NS HOP0546189219000468,7586,P M CRATO/ SECRETARIA DE SEGURANÇA PUBLICA / GESTÃO E MAN_ATIVIDADES DA SEC_SEGURANÇA PUBLICA,Alugado,281704,1,2022-10-19 19:16:38,Alugado
45681,48400,"MONITOR LED 19"" GOLDENTEC NS HOP0546189219000200",4463,P M DE FORTALEZA - SECRETARIA MUNICIPAL DA GESTAO REGIONAL - SEGER,Substituição Alugado,552205,5,2026-04-14 07:58:00,Substituição Alugado
57103,48400,MONITOR LED 19 GOLDENTEC NS HOP0546189219000200,4029,MOREIA TECNOLOGIA - LOCACOES,Alugado,50830,1,2022-10-05 23:59:00,Alugado
57109,48406,MONITOR LED 19 GOLDENTEC NS HOP0546189219000541,4517,COMITE ELMANO -  2022,Devolução,48671,2,2022-10-05 11:09:00,Devolução
79650,48406,"MONITOR LED 19"" GOLDENTEC NS HOP0546189219000541",3818,P M DE CRATO - CONTROLADORIA E OUVIDORIA GERAL DO MUNICIPIO,Substituição Devolução,499996,3,2022-11-04 15:59:15,Substituição Devolução
45677,48409,"MONITOR LED 19"" GOLDENTEC NS HOP0546189219000189",3748,P M DE CASCAVEL - SECRETARIA DE OBRAS,Alugado,120889,1,2022-10-06 16:41:38,Alugado
57112,48409,MONITOR LED 19 GOLDENTEC NS HOP0546189219000189,4029,MOREIA TECNOLOGIA - LOCACOES,Alugado,50830,1,2022-10-05 23:59:00,Alugado
45610,48412,"MONITOR LED 19"" GOLDENTEC NS HOP0546189219000196",3880,P M DE TAUA - SECRETARIA DE ORCAMENTO E FINANCAS DO MUNICIPIO DE TAUA  - SEFIN,Substituição Alugado,120851,5,2022-10-04 17:31:11,Substituição Alugado
57115,48412,"MONITOR LED 19"" GOLDENTEC NS HOP0546189219000196",4029,MOREIA TECNOLOGIA - LOCACOES,Alugado,48659,1,2022-10-04 23:00:00,Alugado
45611,48414,"MONITOR LED 19"" GOLDENTEC NS HOP0546189219000469",3894,"P M DE TAUA - SECRETARIA DE CULTURA, TURISMO E LAZER",Substituição Alugado,120853,5,2022-10-04 17:31:31,Substituição Alugado
57117,48414,"MONITOR LED 19""GOLDENTEC NS HOP0546189219000469",4029,MOREIA TECNOLOGIA - LOCACOES,Alugado,48659,1,2022-10-04 23:00:00,Alugado
57122,48419,"MONITOR LED 19"" BRX NS 060722396",4029,MOREIA TECNOLOGIA - LOCACOES,Alugado,49000,1,2022-10-20 10:27:00,Alugado
79677,48419,"MONITOR LED 19"" BRX NS 060722396",7586,P M CRATO/ SECRETARIA DE SEGURANÇA PUBLICA / GESTÃO E MAN_ATIVIDADES DA SEC_SEGURANÇA PUBLICA,Alugado,281704,1,2022-10-19 19:16:38,Alugado
57123,48420,"MONITOR LED 19"" BRX NS 080722199",4029,MOREIA TECNOLOGIA - LOCACOES,Alugado,49000,1,2022-10-20 10:27:00,Alugado
79711,48420,"MONITOR LED 19"" BRX NS 080722199",7585,P M CRATO/ SECRETARIA DE SEGURANÇA PUBLICA / GESTÃO ADMINISTRATIVA DA GUARDA CIVIL MUNICIPAL,Alugado,281705,1,2022-10-20 09:53:42,Alugado
57125,48422,"MONITOR LED 19"" BRX NS 060722327",4029,MOREIA TECNOLOGIA - LOCACOES,Alugado,53665,1,2023-04-11 23:00:00,Alugado
82267,48422,"MONITOR LED 19"" BRX NS 060722327",3856,P M DE QUIXADÁ / SECRETARIA DE SAÚDE,Alugado,501742,1,2023-04-11 14:21:38,Alugado
45093,48429,TRANSFORMADOR DE 2000 W FORCELINE,3987,MOREIA LOCACOES,Alugado,281698,1,2022-10-19 15:57:43,Alugado
80198,48429,TRANSFORMADOR DE 2000 W FORCELINE,4558,P M DE ACARAPE - TECNICA SANDRA HELENA,Alugado,49627,1,2022-11-22 17:47:00,Alugado
45091,48433,IMPRESSORA MULT LASER BROTHER DCP-2540DW NS U63885J0N513363,3987,MOREIA LOCACOES,Alugado,281698,1,2022-10-19 15:57:43,Alugado
80132,48433,IMPRESSORA MULT LASER BROTHER DCP-2540DW NS U63885J0N513363,3904,P M DE ACARAPE -SECRETARIA  MUNICIPAL  DE EDUCAÇÃO  DO MUNICIPIO,Substituição Devolução,511420,3,2024-01-05 16:22:59,Substituição Devolução
131977,48433,MULTIFUNCIONAL LASER MONO BROTHER DCP-2540DW NS U63885J0N513363,2454,SEC. DE EDUCAÇÃO DE CAUCAIA - ESCOLA MARIA MOTA RODRIGUES EEIEF - 2014,Substituição Devolução,528106,3,2025-02-19 08:28:27,Substituição Devolução
45084,48434,IMPRESSORA LASER RICOH SP 5210DN S/N S8242100442,3987,MOREIA LOCACOES,Alugado,503419,1,2023-06-28 15:35:38,Alugado
118864,48434,IMPRESSORA RICOH LASER SP 5210 DN S/N S8242100442,3985,"P M BATURITE/SECRETARIA DE ADM, FINANÇAS E PLANEJAMENTO DO MUNICIPIO DE BATURITE",Alugado,503420,1,2023-06-28 15:37:46,Alugado
57133,48439,MONITOR LED 19  GOLDENTEC NS HOP0546189219000560,3163,MOREIA TECNOLOGIA -  MANUTENÇÃO DE EQUIPAMENTOS,Alugado,50834,1,2022-10-21 23:00:00,Alugado
79809,48439,MONITOR LED 19  GOLDENTEC NS HOP0546189219000560,3889,P M DE TAUA - SECRETARIA DE GESTAO ORGANIZATIVA E DE PESSOAS,Substituição Alugado,281747,5,2022-10-25 11:20:38,Substituição Alugado
45069,48441,TRANSFORMADOR DE 2000 W TRANSFORMER,3967,ALUCOM LOCACOES,Alugado,120344,1,2022-08-18 23:00:00,Alugado
57135,48441,TRANSFORMADOR DE 2000 W TRANSFORMER,2893,P.M DE CAUCAIA - AÇÃO SOCIAL- PERDIDOS - 2017,Devolução,555015,2,2026-06-09 12:27:56,Devolução
45071,48443,TRANSFORMADOR DE 2000 W TRANSFORMER,3967,ALUCOM LOCACOES,Alugado,120344,1,2022-08-18 23:00:00,Alugado
57137,48443,MULTIFUNCIONAL LASER MONO BROTHER DCP-2540DW NS U63885D1N781046,3461,JAB COMERCIO E DISTRIBUICAO DE ELETRO E ELETRONICO LTDA-FORTALEZA,Substituição Alugado,506405,5,2023-09-14 08:21:20,Substituição Alugado
45072,48444,TRANSFORMADOR DE 2000 W TRANSFORMER,3967,ALUCOM LOCACOES,Alugado,120344,1,2022-08-18 23:00:00,Alugado
57138,48444,MULTIFUNCIONAL LASER MONO BROTHER DCP-L2540 DW NS U6388SD1N781020,888,P M DE CAUCAIA - SECRETARIA DE EDUCAÇÃO,Substituição Alugado,506279,5,2023-09-12 08:18:23,Substituição Alugado
45064,48447,MICRO CORE I3 8GB SSD 120,3967,ALUCOM LOCACOES,Alugado,120344,1,2022-08-18 23:00:00,Alugado
57141,48447,MICRO CORE I3 8GB SSD 120,4029,MOREIA TECNOLOGIA - LOCACOES,Alugado,51266,1,2023-01-04 23:00:00,Alugado
80701,48447,MICRO CORE I3 8GB HD 2TB ,3819,P M DE BARBALHA / SECRETARIA DE SAÚDE,Alugado,500536,1,2023-01-04 10:51:41,Alugado
45089,48463,IMPRESSORA JATO DE TINTA CANON  G4111 NS KLWE14615,3967,ALUCOM LOCACOES,Alugado,500126,1,2022-11-18 18:19:47,Alugado
80395,48463,IMPRESSORA JATO DE TINTA CANON  G4111 NS KLWE14615,3058,P.M DE CAUCAIA - SAÚDE - UBS ROCILDA OLIVEIRA PONTES,Alugado,49751,1,2022-11-28 18:27:00,Alugado
45088,48464,IMPRESSORA JATO DE TINTA CANON G3110 NS KNJF07652,3987,MOREIA LOCACOES,Alugado,450709,1,2022-10-31 11:56:22,Alugado
79971,48464,IMPRESSORA JATO DE TINTA CANON G3110 NS KNJF07652,11866,P M ACOPIARA/ SECRETARIA DE AGRICULTURA 2026,Alugado,549714,1,2026-03-03 16:43:40,Alugado
45103,48470,"MICRO CORE I5 3.2GHZ. MEMÓRIA 4GB, HD 500GB, GRAV DVD",3622,ALUCOM LOCACOES,Devolução,531460,2,2025-04-27 17:30:35,Devolução
82485,48470,MICRO CORE I5 4GB HD 500,3041,P M DE CAUCAIA / AÇÃO SOCIAL - CONSELHO TUTELAR - JUREMA,Alugado,57548,1,2023-05-02 23:00:00,Alugado
57155,48472,ESTABILIZADOR 300 VA,2850,P M DE CAUCAIA/ SEINFRA,Alugado,529703,1,2025-03-21 08:02:23,Alugado
79999,48472,ESTABILIZADOR 300 VA ETERNITY,3609,P M DE GUARAMIRANGA - SECRETARIA DE SAUDE,Devolução,525116,2,2024-12-30 17:08:19,Devolução
57156,48473,ESTABILIZADOR 300 VA ETERNITY,4029,MOREIA TECNOLOGIA - LOCACOES,Alugado,49000,1,2022-10-20 10:27:00,Alugado
79718,48473,ESTABILIZADOR 300 VA ETERNITY,7585,P M CRATO/ SECRETARIA DE SEGURANÇA PUBLICA / GESTÃO ADMINISTRATIVA DA GUARDA CIVIL MUNICIPAL,Alugado,281705,1,2022-10-20 09:53:42,Alugado
45098,48481,IMPRESSORA MULT. RICOH SP-377 SFNWX S/N Y937Q910686,3622,ALUCOM LOCACOES,Devolução,531460,2,2025-04-27 17:30:35,Devolução
83226,48481,IMPRESSORA MULT. RICOH SP-377 SFNWX NS Y937Q910686,2394,SEC. DE EDUCAÇÃO DE CAUCAIA - ESCOLA GILDA BRAGA ROCHA CEI EEIEF - 2014,Substituição Devolução,513790,3,2024-03-14 10:36:28,Substituição Devolução
45100,48483,IMPRESSORA JATO DE TINTA CANON G3111 NS KLPJ85404,3601,MOREIA TECNOLOGIA MANUTENCAO,Devolução,500507,2,2022-12-30 12:28:26,Devolução
82486,48483,IMPRESSORA JATO DE TINTA CANON G3111 NS KLPJ85404,2915,P M DE CAMOCIM / SECRETARIA DE CONSERVAÇÃO SEMCONSP,Substituição Devolução,506853,3,2023-09-26 12:24:37,Substituição Devolução
57170,48499,NOTEBOOK CORE I3 LENOVO 4GB SSD 256 NS PE081DNV,11932,INSTITUTO DE PREVIDENCIA E ASSISTENCIA DO MUNICIPIO SÃO LUIS- IPAM 2026,Alugado,551285,1,2026-03-27 10:53:42,Alugado
81692,48499,NOTEBOOK CORE I3 LENOVO 4GB SSD 256 NS PE081DNV,4465,P M DE SAO LUIS -INSTITUTO DE PREVIDENCIA E ASSISTENCIA DO MUNICIPIO - IPAM,Devolução,551172,2,2026-03-26 11:21:05,Devolução
45607,48507,ESTABILIZADOR 300 VA ETERNITY,3762,P M DE TAUÁ / SECRETARIA DE EDUCAÇÃO,Substituição Alugado,120843,5,2022-10-04 17:00:05,Substituição Alugado
57178,48507,ESTABILIZADOR 300 VA ETERNITY,4029,MOREIA TECNOLOGIA - LOCACOES,Alugado,47982,1,2022-09-03 23:00:00,Alugado
57184,48513,ESTABILIZADOR 300 VA ETERNITY,3163,MOREIA TECNOLOGIA -  MANUTENÇÃO DE EQUIPAMENTOS,Alugado,53663,1,2022-10-05 23:00:00,Alugado
79768,48513,ESTABILIZADOR 300 VA ETERNITY,3691,P M DE MARANGUAPE - SECRETARIA DE ADMINISTRACAO E FINANCAS,Substituição Alugado,281716,5,2022-10-21 07:48:26,Substituição Alugado
57187,48516,ESTABILIZADOR 300 VA ETERNITY,11970,CENTRO DE EDUCAÇÃO ELITE LTDA - CEE MOSSORO,Alugado,553280,1,2026-05-05 15:12:56,Alugado
81024,48516,ESTABILIZADOR 300 VA ETERNITY,3601,MOREIA TECNOLOGIA MANUTENCAO,Devolução,536893,2,2025-07-16 11:49:47,Devolução
57199,48528,ESTABILIZADOR 300 VA ETERNITY,4397,VINICIUS LIMA - ROTA SERRA - MARANGUAPE,Devolução,57153,2,2023-04-27 12:32:26,Devolução
79770,48528,ESTABILIZADOR 300 VA  ETERNITY,3798,P M DE BARBALHA / SECRETARIA DE EDUCAÇÃO,Substituição Alugado,534385,5,2025-06-04 17:09:44,Substituição Alugado
57203,48532,"MONITOR 21,5"" LED BLUECASE NS 33544746405110",4029,MOREIA TECNOLOGIA - LOCACOES,Alugado,57876,1,2023-05-31 23:00:00,Alugado
117912,48532,"MONITOR LED 21,5"" BLUECASE NS 33544746405110",3880,P M DE TAUA - SECRETARIA DE ORCAMENTO E FINANCAS DO MUNICIPIO DE TAUA  - SEFIN,Alugado,502520,1,2023-05-31 09:07:14,Alugado
57205,48534,MICRO CORE I5 8GB SSD 240,4029,MOREIA TECNOLOGIA - LOCACOES,Alugado,57663,1,2023-05-18 23:00:00,Alugado
117545,48534,MICRO CORE I5 4GB SSD 120,11186,P M PALMACIA - ASSISTÊNCIA SOCIAL,Substituição Alugado,549792,5,2026-03-04 16:47:23,Substituição Alugado
57214,48543,IMPRESSORA MULTIFUN LASER HP M428FDW NS BRDSQ2H08L,4029,MOREIA TECNOLOGIA - LOCACOES,Alugado,52036,1,2023-02-01 23:00:00,Alugado
80860,48543,IMPRESSORA MULTIFUN LASER HP M428FDW NS BRDSQ2H08L,3660,P M DE ACARAPE - SECRETARIA DE SAUDE,Alugado,500827,1,2023-02-01 17:19:59,Alugado
57215,48544,IMPRESSORA MULTIFUN LASER HP M428FDW NS BRDSQ2H0X6,888,P M DE CAUCAIA - SECRETARIA DE EDUCAÇÃO,Substituição Alugado,536607,5,2025-07-11 12:17:02,Substituição Alugado
80000,48544,IMPRESSORA MULTIFUNCIONAL  LASER HP M428FDW NS BRDSQ2H0X6,10709,SECRETARIA DE DESENVOLVIMENTO ECONÔMICO - SDE,Devolução,535116,2,2025-06-16 09:27:11,Devolução
57228,48557,MICRO CORE I5 8GB SSD 240,3316,P.M DE CAUCAIA - SAÚDE SEDE - CAPS INFANTIL,Alugado,533036,1,2025-05-21 09:57:40,Alugado
80103,48557,MICRO CORE I5 4GB HD 500,3762,P M DE TAUÁ / SECRETARIA DE EDUCAÇÃO,Substituição Devolução,505167,3,2023-08-17 10:59:05,Substituição Devolução
57245,48574,TRANSFORMADOR DE 2000 W TRANSFORMER,4517,COMITE ELMANO -  2022,Devolução,49177,2,2022-10-31 09:22:00,Devolução
80084,48574,TRANSFORMADOR DE 2000 VA,10388,P M CRATO/ SECRETARIA DE URBANISMO E MEIO AMBIENTE,Alugado,500099,1,2022-11-17 08:17:19,Alugado
57256,48586,MICRO CORE I5 8GB SSD 240,4029,MOREIA TECNOLOGIA - LOCACOES,Alugado,52372,1,2022-10-31 23:59:00,Alugado
80972,48586,MICRO CORE I5 8GB HD 500,3762,P M DE TAUÁ / SECRETARIA DE EDUCAÇÃO,Alugado,500961,1,2023-02-13 14:41:22,Alugado
57270,48600,"MONITOR LED 21.5"" BLUECASE NS 33544746405172",4029,MOREIA TECNOLOGIA - LOCACOES,Alugado,57876,1,2023-05-31 23:00:00,Alugado
117913,48600,"MONITOR LED 21.5"" BLUECASE NS 33544746405172",3880,P M DE TAUA - SECRETARIA DE ORCAMENTO E FINANCAS DO MUNICIPIO DE TAUA  - SEFIN,Alugado,502520,1,2023-05-31 09:07:14,Alugado
57272,48602,"MONITOR LED 21.5"" BLUECASE NS 33544746405175",4029,MOREIA TECNOLOGIA - LOCACOES,Alugado,57876,1,2023-05-31 23:00:00,Alugado
117910,48602,"MONITOR LED 21.5"" BLUECASE NS 33544746405175",3880,P M DE TAUA - SECRETARIA DE ORCAMENTO E FINANCAS DO MUNICIPIO DE TAUA  - SEFIN,Alugado,502520,1,2023-05-31 09:07:14,Alugado
57273,48603,"MONITOR LED 21.5"" BLUECASE NS 33544746405176",4029,MOREIA TECNOLOGIA - LOCACOES,Alugado,59130,1,2023-06-02 23:00:00,Alugado
117991,48603,"MONITOR LED 21.5"" BLUECASE NS 33544746405176",3887,P M DE TAUA - GABINETE DO PREFEITO,Alugado,502785,1,2023-06-14 10:06:35,Alugado
57280,48614,ESTABILIZADOR 300 VA ETERNITY,4029,MOREIA TECNOLOGIA - LOCACOES,Alugado,50277,1,2022-12-20 23:00:00,Alugado
80480,48614,ESTABILIZADOR 300 VA ETERNITY,3648,P M DE JUAZEIRO - SECRETARIA DE INFRA ESTRUTURA - SEINFRA,Substituição Alugado,520914,5,2024-08-20 10:38:12,Substituição Alugado
57283,48617,ESTABILIZADOR 300 VA ETERNITY,10486,P M DE BATURITE - SECRETARIA DO DESENVOLVIMENTO ECONÔMICO E SOCIAL,Alugado,57767,1,2023-05-24 10:47:05,Alugado
80065,48617,ESTABILIZADOR 300 VA ETERNITY,3847,TECNICO ALUCOM PAULO RUBENS,Alugado,500083,1,2022-11-16 09:03:48,Alugado
57285,48619,ESTABILIZADOR 300 VA ETERNITY,4029,MOREIA TECNOLOGIA - LOCACOES,Alugado,49447,1,2022-11-17 23:00:00,Alugado
80105,48619,ESTABILIZADOR 300 VA ETERNITY,3762,P M DE TAUÁ / SECRETARIA DE EDUCAÇÃO,Alugado,500113,1,2022-11-17 13:40:43,Alugado
57301,48637,"MONITOR LED 19"" BRX NS 080722145",4029,MOREIA TECNOLOGIA - LOCACOES,Devolução,540812,2,2025-09-23 10:36:17,Devolução
79712,48637,"MONITOR LED 19"" BRX NS 080722145",3908,P M DE BARROQUINHA - SECRETARIA DE SAUDE,Substituição Alugado,541893,5,2025-10-14 16:57:56,Substituição Alugado
57303,48639,"MONITOR LED 19"" BRX NS 13062223",4029,MOREIA TECNOLOGIA - LOCACOES,Alugado,49000,1,2022-10-20 10:27:00,Alugado
79707,48639,"MONITOR LED 19"" BRX NS 13062223",7585,P M CRATO/ SECRETARIA DE SEGURANÇA PUBLICA / GESTÃO ADMINISTRATIVA DA GUARDA CIVIL MUNICIPAL,Alugado,281705,1,2022-10-20 09:53:42,Alugado
57304,48640,"MONITOR LED 19"" BRX NS 060722418",4029,MOREIA TECNOLOGIA - LOCACOES,Alugado,49000,1,2022-10-20 10:27:00,Alugado
79714,48640,"MONITOR LED 19"" BRX NS 060722418",7585,P M CRATO/ SECRETARIA DE SEGURANÇA PUBLICA / GESTÃO ADMINISTRATIVA DA GUARDA CIVIL MUNICIPAL,Alugado,281705,1,2022-10-20 09:53:42,Alugado
57309,48645,IMPRESSORA MULTIFUN LASER HP M428FDW NS BRDSQ2J039,4029,MOREIA TECNOLOGIA - LOCACOES,Alugado,49395,1,2022-11-16 23:00:00,Alugado
80092,48645,IMPRESSORA MULTIFUN LASER HP M428FDW NS BRDSQ2J039,10388,P M CRATO/ SECRETARIA DE URBANISMO E MEIO AMBIENTE,Alugado,500099,1,2022-11-17 08:17:19,Alugado
57310,48646,IMPRESSORA MULTIFUN LASER HP M428FDW NS BRDSQ2J00J,4029,MOREIA TECNOLOGIA - LOCACOES,Alugado,49000,1,2022-10-20 10:27:00,Alugado
79690,48646,IMPRESSORA MULTIFUNCIONAL  LASER HP M428FDW NS BRDSQ2J00J,10388,P M CRATO/ SECRETARIA DE URBANISMO E MEIO AMBIENTE,Substituição Alugado,501383,5,2023-03-17 08:42:20,Substituição Alugado
57312,48648,IMPRESSORA MULTIFUN LASER HP M428FDW NS BRDSQ2J036,4029,MOREIA TECNOLOGIA - LOCACOES,Alugado,49395,1,2022-11-16 23:00:00,Alugado
80091,48648,IMPRESSORA MULTIFUN LASER HP M428FDW NS BRDSQ2J036,10388,P M CRATO/ SECRETARIA DE URBANISMO E MEIO AMBIENTE,Alugado,500099,1,2022-11-17 08:17:19,Alugado
57314,48650,IMPRESSORA MULTIFUN LASER HP M428FDW NS BRDSQ2H08D,4029,MOREIA TECNOLOGIA - LOCACOES,Alugado,49000,1,2022-10-20 10:27:00,Alugado
79637,48650,IMPRESSORA MULTIFUNCIONAL  LASER HP M428FDW NS BRDSQ2H08D,7585,P M CRATO/ SECRETARIA DE SEGURANÇA PUBLICA / GESTÃO ADMINISTRATIVA DA GUARDA CIVIL MUNICIPAL,Substituição Devolução,554176,3,2026-05-19 16:59:11,Substituição Devolução
57316,48652,IMPRESSORA MULTIF COLOR HP M479FDW NS CNCRQ189T0,4029,MOREIA TECNOLOGIA - LOCACOES,Devolução,546300,2,2025-12-18 11:25:17,Devolução
80952,48652,IMPRESSORA MULTIFUNCIONAL LASER COLOR HP M479FDW NS CNCRQ189T0,10401,P M SÃO LUIS/ SECRETARIA DA FAZENDA- SEMFAZ- RESERVA,Devolução,509957,2,2023-11-28 15:27:19,Devolução
57317,48653,TRANSFORMADOR DE 2000 W TRANSFORMER,4029,MOREIA TECNOLOGIA - LOCACOES,Alugado,53031,1,2023-03-15 23:00:00,Alugado
81521,48653,TRANSFORMADOR DE 2000 VA TRANSFORMER,11919,P M SÃO LUIS/ SECRETARIA DA FAZENDA / SEMFAZ 2026,Alugado,552680,1,2026-04-22 15:31:58,Alugado
57318,48654,TRANSFORMADOR DE 2000 W TRANSFORMER,4029,MOREIA TECNOLOGIA - LOCACOES,Alugado,53031,1,2023-03-15 23:00:00,Alugado
81520,48654,TRANSFORMADOR DE 2000 VA TRANSFORMER,11933,INSTITUTO DE PREVIDENCIA E ASSISTENCIA DO MUNICIPIO - IPAM 2026,Alugado,551287,1,2026-03-27 11:17:45,Alugado
57320,48656,TRANSFORMADOR DE 2000 W TRANSFORMER,4029,MOREIA TECNOLOGIA - LOCACOES,Alugado,53031,1,2023-03-15 23:00:00,Alugado
81518,48656,TRANSFORMADOR DE 2000 VA TRANSFORMER,10673,BASE MOREIA - SÃO LUIS,Devolução,520215,2,2024-08-06 11:17:26,Devolução
139227,48656,TRANSFORMADOR DE 2000 W TRANSFORMER,3856,P M DE QUIXADÁ / SECRETARIA DE SAÚDE,Substituição Alugado,520329,5,2024-08-08 11:36:53,Substituição Alugado
57325,48668,ROTEADOR WIRELESS N300MBPS TP LINK NS 320C087018282,4517,COMITE ELMANO -  2022,Alugado,47730,1,2022-08-24 09:16:00,Alugado
79613,48668,ROTEADOR WIRELESS N300MBPS TP LINK NS 320C087018282,3671,P M DE CASCAVEL - SECRETARIA DE INFRA ESTRUTURA - SEINFRA,Alugado,281686,1,2022-10-19 08:22:49,Alugado
57327,48672,MICRO CORE I3 3.1 GHZ MEMORIA 4GB HD 500,4090,AS SISTEMAS,Devolução,524158,2,2024-11-22 15:14:57,Devolução
124738,48672,"MICRO CORE I3 3.1 GHZ, 4GB RAM, SSD 120GB",4090,AS SISTEMAS,Devolução,524158,2,2024-11-22 15:14:57,Devolução
45148,48675,IMPRESSORA  LASER RICOH SP 377DNWX S/N Y918Q110098,10709,SECRETARIA DE DESENVOLVIMENTO ECONÔMICO - SDE,Alugado,516377,1,2024-05-06 15:36:00,Alugado
82487,48675,IMPRESSORA  LASER RICOH SP 377DNWX S/N Y918Q110098,3061,P.M DE CAUCAIA - SAÚDE - UBS SERGIO RODRIGUES TEIXEIRA,Substituição Devolução,552556,3,2026-04-20 14:53:10,Substituição Devolução
45149,48676,IMPRESSORA MULT BROTHER DCP B-7535DW NS U65526D1N879992,3601,MOREIA TECNOLOGIA MANUTENCAO,Devolução,511066,2,2023-12-26 09:29:54,Devolução
80200,48676,IMPRESSORA MULT BROTHER DCP B-7535DW NS U65526D1N879992,4558,P M DE ACARAPE - TECNICA SANDRA HELENA,Devolução,540526,2,2025-09-18 17:04:23,Devolução
57330,48678,MICRO CORE I7 16GB SSD 240,4029,MOREIA TECNOLOGIA - LOCACOES,Alugado,52145,1,2023-02-03 14:42:00,Alugado
79795,48678,MICRO CORE I7 8GB HD 1TB,7588,CONSORCIO MUNICIPAL PARA ATERRO DE RESIDUOS SOLIDOS - UNIDADE CRATO - COMARES,Alugado,281726,1,2022-10-21 17:12:50,Alugado
57338,48687,ESTABILIZADOR 500VA  BEM LIGADO,4029,MOREIA TECNOLOGIA - LOCACOES,Alugado,512005,1,2024-01-19 10:14:39,Alugado
79994,48687,ESTABILIZADOR 500 VA BEM LIGADO,3866,P M DE QUIXADA/SECRETARIA DE ADMINISTRACAO,Devolução,511695,2,2024-01-12 08:35:26,Devolução
128014,48687,ESTABILIZADOR 500 VA BEM LIGADO,10591,P M SÃO LUIS/SECRETARIA DE TRÂNSITO E TRANSPORTES-SMTT,Substituição Devolução,533494,3,2025-05-23 16:34:05,Substituição Devolução
57339,48689,IMPRESSORA MULTIFUN LASER HP M428FDW NS BRDSQ2H0N0,4029,MOREIA TECNOLOGIA - LOCACOES,Alugado,50148,1,2022-12-13 23:00:00,Alugado
80443,48689,IMPRESSORA MULTIFUN LASER HP M428FDW NS BRDSQ2H0N0,3761,P M DE IGUATU - SECRETARIA DE SEGURANCA PUBLICA,Alugado,510813,1,2023-12-20 10:27:32,Alugado
57345,48695,MICRO CORE I5 4GB SSD 240,4029,MOREIA TECNOLOGIA - LOCACOES,Alugado,518163,1,2024-06-11 13:51:49,Alugado
135024,48695,"MICRO I5 4GB RAM, HD 500GB SN",3589,P M DE ARACOIABA/SECRETARIA DE DESENV RURAL,Alugado,518166,1,2024-06-11 13:53:52,Alugado
45242,48701,IMPRESSORA CANON JATO DE TINTA G3110 NS KMVF68273,3884,P M DE TAUA - AUTARQUIA MUNICIPAL DE TRANSITO - AMT,Alugado,120585,1,2022-09-12 14:16:13,Alugado
57348,48701,IMPRESSORA JATO DE TINTA CANON G3110 NS KMVF68273,4029,MOREIA TECNOLOGIA - LOCACOES,Alugado,48155,1,2022-09-12 23:00:00,Alugado
45243,48702,IMPRESSORA CANON JATO DE TINTA G3110 NS KNJF29201,3884,P M DE TAUA - AUTARQUIA MUNICIPAL DE TRANSITO - AMT,Alugado,120585,1,2022-09-12 14:16:13,Alugado
57349,48702,IMPRESSORA JATO DE TINTA CANON G3110 NS KNJF29201,4029,MOREIA TECNOLOGIA - LOCACOES,Alugado,48155,1,2022-09-12 23:00:00,Alugado
45232,48703,IMPRESSORA CANON JATO DE TINTA G3110 NS KNJF27947,3983,P M DE BARROQUINHA - ADMINISTRAÇÃO E FINANÇAS,Substituição Devolução,533823,3,2025-05-28 18:14:07,Substituição Devolução
57350,48703,IMPRESSORA JATO DE TINTA CANON G3110 NS KNJF27947,4294,P.M DE CAUCAIA - SAÚDE - UBS TERESINHA LIMA MOREIRA  - RECEPCAO,Substituição Alugado,536904,5,2025-07-16 15:30:56,Substituição Alugado
57356,48709,IMPRESSORA JATO DE TINTA CANON G3110 NS KNJF29215,4029,MOREIA TECNOLOGIA - LOCACOES,Alugado,505630,1,2023-08-25 08:56:26,Alugado
121010,48709,IMPRESSORA JATO DE TINTA CANON G3110 NS KNJF29215,10403,P M ICÓ/ SECRETARIA DE ADMINISTRAÇÃO E FINANÇAS,Substituição Alugado,521213,5,2024-08-27 10:55:36,Substituição Alugado
57359,48712,IMPRESSORA JATO DE TINTA CANON G3110 NS KNJF29261,2462,SEC. DE EDUCAÇÃO DE CAUCAIA - ESCOLA MUNDO MAGICO NEDI - 2014,Substituição Devolução,555760,3,2026-06-22 11:51:32,Substituição Devolução
119493,48712,IMPRESSORA JATO DE TINTA CANON G3110 NS KNJF29261,3937,P M DE AQUIRAZ/UBASF JENIPAPEIRO,Devolução,544273,2,2025-11-14 10:29:45,Devolução
45173,48722,IMPRESSORA JATO DE TINTA CANON G3110 NS KMVF67558,3658,P M DE ACARAPE - SECRETARIA DE PROTEÇÃO SOCIAL E CIDADANIA,Substituição Devolução,520407,3,2024-08-09 14:50:29,Substituição Devolução
57369,48722,IMPRESSORA JATO DE TINTA CANON G3110 NS KMVF67558,,,,,,,Sem Movimento
57389,48742,ESTABILIZADOR 500VA BEM LIGADO,211,P M CAUCAIA /AUTARQUIA MUNICIPAL DE TRÂNSITO DE CAUCAIA,Substituição Devolução,518961,3,2024-07-01 16:25:29,Substituição Devolução
137577,48742,ESTABILIZADOR 500VA BEM LIGADO SN,10877,RAIMUNDA RIBEIRO DOS SANTOS,Devolução,522820,2,2024-10-14 08:34:52,Devolução
57397,48750,IMPRESSORA CANON JATO DE TINTA G3110 NS KMUF40188,3500,BASE CAUCAIA - ANTONIO VIEIRA - ROTA LITORAL NORTE,Alugado,57690,1,2023-05-19 09:24:35,Alugado
80069,48750,IMPRESSORA JATO DE TINTA CANON G3110 NS KMUF40188,3622,ALUCOM LOCACOES,Devolução,531460,2,2025-04-27 17:30:35,Devolução
57411,48769,IMPRESSORA MULTIF COLOR HP M479FDW NS CNCRQ1K10J,3500,BASE CAUCAIA - ANTONIO VIEIRA - ROTA LITORAL NORTE,Devolução,518081,2,2024-06-10 11:30:17,Devolução
134987,48769,IMPRESSORA MULTIF COLOR HP M479FDW NS CNCRQ1K10J,3621,P M AQUIRAZ / SECRETARIA DE EDUCACAO,Devolução,519444,2,2024-07-12 10:17:35,Devolução
45180,48776,TRANSFORMADOR DE 2000 W TRANSFORMER,7583,P M GRANJA/ SECRETARIA DE ADMINISTRAÇÃO,Alugado,120963,1,2022-10-17 10:52:44,Alugado
57418,48776,TRANSFORMADOR DE 2000 W TRANSFORMER,4029,MOREIA TECNOLOGIA - LOCACOES,Alugado,47953,1,2022-09-02 23:00:00,Alugado
57419,48777,TRANSFORMADOR DE 2000 W TRANSFORMER,4029,MOREIA TECNOLOGIA - LOCACOES,Alugado,50148,1,2022-12-13 23:00:00,Alugado
80444,48777,TRANSFORMADOR DE 2000 W TRANSFORMER,3824,P M IGUATU / SECRETARIA DA FAZENDA - FINANÇAS ( SEFIN ),Alugado,500291,1,2022-12-13 15:52:24,Alugado
57421,48779,TRANSFORMADOR DE 2000 W TRANSFORMER,3163,MOREIA TECNOLOGIA -  MANUTENÇÃO DE EQUIPAMENTOS,Alugado,53032,1,2022-11-08 23:59:00,Alugado
81523,48779,TRANSFORMADOR DE 2000 VA TRANSFORMER,11924,P M DE SAO LUIS - SEC MUNICIPAL DE SEGURANCA COM CIDADANIA - SEMUSC 2026,Alugado,551142,1,2026-03-25 10:43:03,Alugado
57454,48812,"MONITOR LED 19"" BLUECASE NS 36663740746",4029,MOREIA TECNOLOGIA - LOCACOES,Alugado,503231,1,2023-06-22 09:51:21,Alugado
118744,48812,"MONITOR LED 19"" BLUECASE NS 36663740746",3576,IZZI SOLUÇÕES EM COBRANÇAS E TELEATENDIMENTO LTDA,Substituição Alugado,503233,5,2023-06-22 09:52:37,Substituição Alugado
45165,48814,NOTEBOOK CORE I5 ACER 8GB HD 1TB NS NXGQCAL004834DC8BC9501,3656,P M DE JUAZEIRO -  MEIO AMBIENTE AUTARQUIA,Substituição Devolução,500077,3,2022-11-14 16:58:18,Substituição Devolução
57455,48814,NOTEBOOK CORE I5 ACER 8GB HD 1TB NS NXGQCAL004834DC8BC9501,3500,BASE CAUCAIA - ANTONIO VIEIRA - ROTA LITORAL NORTE,Devolução,518894,2,2024-06-28 11:19:09,Devolução
57460,48821,ESTABILIZADOR 300 VA ETERNITY,11970,CENTRO DE EDUCAÇÃO ELITE LTDA - CEE MOSSORO,Alugado,553280,1,2026-05-05 15:12:56,Alugado
82488,48821,ESTABILIZADOR 300 VA ETERNITY,4029,MOREIA TECNOLOGIA - LOCACOES,Devolução,540437,2,2025-09-18 08:58:48,Devolução
83140,48821,ESTABILIZADOR 300 VA ETERNITY,3686,INSTITUTO GERENCIAMENTO MEDICO IGM-UPA IRMA SILVEIRA CASCAVEL,Devolução,538776,2,2025-08-20 16:13:40,Devolução
57462,48823,ESTABILIZADOR 300 VA ETERNITY,11970,CENTRO DE EDUCAÇÃO ELITE LTDA - CEE MOSSORO,Alugado,553280,1,2026-05-05 15:12:56,Alugado
82489,48823,ESTABILIZADOR 300 VA ETERNITY,4029,MOREIA TECNOLOGIA - LOCACOES,Alugado,57148,1,2023-04-27 23:00:00,Alugado
83130,48823,ESTABILIZADOR 300 VA ETERNITY,3607,P M DE CASCAVEL / SECRETARIA DE SAÚDE,Devolução,551716,2,2026-04-07 08:21:19,Devolução
57468,48829,ESTABILIZADOR 300 VA ETERNITY,4544,P M DE SAO LUIS  - SECRETARIA MUNIC DA CRIANCA E ASSIST SOCIAL  - SEMCAS RESERVA,Devolução,517657,2,2024-05-29 11:26:29,Devolução
135163,48829,ESTABILIZADOR 300 VA ETERNITY,681,MARCOS PAIVA,Alugado,518273,1,2024-06-13 09:57:20,Alugado
57492,48853,ESTABILIZADOR 300 VA ETERNITY,4539,P M DE SAO LUIS  - SECRETARIA MUNIC DA CRIANCA E ASSIST SOCIAL  - SEMCAS,Devolução,518569,2,2024-06-20 17:23:59,Devolução
129044,48853,ESTABILIZADOR 300VA ETERNITY S/N,514,P M DE CAUCAIA / SECRETARIA DE ADMINISTRAÇÃO,Substituição Alugado,513793,5,2024-03-14 10:37:12,Substituição Alugado
57556,48917,ESTABILIZADOR 300 VA ETERNITY,346,P  M DE  CAUCAIA -  SAUDE SEDE,Substituição Alugado,541400,5,2025-10-06 08:33:19,Substituição Alugado
132055,48917,ESTABILIZADOR 300 VA ETERNITY,11295,MULTINTEGRADA CASCAVEL,Substituição Devolução,531868,3,2025-05-06 14:32:04,Substituição Devolução
57566,48927,"MONITOR LED 19"" BLUECASE NS 36663740778",4029,MOREIA TECNOLOGIA - LOCACOES,Alugado,522556,1,2024-10-03 15:35:56,Alugado
142935,48927,"MONITOR LED 19"" BLUECASE NS 36663740778",3869,INSTITUTO DE GESTAO E CIDADANIA - UNIDADE DE ATENÇÃO BASICA DE BATURITÉ,Devolução,535820,2,2025-06-26 15:26:39,Devolução
57581,48943,"MONITOR LED 19"" BLUECASE NS36663740762",3163,MOREIA TECNOLOGIA -  MANUTENÇÃO DE EQUIPAMENTOS,Alugado,53663,1,2022-10-05 23:00:00,Alugado
79822,48943,"MONITOR LED 19"" BLUECASE NS36663740762",3721,P M DE CASCAVEL - SECRETARIA DE EDUCAÇÃO,Substituição Alugado,281803,5,2022-10-28 10:28:32,Substituição Alugado
57585,48947,"MONITOR LED 19"" BLUECASE NS36663740761",4029,MOREIA TECNOLOGIA - LOCACOES,Alugado,51934,1,2023-01-27 23:00:00,Alugado
80832,48947,"MONITOR LED 19"" BLUECASE NS36663740761",3627,P M DE JUAZEIRO - SECRET MUNIC DESENV SOCIAL E TRABALHO - SEDEST,Alugado,500800,1,2023-01-27 13:37:31,Alugado
57587,48949,"MONITOR LED 19"" BLUECASE NS36663741004",346,P  M DE  CAUCAIA -  SAUDE SEDE,Substituição Devolução,536524,3,2025-07-10 11:23:57,Substituição Devolução
80072,48949,"MONITOR LED 19"" BLUECASE NS36663741004",3847,TECNICO ALUCOM PAULO RUBENS,Devolução,537153,2,2025-07-21 16:51:43,Devolução
57596,48958,"MONITOR LED 19"" BLUECASE NS36663741080",4029,MOREIA TECNOLOGIA - LOCACOES,Alugado,49447,1,2022-11-17 23:00:00,Alugado
80106,48958,"MONITOR LED 19"" BLUECASE NS36663741080",3762,P M DE TAUÁ / SECRETARIA DE EDUCAÇÃO,Substituição Devolução,553118,3,2026-04-29 17:00:02,Substituição Devolução
45177,48961,ESTABILIZADOR 500VA BEM LIGADO,3918,P M DE REDENCAO - SECRETARIA MUNICIPAL DE EDUCACAO,Substituição Alugado,120493,5,2022-08-31 18:58:16,Substituição Alugado
57599,48961,ESTABILIZADOR 500VA BEM LIGADO,4029,MOREIA TECNOLOGIA - LOCACOES,Alugado,47937,1,2022-08-31 23:00:00,Alugado
45192,48962,ESTABILIZADOR 500VA BEM LIGADO,3976,COMITE BARBALHA,Devolução,499981,2,2022-11-03 11:51:03,Devolução
79982,48962,ESTABILIZADOR 500 VA BEM LIGADO,3636,GARANTIA,Devolução,510530,2,2023-12-13 10:01:33,Devolução
57622,48985,"MONITOR LED 19"" BLUECASE NS36663740214",10407,EQUIPAMENTOS EM GARANTIA,Devolução,506531,2,2023-09-18 12:51:56,Devolução
117464,48985,"MONITOR LED 19"" BLUECASE NS 36663740214",10407,EQUIPAMENTOS EM GARANTIA,Devolução,506531,2,2023-09-18 12:51:56,Devolução
57635,48998,MONITOR LED 19,10431,ALUCOM LTDA,Devolução,506530,2,2023-09-18 11:36:05,Devolução
82490,48998,"MONITOR LED 19"" BLUECASE NS 36663741002",3500,BASE CAUCAIA - ANTONIO VIEIRA - ROTA LITORAL NORTE,Devolução,505308,2,2023-08-18 14:51:50,Devolução
57643,49006,MICRO CORE I5 8GB SSD 120,4029,MOREIA TECNOLOGIA - LOCACOES,Alugado,50830,1,2022-10-05 23:59:00,Alugado
80413,49006,MICRO CORE I5 8GB SSD 120,3762,P M DE TAUÁ / SECRETARIA DE EDUCAÇÃO,Alugado,519635,1,2024-07-18 16:26:35,Alugado
57651,49014,NOTEBOOK CORE I7 LENOVO 12GB SSD 256 NS PE09DXFB,4029,MOREIA TECNOLOGIA - LOCACOES,Alugado,503827,1,2023-07-11 16:03:48,Alugado
118922,49014,NOTEBOOK CORE I7 LENOVO 12GB SSD 256 NS PE09DXFB,3748,P M DE CASCAVEL - SECRETARIA DE OBRAS,Substituição Alugado,503540,5,2023-07-04 11:19:22,Substituição Alugado
45185,49020,NOTEBOOK CORE I 3 SAMSUNG 4GB SSD 240 NS JNA542503,11815,QUEIROZ EDUCACIONAL LTDA,Alugado,547252,1,2026-01-13 16:48:50,Alugado
57656,49020,NOTEBOOK CORE I3 SAMSUNG 4GB SSD 240 NS JNA542503,11734,FACULDADE CENTRO SUL LTDA,Devolução,544972,2,2025-11-26 08:29:04,Devolução
57657,49021,"MONITOR LED 19"" BLUECASE NS 36663740956",4539,P M DE SAO LUIS  - SECRETARIA MUNIC DA CRIANCA E ASSIST SOCIAL  - SEMCAS,Devolução,510651,2,2023-12-18 08:52:30,Devolução
126837,49021,"MONITOR 19"" BLUECASE NS 36663740956",888,P M DE CAUCAIA - SECRETARIA DE EDUCAÇÃO,Substituição Devolução,522233,3,2024-09-23 16:07:09,Substituição Devolução
57669,49033,"MONITOR LED 19"" BLUECASE NS 36663740824",10431,ALUCOM LTDA,Devolução,532422,2,2025-05-13 10:13:46,Devolução
127371,49033,"MONITOR 19"" BLUECASE NS 36663740824",3078,P.M DE CAUCAIA  - SAÚDE - UBS MARIA FERREIRA DO NASCIMENTO,Substituição Alugado,534464,5,2025-06-06 09:26:45,Substituição Alugado
57694,49067,"MONITOR LED 19"" BLUECASE NS 36663741462",4539,P M DE SAO LUIS  - SECRETARIA MUNIC DA CRIANCA E ASSIST SOCIAL  - SEMCAS,Devolução,49831,2,2022-11-30 16:29:00,Devolução
82491,49067,"MONITOR LED 19"" BLUECASE NS 36663741462",4029,MOREIA TECNOLOGIA - LOCACOES,Alugado,53821,1,2023-04-18 23:00:00,Alugado
82867,49067,"MONITOR LED 19"" BLUECASE NS 36663741462",10473,P M DE ICÓ - SECRETARIA MUNICIPAL DE EDUCACAO,Alugado,501816,1,2023-04-17 09:14:46,Alugado
57711,49084,"MONITOR LED 19"" BLUECASE NS 36663741441",4539,P M DE SAO LUIS  - SECRETARIA MUNIC DA CRIANCA E ASSIST SOCIAL  - SEMCAS,Devolução,510651,2,2023-12-18 08:52:30,Devolução
126838,49084,"MONITOR 19"" BLUECASE NS 3666374144",4029,MOREIA TECNOLOGIA - LOCACOES,Alugado,522092,1,2024-09-20 08:18:25,Alugado
142452,49084,"MONITOR 19"" BLUECASE NS 3666374144",3918,P M DE REDENCAO - SECRETARIA MUNICIPAL DE EDUCACAO,Substituição Alugado,522094,5,2024-09-20 08:18:48,Substituição Alugado
45225,49101,"MONITOR LED 19"" BLUECASE NS 36663740769",3978,COMITE CAUCAIA - ELMANO/VITOR,Devolução,120959,2,2022-10-14 17:29:01,Devolução
45696,49101,"MONITOR LED 19"" BLUECASE NS 36663740769",3993,P M CASCAVEL/ SECRETARIA DO DESPORTO E JUVENTUDE,Substituição Devolução,541683,3,2025-10-09 16:35:39,Substituição Devolução
57728,49101,"MONITOR LED 19"" BLUECASE NS 36663740769",4029,MOREIA TECNOLOGIA - LOCACOES,Devolução,541812,2,2025-10-13 08:04:39,Devolução
57764,49137,"MONITOR LED 19"" BLUECASE NS 36663741823",10407,EQUIPAMENTOS EM GARANTIA,Devolução,500911,2,2023-02-08 14:48:59,Devolução
81127,49137,"MONITOR LED 19"" BLUECASE NS 36663741823",3623,P M DE CRATO - FINANCAS,Alugado,501119,1,2023-02-23 16:50:31,Alugado
129049,49137,"MONITOR 19"" BLUECASE NS 36663741823",4427,P M DE CAUCAIA - SECRETARIA DO GOVERNO - SEGOV,Substituição Alugado,512543,5,2024-02-06 16:33:09,Substituição Alugado
57770,49143,"MONITOR LED 19"" BLUECASE NS 36663741799",4539,P M DE SAO LUIS  - SECRETARIA MUNIC DA CRIANCA E ASSIST SOCIAL  - SEMCAS,Devolução,49831,2,2022-11-30 16:29:00,Devolução
82268,49143,"MONITOR LED 19"" BLUECASE NS 36663741799",11830,PM QUIXADA / SECRETARIA DE SAUDE 2026,Alugado,548890,1,2026-02-19 14:37:49,Alugado
82493,49143,"MONITOR LED 19"" BLUECASE NS 36663741799",4029,MOREIA TECNOLOGIA - LOCACOES,Alugado,53665,1,2023-04-11 23:00:00,Alugado
57771,49144,"MONITOR LED 19"" BLUECASE NS 36663740304",10431,ALUCOM LTDA,Alugado,510948,1,2023-12-21 17:53:48,Alugado
127170,49144,"MONITOR LED 19"" BLUECASE NS 36663740304",2295,SEC. DE EDUCAÇÃO DE CAUCAIA - ESCOLA DOMINGOS ABREU  BRASILEIRO  - 2014,Substituição Alugado,511499,5,2024-01-09 14:31:18,Substituição Alugado
45236,49154,ESTABILIZADOR 500VA BEM LIGADO,3979,COMITE VITOR VALIN - CAUCAIA,Devolução,120958,2,2022-10-14 17:22:21,Devolução
57780,49154,ESTABILIZADOR 500VA BEM LIGADO,,,,,,,Sem Movimento
45214,49165,MICRO CORE I7 8GB HD 1TB,3880,P M DE TAUA - SECRETARIA DE ORCAMENTO E FINANCAS DO MUNICIPIO DE TAUA  - SEFIN,Alugado,120525,1,2022-09-05 12:39:29,Alugado
57785,49165,MICRO CORE I7 8GB HD 1TB,4029,MOREIA TECNOLOGIA - LOCACOES,Alugado,52145,1,2023-02-03 14:42:00,Alugado
45217,49166,IMPRESSORA MULT.RICOH MP 305 NS G586P801003,3601,MOREIA TECNOLOGIA MANUTENCAO,Alugado,500161,1,2022-11-25 10:29:36,Alugado
57786,49166,IMPRESSORA MULT.RICOH MP 305 NS G586P801003,3163,MOREIA TECNOLOGIA -  MANUTENÇÃO DE EQUIPAMENTOS,Alugado,48024,1,2022-09-05 15:20:00,Alugado
45208,49167,IMPRESSORA MULTIF LASER RICOH M320F NS 5852Z312281,3209,P.M DE CAUCAIA - EDUCAÇÃO - ESCOLA LUIS PAULINO DO NASCIMENTO - 2018,Substituição Alugado,555777,5,2026-06-22 11:53:51,Substituição Alugado
57787,49167,IMPRESSORA MULTIF LASER RICOH M320F NS 5852Z312281,4029,MOREIA TECNOLOGIA - LOCACOES,Alugado,47953,1,2022-09-02 23:00:00,Alugado
45209,49171,TRANSFORMADOR DE 2000 W  TRANSFORMER,3655,P M DE JUAZEIRO - SECRETARIA DE TRANSITO  - DEMUTRAN,Alugado,120512,1,2022-09-02 18:41:27,Alugado
57791,49171,TRANSFORMADOR DE 2000 W  TRANSFORMER,4029,MOREIA TECNOLOGIA - LOCACOES,Alugado,47953,1,2022-09-02 23:00:00,Alugado
45701,49175,TRANSFORMADOR DE 2000 VA TRANSFORMER,3993,P M CASCAVEL/ SECRETARIA DO DESPORTO E JUVENTUDE,Alugado,120892,1,2022-10-06 18:08:19,Alugado
57795,49175,TRANSFORMADOR DE 2000 W  TRANSFORMER,4029,MOREIA TECNOLOGIA - LOCACOES,Alugado,48717,1,2022-10-06 23:00:00,Alugado
45325,49177,TRANSFORMADOR DE 2000 W  TRANSFORMER,3884,P M DE TAUA - AUTARQUIA MUNICIPAL DE TRANSITO - AMT,Alugado,120623,1,2022-09-14 10:19:51,Alugado
57797,49177,TRANSFORMADOR DE 2000 W  TRANSFORMER,4029,MOREIA TECNOLOGIA - LOCACOES,Alugado,48174,1,2022-09-13 23:00:00,Alugado
57805,49185,TRANSFORMADOR 1500 FIOLUX,4029,MOREIA TECNOLOGIA - LOCACOES,Alugado,53255,1,2023-03-24 23:00:00,Alugado
81630,49185,TRANSFORMADOR DE 1500VA FIOLUX,11924,P M DE SAO LUIS - SEC MUNICIPAL DE SEGURANCA COM CIDADANIA - SEMUSC 2026,Alugado,551142,1,2026-03-25 10:43:03,Alugado
57813,49193,THINKCENTRE CORE I3 8GB NS MG00ACVP,4539,P M DE SAO LUIS  - SECRETARIA MUNIC DA CRIANCA E ASSIST SOCIAL  - SEMCAS,Devolução,47983,2,2022-09-03 17:32:00,Devolução
82494,49193,THINKCENTRE CORE I3 8GB NS MG00ACVP,346,P  M DE  CAUCAIA -  SAUDE SEDE,Alugado,57287,1,2023-05-02 16:13:34,Alugado
57848,49229,MICRO CORE I3 4GB HD 500,10405,MOREIA TECNOLOGIA,Devolução,501105,2,2023-02-23 08:27:23,Devolução
82495,49229,MICRO CORE I3 4GB HD 500,681,MARCOS PAIVA,Alugado,518273,1,2024-06-13 09:57:20,Alugado
57863,49244,MICRO CORE I3 8GB SSD 120,10405,MOREIA TECNOLOGIA,Alugado,500582,1,2023-01-11 13:32:06,Alugado
80971,49244,MICRO CORE I3 8GB HD 3TB,3797,P M DE BARBALHA / SECRETARIA DE CULTURA E TURISMO,Alugado,500960,1,2023-02-13 13:50:08,Alugado
57871,49252,MICRO CORE I3 8GB SSD 120,4539,P M DE SAO LUIS  - SECRETARIA MUNIC DA CRIANCA E ASSIST SOCIAL  - SEMCAS,Devolução,515266,2,2024-04-15 16:07:17,Devolução
133533,49252,"MICRO CORE I3 8GB RAM, SSD 120GB",888,P M DE CAUCAIA - SECRETARIA DE EDUCAÇÃO,Substituição Devolução,540743,3,2025-09-22 11:41:57,Substituição Devolução
137279,49252,"MICRO I3, 8GB RAM, SSD 120GB",10435,INSTITUTO DE GESTÃO E CIDADANIA - UPA HORIZONTE,Devolução,543789,2,2025-11-11 14:50:38,Devolução
57901,49282,"MONITOR LED 19"" BLUECASE NS 36663741448",10405,MOREIA TECNOLOGIA,Devolução,545517,2,2025-12-05 08:25:39,Devolução
82206,49282,"MONITOR LED 19"" BLUECASE NS 36663741448",3869,INSTITUTO DE GESTAO E CIDADANIA - UNIDADE DE ATENÇÃO BASICA DE BATURITÉ,Devolução,535820,2,2025-06-26 15:26:39,Devolução
57926,49307,"MONITOR LED 19"" BLUECASE NS 36663741213",10431,ALUCOM LTDA,Alugado,506332,1,2023-09-13 10:54:54,Alugado
122093,49307,"MONITOR LED 19"" BLUECASE NS 36663741213",3500,BASE CAUCAIA - ANTONIO VIEIRA - ROTA LITORAL NORTE,Devolução,509483,2,2023-11-20 08:00:07,Devolução
57980,49361,ESTABILIZADOR 300 VA ETERNITY,3396,P M DE CAUCAIA / SAÚDE SEDE - SAE,Alugado,541116,1,2025-09-30 10:31:57,Alugado
142266,49361,ESTABILIZADOR 300 VA ETERNITY,3576,IZZI SOLUÇÕES EM COBRANÇAS E TELEATENDIMENTO LTDA,Substituição Devolução,526110,3,2025-01-24 10:11:56,Substituição Devolução
57981,49362,ESTABILIZADOR 300 VA ETERNITY,4539,P M DE SAO LUIS  - SECRETARIA MUNIC DA CRIANCA E ASSIST SOCIAL  - SEMCAS,Alugado,48135,1,2022-09-09 09:55:00,Alugado
127740,49362,ESTABILIZADOR 300 VA ETERNITY,3030,P M DE CAUCAIA / AÇÃO SOCIAL - CRAS PLANALTO,Substituição Alugado,512424,5,2024-02-01 11:29:15,Substituição Alugado
57984,49365,ESTABILIZADOR 300 VA ETERNITY,346,P  M DE  CAUCAIA -  SAUDE SEDE,Substituição Alugado,555432,5,2026-06-16 15:28:00,Substituição Alugado
127355,49365,ESTABILIZADOR 300VA ETERNITY,11381,ISV - HOSPITAL ABELARDO GADELHA,Devolução,542085,2,2025-10-17 08:42:18,Devolução
57995,49376,ESTABILIZADOR 300 VA ETERNITY,4539,P M DE SAO LUIS  - SECRETARIA MUNIC DA CRIANCA E ASSIST SOCIAL  - SEMCAS,Devolução,525401,2,2025-01-10 15:59:10,Devolução
142308,49376,ESTABILIZADOR 300 VA ETERNITY,10504,SINDICATO DAS EMPRESAS DE TRANSPORTES DE PASSAGEIROS DO ESTADO DO CEARÁ - ETUFOR,Substituição Devolução,550825,3,2026-03-20 08:44:26,Substituição Devolução
58055,49438,"MONITOR LED 19"" BLUECASE NS 36663741697",10405,MOREIA TECNOLOGIA,Alugado,501734,1,2023-04-10 17:54:44,Alugado
82205,49438,"MONITOR LED 19"" BLUECASE NS 36663741697",3869,INSTITUTO DE GESTAO E CIDADANIA - UNIDADE DE ATENÇÃO BASICA DE BATURITÉ,Devolução,535820,2,2025-06-26 15:26:39,Devolução
45747,49455,ESTABILIZADOR 300 VA ETERNITY,3576,IZZI SOLUÇÕES EM COBRANÇAS E TELEATENDIMENTO LTDA,Alugado,503300,1,2023-06-23 13:34:17,Alugado
58069,49455,ESTABILIZADOR 300 VA ETERNITY,697,GARANTIA,Alugado,57103,1,2023-04-25 14:02:29,Alugado
45240,49459,"MICRO CORE I5, 8GB, SSD 120",3967,ALUCOM LOCACOES,Alugado,500698,1,2023-01-19 17:34:07,Alugado
82498,49459,MICRO CORE I5 8GB SSD 120,1498,P M DE CAUCAIA / AÇÃO SOCIAL - SEDE,Substituição Alugado,555323,5,2026-06-15 14:59:44,Substituição Alugado
58086,49476,"MONITOR LED 19"" BLUECASE NS 36663740886",4508,P M DE SAO LUIS - SECRETARIA MUNICIPAL DE INFORMACAO E TECNOLOGIA - SEMIT,Devolução,510472,2,2023-12-12 11:43:20,Devolução
127023,49476,"MONITOR LED 19"" BLUECASE NS 36663740886",10673,BASE MOREIA - SÃO LUIS,Alugado,510481,1,2023-12-12 13:03:38,Alugado
58104,49494,"MONITOR LED 19"" BLUECASE NS 36663740747",4539,P M DE SAO LUIS  - SECRETARIA MUNIC DA CRIANCA E ASSIST SOCIAL  - SEMCAS,Devolução,49831,2,2022-11-30 16:29:00,Devolução
82500,49494,"MONITOR LED 19"" BLUECASE NS 36663740747",4029,MOREIA TECNOLOGIA - LOCACOES,Alugado,53821,1,2023-04-18 23:00:00,Alugado
82866,49494,"MONITOR LED 19"" BLUECASE NS 36663740747",10473,P M DE ICÓ - SECRETARIA MUNICIPAL DE EDUCACAO,Alugado,501816,1,2023-04-17 09:14:46,Alugado
58106,49496,"MONITOR LED 19"" BLUECASE NS 36663740298",10431,ALUCOM LTDA,Alugado,512512,1,2024-02-05 13:28:46,Alugado
129074,49496,"MONITOR LED 19"" BLUECASE NS 36663740298",3132,P.M DE CAUCAIA - SAÚDE - UBS FRANCISCA DE FATIMA L. DA COSTA,Substituição Alugado,512537,5,2024-02-06 16:30:37,Substituição Alugado
58118,49508,"MONITOR LED 19"" BLUECASE NS 36663740902",10407,EQUIPAMENTOS EM GARANTIA,Devolução,506531,2,2023-09-18 12:51:56,Devolução
117466,49508,"MONITOR LED 19"" BLUECASE NS 36663740902",10407,EQUIPAMENTOS EM GARANTIA,Devolução,506531,2,2023-09-18 12:51:56,Devolução
58136,49526,"MONITOR LED 19"" BLUECASE NS 36663741094",10431,ALUCOM LTDA,Devolução,533408,2,2025-05-23 10:24:42,Devolução
142589,49526,"MONITOR LED 19"" BLUECASE NS 36663741094",1636,P M DE CAUCAIA/ SECRETARIA DE ESPORTE E JUVENTUDE,Alugado,534576,1,2025-06-06 15:12:38,Alugado
58189,49579,MICRO CORE I3 8GB RAM SSD 120,4539,P M DE SAO LUIS  - SECRETARIA MUNIC DA CRIANCA E ASSIST SOCIAL  - SEMCAS,Alugado,525279,1,2025-01-07 17:20:27,Alugado
129053,49579,MICRO I5 4GB HD 500,888,P M DE CAUCAIA - SECRETARIA DE EDUCAÇÃO,Devolução,518299,2,2024-06-14 09:03:38,Devolução
58221,49612,MICRO CORE I3 8GB RAM SSD 120,10405,MOREIA TECNOLOGIA,Alugado,500861,1,2023-02-03 16:01:54,Alugado
80874,49612,MICRO CORE I3 8GB HD 3TB ,3802,P M DE BARBALHA - SECRETARIA DO TRABALHO E DESENV SOCIAL,Alugado,500863,1,2023-02-03 16:13:56,Alugado
58223,49614,MICRO CORE I3 8GB RAM SSD 120,10405,MOREIA TECNOLOGIA,Alugado,500861,1,2023-02-03 16:01:54,Alugado
80875,49614,MICRO CORE I3 8GB HD 3TB ,3802,P M DE BARBALHA - SECRETARIA DO TRABALHO E DESENV SOCIAL,Alugado,500863,1,2023-02-03 16:13:56,Alugado
58268,49659,MICRO CORE I3 8GB RAM SSD 120,10431,ALUCOM LTDA,Alugado,520538,1,2024-08-13 11:49:37,Alugado
139549,49659,MICRO CORE I3 8GB RAM SSD 120,3332,P. M. DE ARACATI - SECRETARIA DE SAÚDE,Substituição Alugado,520540,5,2024-08-13 11:52:06,Substituição Alugado
58285,49676,AUTOTRANSFORMADOR 2000VA TRANSFORMER,11927,P M DE SAO LUIS - PROCURADOR GERAL DO MUNICIPIO/PGM 2026,Alugado,551168,1,2026-03-26 10:01:26,Alugado
81434,49676,TRANSFORMADOR 2000VA TRANSFORMER,10509,P M DE SAO LUIS - PROCURADOR GERAL DO MUNICIPIO/PGM,Devolução,551154,2,2026-03-26 08:11:37,Devolução
82502,49676,AUTOTRANSFORMADOR 2000VA TRANSFORMER,3163,MOREIA TECNOLOGIA -  MANUTENÇÃO DE EQUIPAMENTOS,Alugado,51502,1,2023-01-12 15:34:03,Alugado
58322,49713,TRANSFORMADOR 2000VA TRANSFORMER,4539,P M DE SAO LUIS  - SECRETARIA MUNIC DA CRIANCA E ASSIST SOCIAL  - SEMCAS,Devolução,510651,2,2023-12-18 08:52:30,Devolução
127094,49713,TRANSFORMADOR 2000VA TRANSFORMER,681,MARCOS PAIVA,Alugado,510585,1,2023-12-14 09:29:36,Alugado
58331,49722,ESTABILIZADOR 300 VA ETERNITY,4539,P M DE SAO LUIS  - SECRETARIA MUNIC DA CRIANCA E ASSIST SOCIAL  - SEMCAS,Devolução,502680,2,2023-06-12 17:03:44,Devolução
132281,49722,ESTABILIZADOR 300VA ETERNITY,11294,MULTINTEGRADA AQUIRAZ,Substituição Devolução,527451,3,2025-02-11 15:55:43,Substituição Devolução
58335,49726,ESTABILIZADOR 300 VA ETERNITY,4539,P M DE SAO LUIS  - SECRETARIA MUNIC DA CRIANCA E ASSIST SOCIAL  - SEMCAS,Devolução,518284,2,2024-06-13 14:30:26,Devolução
135170,49726,ESTABILIZADOR 300 VA ETERNITY,10504,SINDICATO DAS EMPRESAS DE TRANSPORTES DE PASSAGEIROS DO ESTADO DO CEARÁ - ETUFOR,Substituição Devolução,531858,3,2025-05-06 13:26:26,Substituição Devolução
58336,49727,ESTABILIZADOR 300 VA ETERNITY,10431,ALUCOM LTDA,Devolução,523867,2,2024-11-08 10:19:09,Devolução
126887,49727,ESTABILIZADOR 300VA ETERNITY,10672,BASE ALUCOM - SÃO LUIS,Alugado,525368,1,2025-01-09 14:34:52,Alugado
58343,49734,ESTABILIZADOR 300 VA ETERNITY,10431,ALUCOM LTDA,Devolução,543350,2,2025-11-07 11:04:17,Devolução
143032,49734,ESTABILIZADOR 300 VA ETERNITY,618,P M DE CAUCAIA/ SECRETARIA DE  FINANÇAS,Devolução,543348,2,2025-11-07 10:58:03,Devolução
58372,49763,ESTABILIZADOR 300 VA ETERNITY,10407,EQUIPAMENTOS EM GARANTIA,Alugado,500904,1,2023-02-08 10:42:23,Alugado
83142,49763,ESTABILIZADOR 300 VA ETERNITY,3695,P M DE CASCAVEL - TURISMO,Devolução,550108,2,2026-03-09 14:07:43,Devolução
58374,49765,ESTABILIZADOR 300 VA ETERNITY,4539,P M DE SAO LUIS  - SECRETARIA MUNIC DA CRIANCA E ASSIST SOCIAL  - SEMCAS,Devolução,515926,2,2024-04-29 12:43:16,Devolução
139585,49765,ESTABILIZADOR 300 VA ETERNITY,,,,,,,Sem Movimento
58376,49767,ESTABILIZADOR 300 VA ETERNITY,11381,ISV - HOSPITAL ABELARDO GADELHA,Substituição Devolução,537352,3,2025-07-25 10:59:11,Substituição Devolução
135606,49767,ESTABILIZADOR 300 VA ETERNITY,3500,BASE CAUCAIA - ANTONIO VIEIRA - ROTA LITORAL NORTE,Devolução,537059,2,2025-07-21 10:21:29,Devolução
58379,49770,ESTABILIZADOR 300 VA ETERNITY,11970,CENTRO DE EDUCAÇÃO ELITE LTDA - CEE MOSSORO,Alugado,553280,1,2026-05-05 15:12:56,Alugado
83141,49770,ESTABILIZADOR 300 VA ETERNITY,3686,INSTITUTO GERENCIAMENTO MEDICO IGM-UPA IRMA SILVEIRA CASCAVEL,Devolução,538776,2,2025-08-20 16:13:40,Devolução
58424,49815,ESTABILIZADOR 300 VA ETERNITY,10431,ALUCOM LTDA,Alugado,511123,1,2023-12-27 14:42:20,Alugado
127353,49815,ESTABILIZADOR 300VA ETERNITY,3147,P.M DE CAUCAIA - EDUCAÇÃO - CRECHE FRANCISCO MARTINS DE MORAIS 2018,Substituição Alugado,511441,5,2024-01-08 09:29:37,Substituição Alugado
58437,49828,MICRO CORE I5 8GB SSD 120,4562,FRANCINE ROSA,Alugado,549189,1,2026-02-23 09:41:51,Alugado
136820,49828,MICRO CORE I5 8GB SSD 120,3731,P M DE CASCAVEL - SECRETARIA DE EDUCAÇÃO/ LABORATORIO NAEC,Devolução,546758,2,2026-01-02 08:26:57,Devolução
58445,49836,MICRO CORE I5 8GB SSD 120,11322,7584 - P M CRATO/ SECRETARIA DE SEGURANÇA PUBLICA / CIOEM,Alugado,546049,1,2025-12-16 15:29:52,Alugado
136814,49836,MICRO CORE I5 8GB SSD 120,3709,P M DE CASCAVEL  - FAZENDA - TESOURARIA,Devolução,545887,2,2025-12-15 09:52:36,Devolução
58482,49893,"MONITOR LED 19"" BLUECASE NS 36663740185",4029,MOREIA TECNOLOGIA - LOCACOES,Devolução,545591,2,2025-12-08 16:13:30,Devolução
82202,49893,"MONITOR LED 19"" BLUECASE NS 36663740185",3869,INSTITUTO DE GESTAO E CIDADANIA - UNIDADE DE ATENÇÃO BASICA DE BATURITÉ,Devolução,535820,2,2025-06-26 15:26:39,Devolução
45247,49896,"MONITOR LED 19"" BLUECASE NS 36663741489",3802,P M DE BARBALHA - SECRETARIA DO TRABALHO E DESENV SOCIAL,Alugado,120603,1,2022-09-13 14:03:54,Alugado
58485,49896,"MONITOR LED 19"" BLUECASE NS 36663741489",4029,MOREIA TECNOLOGIA - LOCACOES,Alugado,48174,1,2022-09-13 23:00:00,Alugado
58497,49908,MICRO CORE I5 8GB SSD 120,4029,MOREIA TECNOLOGIA - LOCACOES,Alugado,52992,1,2023-03-14 23:00:00,Alugado
81566,49908,MICRO CORE I5 4GB SSD 120,10449,PM BATURITÉ/ FUNDAÇÃO DE CULTURA E TURISMO,Alugado,501377,1,2023-03-16 15:27:15,Alugado
58503,49914,MICRO CORE I5 8GB SSD 120,4029,MOREIA TECNOLOGIA - LOCACOES,Alugado,51727,1,2023-01-23 09:29:34,Alugado
80798,49914,MICRO CORE I5 4GB HD 500,10403,P M ICÓ/ SECRETARIA DE ADMINISTRAÇÃO E FINANÇAS,Substituição Devolução,552848,3,2026-04-24 15:16:57,Substituição Devolução
45324,49923,ESTABILIZADOR 500VA BEM LIGADO,989,P. M. BARROQUINHA - ADM E  FINANÇAAS - DIGITALIZAÇÃO,Devolução,549963,2,2026-03-06 11:26:44,Devolução
58512,49923,ESTABILIZADOR 500VA BEM LIGADO,4029,MOREIA TECNOLOGIA - LOCACOES,Devolução,549962,2,2026-03-06 11:26:18,Devolução
45248,49928,ESTABILIZADOR 500VA BEM LIGADO,3802,P M DE BARBALHA - SECRETARIA DO TRABALHO E DESENV SOCIAL,Alugado,120603,1,2022-09-13 14:03:54,Alugado
58517,49928,ESTABILIZADOR 500VA BEM LIGADO,4029,MOREIA TECNOLOGIA - LOCACOES,Alugado,48174,1,2022-09-13 23:00:00,Alugado
45335,49929,ESTABILIZADOR 500VA BEM LIGADO,3871,"NOVA  MAX INDUSTRIA, COMERCIO E SERVICOS GRAFICOS LTDA",Devolução,517818,2,2024-06-04 09:43:11,Devolução
58518,49929,ESTABILIZADOR 500VA BEM LIGADO,,,,,,,Sem Movimento
58520,49931,THINKCENTRE CORE I5 8GB SSD 120 NS MJ00FSDW,4029,MOREIA TECNOLOGIA - LOCACOES,Alugado,52540,1,2023-02-23 23:00:00,Alugado
81131,49931,THINKCENTRE CORE I5 LENOVO 8GB SSD 240 NS MJ00FSDW,3623,P M DE CRATO - FINANCAS,Alugado,501119,1,2023-02-23 16:50:31,Alugado
58521,49932,THINKCENTRE CORE I5 8GB SSD 120 NS MJ00FSEC,4029,MOREIA TECNOLOGIA - LOCACOES,Alugado,52540,1,2023-02-23 23:00:00,Alugado
81133,49932,THINKCENTRE CORE I5 LENOVO 8GB SSD 120 NS MJ00FSEC,3623,P M DE CRATO - FINANCAS,Alugado,501119,1,2023-02-23 16:50:31,Alugado
58522,49933,THINKCENTRE CORE I5 8GB SSD 120 NS MJ00FSE2,4029,MOREIA TECNOLOGIA - LOCACOES,Alugado,52540,1,2023-02-23 23:00:00,Alugado
81136,49933,THINKCENTRE CORE I5 LENOVO 8GB SSD 120 NS MJ00FSE2,3623,P M DE CRATO - FINANCAS,Alugado,501119,1,2023-02-23 16:50:31,Alugado
58525,49936,THINKCENTRE CORE I5 8GB SSD 120 NS MJ00FSBP,4029,MOREIA TECNOLOGIA - LOCACOES,Alugado,52540,1,2023-02-23 23:00:00,Alugado
81134,49936,THINKCENTRE CORE I5 LENOVO 8GB SSD 120 NS MJ00FSBP,3819,P M DE BARBALHA / SECRETARIA DE SAÚDE,Alugado,516113,1,2024-05-02 11:14:29,Alugado
58529,49940,THINKCENTRE CORE I5 8GB SSD 120 NS MJ00FSDK,4029,MOREIA TECNOLOGIA - LOCACOES,Alugado,52540,1,2023-02-23 23:00:00,Alugado
81138,49940,THINKCENTRE CORE I5 LENOVO 8GB SSD 120 NS MJ00FSDK,3623,P M DE CRATO - FINANCAS,Alugado,501119,1,2023-02-23 16:50:31,Alugado
58533,49944,THINKCENTRE CORE I5 8GB SSD 120 NS MJ00FSC7,4029,MOREIA TECNOLOGIA - LOCACOES,Alugado,52540,1,2023-02-23 23:00:00,Alugado
81135,49944,THINKCENTRE CORE I5 LENOVO 8GB SSD 120 NS MJ00FSC7,3623,P M DE CRATO - FINANCAS,Alugado,501119,1,2023-02-23 16:50:31,Alugado
58534,49945,THINKCENTRE CORE I5 8GB SSD 120 NS MJ00FSD2,4029,MOREIA TECNOLOGIA - LOCACOES,Alugado,52540,1,2023-02-23 23:00:00,Alugado
81132,49945,THINKCENTRE CORE I5 LENOVO 8GB SSD 120 NS MJ00FSD2,3623,P M DE CRATO - FINANCAS,Alugado,501119,1,2023-02-23 16:50:31,Alugado
58535,49946,THINKCENTRE CORE I5 8GB SSD 120 NS MJ00FSC9,4029,MOREIA TECNOLOGIA - LOCACOES,Alugado,52540,1,2023-02-23 23:00:00,Alugado
81137,49946,THINKCENTRE CORE I5 LENOVO 8GB SSD 120 NS MJ00FSC9,3623,P M DE CRATO - FINANCAS,Alugado,501119,1,2023-02-23 16:50:31,Alugado
58538,49949,NOTEBOOK CORE I5 ASUS 8GB SSD 256 NS N6N0B6000810225,4029,MOREIA TECNOLOGIA - LOCACOES,Alugado,507910,1,2023-10-18 15:17:16,Alugado
124575,49949,NOTEBOOK CORE I5 ASUS 8GB SSD 256 NS N6N0B6000810225,3888,"P M DE TAUA - SECRETARIA DE POLITICAS DA MULHER, JUVENTUDE, IDOSO,DROGAS E FAMILILA",Substituição Alugado,507912,5,2023-10-18 15:29:05,Substituição Alugado
45250,50001,ESTABILIZADOR 500VA BEM LIGADO,,,,,,,Sem Movimento
58589,50001,ESTABILIZADOR 500VA  BEM LIGADO,4463,P M DE FORTALEZA - SECRETARIA MUNICIPAL DA GESTAO REGIONAL - SEGER,Substituição Devolução,509454,3,2023-11-17 11:15:12,Substituição Devolução
45309,50020,"MONITOR 19"" BLUECASE NS 36663741016",3622,ALUCOM LOCACOES,Devolução,531460,2,2025-04-27 17:30:35,Devolução
120714,50020,"MONITOR 19"" BLUECASE NS 36663741016",4441,SECRETARIA DE SAUDE CAUCAIA - TI,Substituição Devolução,548985,3,2026-02-20 11:25:22,Substituição Devolução
45319,50027,MONITOR LED 19 BLUECASE NS 36663741409,11938,CENTRO DE EDUCAÇÃO ELITE LTDA - CEE ARACATI,Alugado,552449,1,2026-04-16 16:39:11,Alugado
58601,50027,"MONITOR LED 19"" BLUECASE NS 36663741409",2644,P M DE CAUCAIA / IMAC,Devolução,550681,2,2026-03-17 14:25:55,Devolução
58625,50054,ESTABILIZADOR 500VA BEM LIGADO,4539,P M DE SAO LUIS  - SECRETARIA MUNIC DA CRIANCA E ASSIST SOCIAL  - SEMCAS,Devolução,548054,2,2026-02-02 16:42:04,Devolução
141317,50054,ESTABILIZADOR 500VA BEM LIGADO,11426,P M DE ITAREMA - SAUDE,Alugado,551250,1,2026-03-26 16:37:08,Alugado
58629,50058,ESTABILIZADOR 500VA BEM LIGADO,4029,MOREIA TECNOLOGIA - LOCACOES,Alugado,50148,1,2022-12-13 23:00:00,Alugado
80452,50058,ESTABILIZADOR 500VA BEM LIGADO,3806,P M DE BARBALHA / SECRETARIA DE DESENVOLVIMENTO AGRARIO,Alugado,508791,1,2023-11-01 10:55:47,Alugado
58631,50060,ESTABILIZADOR 500VA BEM LIGADO,4029,MOREIA TECNOLOGIA - LOCACOES,Alugado,49000,1,2022-10-20 10:27:00,Alugado
79719,50060,ESTABILIZADOR 500VA BEM LIGADO,7585,P M CRATO/ SECRETARIA DE SEGURANÇA PUBLICA / GESTÃO ADMINISTRATIVA DA GUARDA CIVIL MUNICIPAL,Alugado,281705,1,2022-10-20 09:53:42,Alugado
58646,50075,ESTABILIZADOR 500VA BEM LIGADO,11970,CENTRO DE EDUCAÇÃO ELITE LTDA - CEE MOSSORO,Alugado,553280,1,2026-05-05 15:12:56,Alugado
79684,50075,ESTABILIZADOR 500 VA BEM LIGADO,7586,P M CRATO/ SECRETARIA DE SEGURANÇA PUBLICA / GESTÃO E MAN_ATIVIDADES DA SEC_SEGURANÇA PUBLICA,Devolução,544378,2,2025-11-14 15:11:02,Devolução
58652,50081,ESTABILIZADOR 500VA BEM LIGADO,4029,MOREIA TECNOLOGIA - LOCACOES,Alugado,49000,1,2022-10-20 10:27:00,Alugado
79689,50081,ESTABILIZADOR 500 VA BEM LIGADO,7586,P M CRATO/ SECRETARIA DE SEGURANÇA PUBLICA / GESTÃO E MAN_ATIVIDADES DA SEC_SEGURANÇA PUBLICA,Alugado,281704,1,2022-10-19 19:16:38,Alugado
58653,50082,ESTABILIZADOR 500VA BEM LIGADO,4463,P M DE FORTALEZA - SECRETARIA MUNICIPAL DA GESTAO REGIONAL - SEGER,Devolução,510447,2,2023-12-12 08:15:57,Devolução
137576,50082,ESTABILIZADOR 500VA BEM LIGADO SN,10877,RAIMUNDA RIBEIRO DOS SANTOS,Devolução,522822,2,2024-10-14 09:19:21,Devolução
58660,50089,ESTABILIZADOR 500VA BEM LIGADO,11319,"P M TAUA - SECRETARIA DE URBANISMO , CONSERVAÇÃO, MEIO AMBIENTE E SUSTENTABILIDADE",Alugado,529645,1,2025-03-20 11:51:03,Alugado
143680,50089,ESTABILIZADOR 500VA BEM LIGADO,11319,"P M TAUA - SECRETARIA DE URBANISMO , CONSERVAÇÃO, MEIO AMBIENTE E SUSTENTABILIDADE",Alugado,529645,1,2025-03-20 11:51:03,Alugado
45328,50092,"MICRO CORE I5, 4GB, SSD 120",3332,P. M. DE ARACATI - SECRETARIA DE SAÚDE,Substituição Devolução,524188,3,2024-11-25 14:25:48,Substituição Devolução
58663,50092,MICRO I5 4GB SSD 120,4463,P M DE FORTALEZA - SECRETARIA MUNICIPAL DA GESTAO REGIONAL - SEGER,Substituição Alugado,525216,5,2025-01-07 08:47:12,Substituição Alugado
45342,50100,LEITOR BIOMETRICO DIGITAL PERSONA U4500 NS F100E013942,3622,ALUCOM LOCACOES,Devolução,531460,2,2025-04-27 17:30:35,Devolução
58671,50100,LEITOR BIOMÉTRICO DIGITAL PERSONA U4500 NS F100E013942,2973,P. M. DO CRATO - SEC. DE ADMINISTRAÇÃO,Alugado,48293,1,2022-09-16 16:13:00,Alugado
58674,50103,ESTABILIZADOR 500VA BEM LIGADO,4029,MOREIA TECNOLOGIA - LOCACOES,Alugado,52145,1,2023-02-03 14:42:00,Alugado
80891,50103,ESTABILIZADOR 500VA BEM LIGADO,10442,PM ICÓ / CONTROLADORIA GERAL / COMBUSTÍVEL,Alugado,501247,1,2023-03-07 16:19:15,Alugado
58690,50119,"MONITOR LED 19"" BLUECASE NS 36663740928",4029,MOREIA TECNOLOGIA - LOCACOES,Alugado,51934,1,2023-01-27 23:00:00,Alugado
80834,50119,"MONITOR LED 19"" BLUECASE NS 36663740928""",3627,P M DE JUAZEIRO - SECRET MUNIC DESENV SOCIAL E TRABALHO - SEDEST,Alugado,500800,1,2023-01-27 13:37:31,Alugado
45343,50121,LEITOR BIOMETRICO DIGITAL PERSONA U4500 NS K820E12758,3809,P M DE CRATO - SECRETARIA DE ADMINISTRACAO,Devolução,518314,2,2024-06-14 14:48:05,Devolução
58692,50121,LEITOR BIOMÉTRICO DIGITAL PERSONA U4500 NS K820E12758,2973,P. M. DO CRATO - SEC. DE ADMINISTRAÇÃO,Devolução,506664,2,2023-09-21 10:05:52,Devolução
45344,50122,LEITOR BIOMETRICO DIGITAL PERSONA U4500 NS G400E011463,10480,P M DE CRATO - SECRETARIA MUNICIPAL DE EDUCACAO,Devolução,542969,2,2025-10-31 12:12:12,Devolução
58693,50122,LEITOR BIOMÉTRICO DIGITAL PERSONA U4500 NS G400E011463,888,P M DE CAUCAIA - SECRETARIA DE EDUCAÇÃO,Alugado,552874,1,2026-04-24 16:11:44,Alugado
58747,50177,IMPRESSORA MULTIFUN LASER HP MFP 4103FDW NS BRBSQ700FM,4539,P M DE SAO LUIS  - SECRETARIA MUNIC DA CRIANCA E ASSIST SOCIAL  - SEMCAS,Devolução,548451,2,2026-02-10 10:04:18,Devolução
82505,50177,IMPRESSORA MULTIFUN LASER HP MFP 4103FDW NS BRBSQ700FM,3163,MOREIA TECNOLOGIA -  MANUTENÇÃO DE EQUIPAMENTOS,Devolução,537363,2,2025-07-25 13:27:22,Devolução
45364,50284,MICRO CORE I5 8GB SSD 240 4ª GERACAO,,,,,,,Sem Movimento
45365,50284,MICRO CORE I5 8GB SSD 240 4ª GERACAO,3980,ESCRITORIO COMITE CASCAVEL,Devolução,120653,2,2022-09-19 00:00:00,Devolução
58839,50287,IMPRESSORA MULTIFUN LASER HP M428FDW NS BRDSQ2H01G,4029,MOREIA TECNOLOGIA - LOCACOES,Devolução,543862,2,2025-11-11 16:28:06,Devolução
127817,50287,MULTIFUNCIONAL LASER MONO HP M428FDW NS BRDSQ2H01G,11722,PM AQUIRAZ / SECRETARIA DE FINANÇAS-20252208.08,Alugado,544016,1,2025-11-12 09:17:27,Alugado
58884,50335,ESTABILIZADOR 500VA BEM LIGADO,4029,MOREIA TECNOLOGIA - LOCACOES,Alugado,57419,1,2023-05-09 23:00:00,Alugado
117467,50335,ESTABILIZADOR 500VA BEM LIGADO,3918,P M DE REDENCAO - SECRETARIA MUNICIPAL DE EDUCACAO,Alugado,502170,1,2023-05-08 16:05:21,Alugado
45545,50347,AUTOTRANSFORMADOR 2000VA TRANSFORMER,3652,P M DE AQUIRAZ / SECRETARIA DE FINANÇAS,Alugado,120830,1,2022-10-03 11:48:18,Alugado
58896,50347,AUTOTRANSFORMADOR 2000VA TRANSFORMER,3163,MOREIA TECNOLOGIA -  MANUTENÇÃO DE EQUIPAMENTOS,Alugado,48619,1,2022-10-03 23:00:00,Alugado
58906,50357,AUTOTRANSFORMADOR 2000VA TRANSFORMER,986,P. M. DE MARANGUAPE -  SECRETARIA DE EDUCAÇÃO,Substituição Alugado,504645,5,2023-08-01 09:01:11,Substituição Alugado
80067,50357,TRANSFORMADOR 2000VA TRANSFORMER,3847,TECNICO ALUCOM PAULO RUBENS,Alugado,500083,1,2022-11-16 09:03:48,Alugado
58907,50358,AUTOTRANSFORMADOR 2000VA TRANSFORMER,4029,MOREIA TECNOLOGIA - LOCACOES,Alugado,49000,1,2022-10-20 10:27:00,Alugado
79639,50358,TRANSFORMADOR DE 2000VA TRANSFORMER,7585,P M CRATO/ SECRETARIA DE SEGURANÇA PUBLICA / GESTÃO ADMINISTRATIVA DA GUARDA CIVIL MUNICIPAL,Alugado,281705,1,2022-10-20 09:53:42,Alugado
58908,50359,AUTOTRANSFORMADOR 2000VA TRANSFORMER,2155,P. M. DE ARACATI - SECRETARIA DE EDUCAÇÃO,Alugado,48390,1,2022-09-21 15:13:00,Alugado
79799,50359,TRANSFORMADOR 2000 VA TRANSFORMER,7588,CONSORCIO MUNICIPAL PARA ATERRO DE RESIDUOS SOLIDOS - UNIDADE CRATO - COMARES,Devolução,500147,2,2022-11-22 15:57:19,Devolução
58910,50361,AUTOTRANSFORMADOR 2000VA TRANSFORMER,2155,P. M. DE ARACATI - SECRETARIA DE EDUCAÇÃO,Alugado,48390,1,2022-09-21 15:13:00,Alugado
80083,50361,TRANSFORMADOR DE 2000 VA,3762,P M DE TAUÁ / SECRETARIA DE EDUCAÇÃO,Alugado,500113,1,2022-11-17 13:40:43,Alugado
58912,50363,AUTOTRANSFORMADOR 2000VA TRANSFORMER,2155,P. M. DE ARACATI - SECRETARIA DE EDUCAÇÃO,Alugado,48390,1,2022-09-21 15:13:00,Alugado
80082,50363,TRANSFORMADOR 2000VA TRANSFORMER,3762,P M DE TAUÁ / SECRETARIA DE EDUCAÇÃO,Alugado,500113,1,2022-11-17 13:40:43,Alugado
58913,50364,AUTOTRANSFORMADOR 2000VA TRANSFORMER,4029,MOREIA TECNOLOGIA - LOCACOES,Alugado,49000,1,2022-10-20 10:27:00,Alugado
79640,50364,TRANSFORMADOR DE 2000 VA TRANSFORMER,7585,P M CRATO/ SECRETARIA DE SEGURANÇA PUBLICA / GESTÃO ADMINISTRATIVA DA GUARDA CIVIL MUNICIPAL,Alugado,281705,1,2022-10-20 09:53:42,Alugado
58916,50367,AUTOTRANSFORMADOR 2000VA TRANSFORMER,4029,MOREIA TECNOLOGIA - LOCACOES,Alugado,52947,1,2023-03-10 18:26:53,Alugado
81417,50367,TRANSFORMADOR 2000VA TRANSFORMER,11909,PM AQUIRAZ / SEC EDUCAÇÃO - COLEGIO JOSE CAMARA ALMEIDA-20252208.08,Alugado,550261,1,2026-03-11 08:57:14,Alugado
58918,50369,AUTOTRANSFORMADOR 2000VA TRANSFORMER,4029,MOREIA TECNOLOGIA - LOCACOES,Alugado,49000,1,2022-10-20 10:27:00,Alugado
79641,50369,TRANSFORMADOR DE 2000 VA TRANSFORMER,7585,P M CRATO/ SECRETARIA DE SEGURANÇA PUBLICA / GESTÃO ADMINISTRATIVA DA GUARDA CIVIL MUNICIPAL,Devolução,500143,2,2022-11-22 15:55:34,Devolução
58949,50403,MICRO CORE I5 8GB SSD 240,10391,P M CRATO/ SECRETARIA DE SAÚDE,Alugado,537919,1,2025-08-06 15:31:03,Alugado
138394,50403,MICRO I5 8GB SSD 240GB,10906,CAMPANHA RERIUTABA 2024,Devolução,527695,2,2025-02-14 16:54:56,Devolução
58976,50430,MICRO CORE I5 8GB SSD 240,4539,P M DE SAO LUIS  - SECRETARIA MUNIC DA CRIANCA E ASSIST SOCIAL  - SEMCAS,Alugado,48389,1,2022-09-21 14:43:00,Alugado
134204,50430,"MICRO I5 8GB RAM, SSD 120GB",2879,P.M DE CAUCAIA - SAÚDE SEDE,Alugado,517830,1,2024-06-04 10:20:13,Alugado
58992,50446,MICRO CORE I5 8GB SSD 240,4539,P M DE SAO LUIS  - SECRETARIA MUNIC DA CRIANCA E ASSIST SOCIAL  - SEMCAS,Devolução,519559,2,2024-07-16 17:27:50,Devolução
136812,50446,MICRO CORE I5 8GB SSD 240,3631,P M DE JUAZEIRO  - SECRETARIA DE AGRICULTURA - SEAGRI,Substituição Alugado,549263,5,2026-02-24 15:57:34,Substituição Alugado
59009,50463,MICRO CORE I5 8GB SSD 240,4539,P M DE SAO LUIS  - SECRETARIA MUNIC DA CRIANCA E ASSIST SOCIAL  - SEMCAS,Alugado,48389,1,2022-09-21 14:43:00,Alugado
135201,50463,MICRO CORE I5 8GB SSD 240,3817,P M DE IGUATU / SECRETARIA DE ASSISTÊNCIA SOCIAL,Alugado,518310,1,2024-06-14 12:49:22,Alugado
59020,50474,MICRO CORE I5 8GB SSD 240,10431,ALUCOM LTDA,Alugado,522545,1,2024-10-03 15:06:13,Alugado
142932,50474,MICRO CORE I5 8GB SSD 240,3425,P.M DE MARANGUAPE - SECRETARIA DE ASSISTÊNCIA SOCIAL,Substituição Alugado,522553,5,2024-10-03 15:19:44,Substituição Alugado
59021,50475,MICRO CORE I5 8GB SSD 240,4539,P M DE SAO LUIS  - SECRETARIA MUNIC DA CRIANCA E ASSIST SOCIAL  - SEMCAS,Substituição Devolução,525445,3,2025-01-13 11:21:01,Substituição Devolução
134205,50475,"MICRO I5 8GB RAM, SSD 240GB",3111,P.M DE CAUCAIA - EDUCAÇÃO - ESCOLA MURILO AMARAL,Substituição Devolução,542530,3,2025-10-22 14:41:47,Substituição Devolução
59027,50481,MICRO CORE I5 8GB SSD 240,4539,P M DE SAO LUIS  - SECRETARIA MUNIC DA CRIANCA E ASSIST SOCIAL  - SEMCAS,Alugado,510776,1,2023-12-19 12:54:24,Alugado
134209,50481,"MICRO I5 8GB RAM, SSD 120GB",2390,SEC. DE EDUCAÇÃO DE CAUCAIA - ESCOLA ANTONIO ALBUQUERQUE EEIEF - 2014,Substituição Alugado,517484,5,2024-05-28 07:37:56,Substituição Alugado
59033,50487,MICRO CORE I5 8GB SSD 240,4539,P M DE SAO LUIS  - SECRETARIA MUNIC DA CRIANCA E ASSIST SOCIAL  - SEMCAS,Substituição Alugado,534769,5,2025-06-10 15:33:26,Substituição Alugado
131793,50487,MICRO CORE I5 8GB SSD 240,10702,JORDANIA - ROTA INHAMUS - INDEPENDÊNCIA,Devolução,528885,2,2025-03-11 12:58:19,Devolução
45380,50494,IMPRESSORA RICOH AFICIO SP-3510 DN NS T313Q100252,10702,JORDANIA - ROTA INHAMUS - INDEPENDÊNCIA,Devolução,511852,2,2024-01-17 09:12:03,Devolução
118937,50494,IMPRESSORA RICOH AFICIO SP-3510 DN NS T313Q100252,4029,MOREIA TECNOLOGIA - LOCACOES,Devolução,518034,2,2024-06-07 15:58:41,Devolução
45389,50510,MONITOR LED 19.5 ,3918,P M DE REDENCAO - SECRETARIA MUNICIPAL DE EDUCACAO,Devolução,120754,2,2022-09-23 10:49:43,Devolução
59044,50510,"MONITOR LED 19.5 "" GOLDENTEC S/N 39531N19120757",2404,SEC. DE EDUCAÇÃO DE CAUCAIA - ESCOLA LUIZ  DE GONZAGA MOTA,Alugado,51046,1,2022-09-27 23:00:00,Alugado
45397,50589,"NOTEBOOK CORE I5 ACER ASPIRE, 2.71 GHZ,  MEM 8GB, HD 1TB",3849,P M DE QUIXADÁ / SECRETARIA MUNICIPAL DE EDUCAÇÃO,Substituição Devolução,120755,3,2022-09-23 11:20:13,Substituição Devolução
59108,50589,NOTEBOOK CORE I7 LENOVO 8GB SSD 512 NS PE0905R4,346,P  M DE  CAUCAIA -  SAUDE SEDE,Substituição Devolução,532851,3,2025-05-19 16:40:14,Substituição Devolução
59118,50604,ESTABILIZADOR 500VA BEM LIGADO,4029,MOREIA TECNOLOGIA - LOCACOES,Alugado,52145,1,2023-02-03 14:42:00,Alugado
80894,50604,ESTABILIZADOR 500VA BEM LIGADO,10438,PM ICÓ / CONTROLADORIA GERAL,Alugado,501294,1,2023-03-13 13:57:45,Alugado
45435,50639,MONITOR LED 23.6  BLUECASE NS 36666380041,3622,ALUCOM LOCACOES,Devolução,531460,2,2025-04-27 17:30:35,Devolução
80547,50639,MONITOR LED 23,4427,P M DE CAUCAIA - SECRETARIA DO GOVERNO - SEGOV,Substituição Alugado,511132,5,2023-12-27 14:59:11,Substituição Alugado
45468,50640,"MONITOR LED 23,6 BLUECASE NS 36666380044",3622,ALUCOM LOCACOES,Devolução,531460,2,2025-04-27 17:30:35,Devolução
82507,50640,MONITOR LED 23,236,P M DE CAUCAIA / PROCURADORIA,Alugado,53328,1,2023-03-27 18:33:07,Alugado
45472,50644,"MONITOR LED 23,6"" BLUECASE NS 36666380042",3622,ALUCOM LOCACOES,Devolução,531460,2,2025-04-27 17:30:35,Devolução
120548,50644,"MONITOR LED 23,6"" BLUECASE NS 36666380042",10577,ASSEMBLEIA LEGISLATIVA DO ESTADO DO MARANHÃO-ALEMA,Alugado,506888,1,2023-09-27 17:23:03,Alugado
45473,50645,"MONITOR LED 23,6 BLUECASE NS 36666380053",3622,ALUCOM LOCACOES,Devolução,531460,2,2025-04-27 17:30:35,Devolução
120547,50645,"MONITOR LED 23,6"" BLUECASE NS 36666380053",10577,ASSEMBLEIA LEGISLATIVA DO ESTADO DO MARANHÃO-ALEMA,Alugado,506888,1,2023-09-27 17:23:03,Alugado
45474,50646,"MONITOR LED 23,6 BLUECASE NS 36666380001",3605,MOREIA TECNOLOGIA LOCACAO,Alugado,507752,1,2023-10-17 09:32:45,Alugado
124528,50646,"MONITOR LED 23,6"" BLUECASE NS 36666380001",11928,P M SÃO LUIS - SECRETARIA DE TRÂNSITO E TRANSPORTES-SMTT 2026,Alugado,550871,1,2026-03-20 09:46:34,Alugado
45475,50647,"MONITOR LED 23,6 BLUECASE NS 36666380005",3605,MOREIA TECNOLOGIA LOCACAO,Alugado,507752,1,2023-10-17 09:32:45,Alugado
124530,50647,"MONITOR LED 23,6"" BLUECASE NS 36666380005",11928,P M SÃO LUIS - SECRETARIA DE TRÂNSITO E TRANSPORTES-SMTT 2026,Alugado,550871,1,2026-03-20 09:46:34,Alugado
45476,50648,"MONITOR LED 23,6 BLUECASE NS 36666380046",3605,MOREIA TECNOLOGIA LOCACAO,Alugado,507752,1,2023-10-17 09:32:45,Alugado
124529,50648,"MONITOR LED 23,6"" BLUECASE NS 36666380046",11928,P M SÃO LUIS - SECRETARIA DE TRÂNSITO E TRANSPORTES-SMTT 2026,Alugado,550871,1,2026-03-20 09:46:34,Alugado
45478,50652,"MONITOR LED 23,6"" BLUECASE NS 36666380002",3622,ALUCOM LOCACOES,Devolução,531460,2,2025-04-27 17:30:35,Devolução
120545,50652,"MONITOR LED 23,6"" BLUECASE NS 36666380002",10577,ASSEMBLEIA LEGISLATIVA DO ESTADO DO MARANHÃO-ALEMA,Alugado,506888,1,2023-09-27 17:23:03,Alugado
45479,50653,"MONITOR LED 23,6"" BLUECASE NS 36666380018",3622,ALUCOM LOCACOES,Devolução,531460,2,2025-04-27 17:30:35,Devolução
120544,50653,"MONITOR LED 23,6"" BLUECASE NS 36666380018",10577,ASSEMBLEIA LEGISLATIVA DO ESTADO DO MARANHÃO-ALEMA,Alugado,506888,1,2023-09-27 17:23:03,Alugado
45486,50654,"MONITOR LED 23,6"" BLUECASE NS 36666380004",3622,ALUCOM LOCACOES,Devolução,531460,2,2025-04-27 17:30:35,Devolução
120546,50654,"MONITOR LED 23,6"" BLUECASE NS 36666380004",10577,ASSEMBLEIA LEGISLATIVA DO ESTADO DO MARANHÃO-ALEMA,Alugado,506888,1,2023-09-27 17:23:03,Alugado
45481,50656,"MONITOR LED 23,6"" BLUECASE NS 36666380026",3622,ALUCOM LOCACOES,Devolução,524003,2,2024-11-14 11:11:27,Devolução
82508,50656,"MONITOR LED 23.6""  BLUECASE NS 36666380026",491,P M DE CAUCAIA / GABINETE,Devolução,523963,2,2024-11-13 14:25:31,Devolução
45482,50657,"MONITOR LED 23,6"" BLUECASE NS 36666380030",3622,ALUCOM LOCACOES,Devolução,531460,2,2025-04-27 17:30:35,Devolução
82509,50657,"MONITOR  LED 23.6"" BLUECASE NS: 36666380030",3366,AS PAIVA - 2019,Substituição Alugado,503821,5,2023-07-11 14:04:47,Substituição Alugado
45484,50659,"MONITOR LED 23,6"" BLUECASE NS 36666380029",3622,ALUCOM LOCACOES,Devolução,531460,2,2025-04-27 17:30:35,Devolução
83229,50659,"MONITOR LED 23 5"" BLUECASE NS 36666380029",4463,P M DE FORTALEZA - SECRETARIA MUNICIPAL DA GESTAO REGIONAL - SEGER,Alugado,57183,1,2023-04-28 13:55:30,Alugado
45485,50660,"MONITOR LED 23,6"" BLUECASE NS 36666380028",3622,ALUCOM LOCACOES,Devolução,531460,2,2025-04-27 17:30:35,Devolução
120542,50660,"MONITOR LED 23,6"" BLUECASE NS 36666380028",10577,ASSEMBLEIA LEGISLATIVA DO ESTADO DO MARANHÃO-ALEMA,Alugado,506888,1,2023-09-27 17:23:03,Alugado
45509,50661,IMPRESSORA JATO DE TINTA CANON G3110 NS KMVF67752,3622,ALUCOM LOCACOES,Devolução,531460,2,2025-04-27 17:30:35,Devolução
80033,50661,IMPRESSORA JATO DE TINTA CANON G3110 NS KMVF67752,514,P M DE CAUCAIA / SECRETARIA DE ADMINISTRAÇÃO,Alugado,49282,1,2022-11-08 18:15:00,Alugado
59151,50670,NOBREAK 700 VA MAX SECURITY,4029,MOREIA TECNOLOGIA - LOCACOES,Alugado,512005,1,2024-01-19 10:14:39,Alugado
128013,50670,NOBREAK 700VA MAX SECURITY SN,11928,P M SÃO LUIS - SECRETARIA DE TRÂNSITO E TRANSPORTES-SMTT 2026,Alugado,550871,1,2026-03-20 09:46:34,Alugado
45489,50671,IMPRESSORA JATO DE TINTA CANON G3110 NS KNJF38408,10400,P M SÃO LUIS/ SECRETARIA DA FAZENDA / SEMFAZ,Devolução,500487,2,2022-12-28 16:54:13,Devolução
82510,50671,IMPRESSORA JATO DE TINTA CANON G3110 NS KNJF38408,2771,P.M DE CAUCAIA - SAÚDE - UBS MARIA DE JESUS FERREIRA,Substituição Alugado,507693,5,2023-10-16 12:10:09,Substituição Alugado
45490,50672,IMPRESSORA JATO DE TINTA CANON G3110 NS KNJF38141,10400,P M SÃO LUIS/ SECRETARIA DA FAZENDA / SEMFAZ,Devolução,500487,2,2022-12-28 16:54:13,Devolução
82511,50672,IMPRESSORA JATO DE TINTA CANON G3110 NS KNJF38141,3066,P.M DE CAUCAIA - SAÚDE - UBS  JOÃO MARCOLINO DE OLIVEIRA,Substituição Alugado,534324,5,2025-06-03 17:59:38,Substituição Alugado
45491,50673,IMPRESSORA JATO DE TINTA CANON G3110 NS KNJF38835,10400,P M SÃO LUIS/ SECRETARIA DA FAZENDA / SEMFAZ,Devolução,500487,2,2022-12-28 16:54:13,Devolução
82512,50673,IMPRESSORA JATO DE TINTA CANON G3110 NS KNJF38835,3500,BASE CAUCAIA - ANTONIO VIEIRA - ROTA LITORAL NORTE,Devolução,510498,2,2023-12-12 14:41:51,Devolução
45492,50674,IMPRESSORA JATO DE TINTA CANON G3110 NS KNJF38836,3930,P M DE AQUIRAZ/UBASF CAPONGA DA BERNARDA,Devolução,544176,2,2025-11-13 16:19:07,Devolução
81602,50674,IMPRESSORA JATO DE TINTA CANON G3110 NS KNJF38836,3762,P M DE TAUÁ / SECRETARIA DE EDUCAÇÃO,Substituição Devolução,527038,3,2025-02-06 16:11:42,Substituição Devolução
82513,50674,IMPRESSORA JATO DE TINTA CANON G3110 NS KNJF38836,11736,PM AQUIRAZ / UBS CAPONGA DA BERNADA-20252208.12,Substituição Devolução,547286,3,2026-01-14 11:56:07,Substituição Devolução
45494,50676,IMPRESSORA JATO DE TINTA CANON G3110 NS KNJF38391,10400,P M SÃO LUIS/ SECRETARIA DA FAZENDA / SEMFAZ,Devolução,500487,2,2022-12-28 16:54:13,Devolução
81300,50676,IMPRESSORA JATO DE TINTA CANON G3110 NS KNJF38408,10388,P M CRATO/ SECRETARIA DE URBANISMO E MEIO AMBIENTE,Alugado,501256,1,2023-03-08 11:58:14,Alugado
82515,50676,IMPRESSORA JATO DE TINTA CANON G3110 NS KNJF38408,4029,MOREIA TECNOLOGIA - LOCACOES,Alugado,52897,1,2023-03-08 23:00:00,Alugado
45502,50684,IMPRESSORA JATO DE TINTA CANON G3110 NS KNJF38046,3622,ALUCOM LOCACOES,Devolução,531460,2,2025-04-27 17:30:35,Devolução
82522,50684,IMPRESSORA JATO DE TINTA CANON G3110 NS KNJF38046,888,P M DE CAUCAIA - SECRETARIA DE EDUCAÇÃO,Alugado,53304,1,2023-03-27 11:19:13,Alugado
45503,50685,IMPRESSORA JATO DE TINTA CANON G3110 NS KNJF38253,3622,ALUCOM LOCACOES,Devolução,531460,2,2025-04-27 17:30:35,Devolução
139008,50685,MULTIFUNCIONAL JATO DE TINTA CANON G3110 NS KNJF38253,11874,PM ACOPIARA/ SECRETARIA DE SAUDE 2026,Alugado,549879,1,2026-03-05 12:37:34,Alugado
45507,50689,IMPRESSORA JATO DE TINTA CANON G3110 NS KNJF38417,3622,ALUCOM LOCACOES,Devolução,531460,2,2025-04-27 17:30:35,Devolução
82526,50689,IMPRESSORA JATO DE TINTA CANON G3110 NS KNJF38417,2672,RAFAEL ONORIO - ROTA ZONA NORTE,Devolução,503795,2,2023-07-11 08:23:52,Devolução
45508,50690,IMPRESSORA JATO DE TINTA CANON G3110 NS KNJF38271,4394,P M DE CAUCAIA / SECRETARIA DE SAÚDE - CAPS GERAL,Substituição Devolução,553895,3,2026-05-15 11:24:52,Substituição Devolução
80548,50690,IMPRESSORA JATO DE TINTA CANON G3110 NS KNJF38271,346,P  M DE  CAUCAIA -  SAUDE SEDE,Substituição Devolução,537311,3,2025-07-24 16:28:46,Substituição Devolução
45515,50694,IMPRESSORA JATO DE TINTA CANON G3110 NS KNJF38665,,,,,,,Sem Movimento
80125,50694,IMPRESSORA JATO DE TINTA CANON G3110 NS KNJF38665,1575,P M DE CAUCAIA / SECRETARIA DE PATRIMÔNIO,Devolução,524620,2,2024-12-09 15:46:44,Devolução
45419,50708,MPRESSORA MULTIF LASER A3 COLOR KOICAMINOLTA C226 NS A90H011000038,11020,SECRETARIA DE ESTADO DA CIDADANIA - SEC,Alugado,522437,1,2024-03-01 12:00:31,Alugado
59159,50708,IMPRESSORA MULTIF LASER A3 COLOR KOICAMINOLTA C226 NS A90H011000038,4029,MOREIA TECNOLOGIA - LOCACOES,Alugado,53930,1,2022-09-26 23:59:00,Alugado
45424,50714,IMPRESSORA MULT LASER BROTHER DCP-2540DW NS U63885J0N507345,3622,ALUCOM LOCACOES,Devolução,531460,2,2025-04-27 17:30:35,Devolução
80037,50714,IMPRESSORA MULT LASER BROTHER DCP-2540DW NS U63885,3305,P.M DE CAUCAIA - SAÚDE SEDE - DIASF,Substituição Devolução,550352,3,2026-03-11 14:41:27,Substituição Devolução
59162,50716,BALANCEADOR DE INTERNETP-LINK NS 22213C6003940,3163,MOREIA TECNOLOGIA -  MANUTENÇÃO DE EQUIPAMENTOS,Devolução,520639,2,2024-08-14 15:33:09,Devolução
139720,50716,BALANCEADOR DE INTERNETP-LINK NS 22213C6003940,3500,BASE CAUCAIA - ANTONIO VIEIRA - ROTA LITORAL NORTE,Alugado,549965,1,2026-03-06 11:57:13,Alugado
45522,50721,IMPRESSORA JATO DE TINTA CANON G3110 NS KNJF38351,3622,ALUCOM LOCACOES,Devolução,531460,2,2025-04-27 17:30:35,Devolução
80549,50721,IMPRESSORA JATO DE TINTA CANON G3110 NS KNJF38351,2574,P M CAMOCIM / SECRETARIA DE SAÚDE,Alugado,49895,1,2022-12-02 14:33:00,Alugado
45523,50722,IMPRESSORA JATO DE TINTA CANON G3110 NS KNJF38830,3622,ALUCOM LOCACOES,Devolução,531460,2,2025-04-27 17:30:35,Devolução
82531,50722,IMPRESSORA JATO DE TINTA CANON G3110 NS KNJF38830,888,P M DE CAUCAIA - SECRETARIA DE EDUCAÇÃO,Substituição Alugado,549957,5,2026-03-06 10:53:34,Substituição Alugado
45525,50724,IMPRESSORA JATO DE TINTA CANON G3110 NS KNJF38128,3622,ALUCOM LOCACOES,Devolução,531460,2,2025-04-27 17:30:35,Devolução
82532,50724,IMPRESSORA JATO DE TINTA CANON G3110 NS KNJF38128,4534,CAMARA MUNICIPAL DE CAUCAIA,Devolução,544320,2,2025-11-14 12:53:14,Devolução
45529,50728,IMPRESSORA JATO DE TINTA CANON G3110 NS KNJF38254,3924,P M DE AQUIRAZ/UBASF ARAÇAS - PATACAS,Substituição Devolução,522067,3,2024-09-19 08:54:14,Substituição Devolução
82535,50728,IMPRESSORA JATO DE TINTA CANON G3110 NS KNJF38254,2596,P M CAMOCIM / SECRETARIA DE GESTÃO ADM  - FOLHA DE PAGAMENTO,Substituição Devolução,509589,3,2023-11-21 16:26:16,Substituição Devolução
45531,50730,IMPRESSORA JATO DE TINTA CANON G3110 NS KNJF38420,2771,P.M DE CAUCAIA - SAÚDE - UBS MARIA DE JESUS FERREIRA,Substituição Devolução,553586,3,2026-05-08 16:17:47,Substituição Devolução
82536,50730,IMPRESSORA JATO DE TINTA CANON G3110 NS KNJF38420,4289,P.M DE CAUCAIA - SAÚDE - UBS ASSISTENCIA A CRIANCA - CAIC,Substituição Alugado,554530,5,2026-05-28 08:46:42,Substituição Alugado
45536,50741,IMPRESSORA MULT RICOH M320F NS 5852Z311461,3622,ALUCOM LOCACOES,Devolução,518051,2,2024-06-07 16:25:22,Devolução
59174,50741,IMPRESSORA MULTIF LASER RICOH M320 NS 5852Z311461,2475,SEC. DE EDUCAÇÃO DE CAUCAIA - ESCOLA ECONOMISTA RUBENS VAZ EEIEF - 2014,Substituição Devolução,505059,3,2023-08-16 14:14:46,Substituição Devolução
45537,50742,IMPRESSORA MULT RICOH M320F NS 5852Z311497,7583,P M GRANJA/ SECRETARIA DE ADMINISTRAÇÃO,Substituição Devolução,501731,3,2023-04-10 17:48:50,Substituição Devolução
132962,50742,MULTIFUNCIONAL LASER MONO RICOH M320F NS 5852Z311497,2912,P. M. DE CAUCAIA -  FINANÇAS,Substituição Devolução,544841,3,2025-11-24 11:16:17,Substituição Devolução
59177,50752,IMPRESSORA MULTIFUN LASER HP M428FDW JET PRO NS BRDSQ2J012,888,P M DE CAUCAIA - SECRETARIA DE EDUCAÇÃO,Alugado,48481,1,2022-09-27 07:50:00,Alugado
119845,50752,ESTABILIZADOR 300 VA ETERNITY,,,,,,,Sem Movimento
59191,50777,ESTABILIZADOR 500VA BEM LIGADO,4029,MOREIA TECNOLOGIA - LOCACOES,Alugado,50665,1,2022-12-26 23:00:00,Alugado
80529,50777,ESTABILIZADOR 500 VA BEM LIGADO,11866,P M ACOPIARA/ SECRETARIA DE AGRICULTURA 2026,Alugado,549714,1,2026-03-03 16:43:40,Alugado
59192,50778,ESTABILIZADOR 500VA BEM LIGADO,4029,MOREIA TECNOLOGIA - LOCACOES,Alugado,52145,1,2023-02-03 14:42:00,Alugado
80877,50778,ESTABILIZADOR 500VA BEM LIGADO,3802,P M DE BARBALHA - SECRETARIA DO TRABALHO E DESENV SOCIAL,Alugado,500863,1,2023-02-03 16:13:56,Alugado
59193,50779,ESTABILIZADOR 500VA BEM LIGADO,4029,MOREIA TECNOLOGIA - LOCACOES,Alugado,52145,1,2023-02-03 14:42:00,Alugado
80930,50779,ESTABILIZADOR 500VA BEM LIGADO,3809,P M DE CRATO - SECRETARIA DE ADMINISTRACAO,Alugado,500869,1,2023-02-03 19:36:40,Alugado
59194,50780,ESTABILIZADOR 500VA BEM LIGADO,4029,MOREIA TECNOLOGIA - LOCACOES,Alugado,49000,1,2022-10-20 10:27:00,Alugado
79716,50780,ESTABILIZADOR 500VA BEM LIGADO,7585,P M CRATO/ SECRETARIA DE SEGURANÇA PUBLICA / GESTÃO ADMINISTRATIVA DA GUARDA CIVIL MUNICIPAL,Alugado,281705,1,2022-10-20 09:53:42,Alugado
59207,50793,"MONITOR LED 17"" PRIZI NS 9831JUL3380PZ0017",4029,MOREIA TECNOLOGIA - LOCACOES,Alugado,508933,1,2023-11-06 17:44:47,Alugado
125203,50793,"MONITOR 17"" PRIZI NS 9831JUL3380PZ0017",10580,P M CASCAVEL/ SECRETARIA DE INFRAESTRUTURA/ DETRAN,Substituição Alugado,508935,5,2023-11-06 17:50:42,Substituição Alugado
45563,50803,IMPRESSORA MULTIFUNCIONAL LASER HP M428 FDW JET PRO MFP NS BRDSQ2H08K,,,,,,,Sem Movimento
134904,50803,MULTIFUNCIONAL LASER MONO HP M428 FDW JET PRO MFP NS BRDSQ2H08K,3663,P M DE ACARAPE - SECRETARIA DE FINANCAS - SEFIN,Substituição Alugado,533604,5,2025-05-26 16:40:01,Substituição Alugado
45447,50806,IMPRESSORA MULTIFUNCIONAL LASER HP JET PRO MFP 4103 FDW NS BRBSQ7H06P,11919,P M SÃO LUIS/ SECRETARIA DA FAZENDA / SEMFAZ 2026,Alugado,552680,1,2026-04-22 15:31:58,Alugado
82539,50806,IMPRESSORA MULTIFUN LASER HP MFP 4103FDW NS BRBSQ7H06P,4029,MOREIA TECNOLOGIA - LOCACOES,Alugado,51179,1,2023-01-02 16:24:00,Alugado
45566,50807,IMPRESSORA MULTIFUNCIONAL LASER HP JET PRO MFP 4103 FDW NS BRBSQ71049,11919,P M SÃO LUIS/ SECRETARIA DA FAZENDA / SEMFAZ 2026,Alugado,550600,1,2026-03-16 12:05:19,Alugado
82540,50807,IMPRESSORA MULTIFUN LASER HP MFP 4103FDW NS BRBSQ71049,4029,MOREIA TECNOLOGIA - LOCACOES,Alugado,51179,1,2023-01-02 16:24:00,Alugado
45567,50808,IMPRESSORA MULTIFUNCIONAL LASER HP JET PRO MFP 4103 FDW NS BRBSQ6D05B,11919,P M SÃO LUIS/ SECRETARIA DA FAZENDA / SEMFAZ 2026,Alugado,550600,1,2026-03-16 12:05:19,Alugado
82541,50808,IMPRESSORA MULTIFUN LASER HP MFP 4103FDW NS BRBSQ6D05B,4029,MOREIA TECNOLOGIA - LOCACOES,Alugado,51179,1,2023-01-02 16:24:00,Alugado
45568,50809,IMPRESSORA MULTIFUNCIONAL LASER HP JET PRO MFP 4103 FDW NS BRBSQ6D0HV,11920,P M SÃO LUIS/ SECRETARIA DA FAZENDA- SEMFAZ- RESERVA 2026,Alugado,550602,1,2026-03-16 12:21:02,Alugado
82542,50809,IMPRESSORA MULTIFUN LASER HP MFP 4103FDW NS BRBSQ6D0HV,4029,MOREIA TECNOLOGIA - LOCACOES,Alugado,51179,1,2023-01-02 16:24:00,Alugado
45569,50810,IMPRESSORA MULTIFUNCIONAL LASER HP JET PRO MFP 4103 FDW NS BRBSQ700T4,11919,P M SÃO LUIS/ SECRETARIA DA FAZENDA / SEMFAZ 2026,Alugado,550600,1,2026-03-16 12:05:19,Alugado
82543,50810,IMPRESSORA MULTIFUN LASER HP MFP 4103FDW NS BRBSQ700T4,4029,MOREIA TECNOLOGIA - LOCACOES,Alugado,51179,1,2023-01-02 16:24:00,Alugado
59214,50811,ESTABILIZADOR 500VA BEM LIGADO,4029,MOREIA TECNOLOGIA - LOCACOES,Alugado,49000,1,2022-10-20 10:27:00,Alugado
79723,50811,ESTABILIZADOR 500VA BEM LIGADO,7585,P M CRATO/ SECRETARIA DE SEGURANÇA PUBLICA / GESTÃO ADMINISTRATIVA DA GUARDA CIVIL MUNICIPAL,Alugado,281705,1,2022-10-20 09:53:42,Alugado
59215,50812,ESTABILIZADOR 500VA BEM LIGADO,4029,MOREIA TECNOLOGIA - LOCACOES,Alugado,49000,1,2022-10-20 10:27:00,Alugado
79687,50812,ESTABILIZADOR 500 VA BEM LIGADO,7586,P M CRATO/ SECRETARIA DE SEGURANÇA PUBLICA / GESTÃO E MAN_ATIVIDADES DA SEC_SEGURANÇA PUBLICA,Alugado,281704,1,2022-10-19 19:16:38,Alugado
59216,50813,ESTABILIZADOR 500VA BEM LIGADO,4029,MOREIA TECNOLOGIA - LOCACOES,Alugado,49000,1,2022-10-20 10:27:00,Alugado
79722,50813,ESTABILIZADOR 500VA BEM LIGADO,7585,P M CRATO/ SECRETARIA DE SEGURANÇA PUBLICA / GESTÃO ADMINISTRATIVA DA GUARDA CIVIL MUNICIPAL,Alugado,281705,1,2022-10-20 09:53:42,Alugado
59217,50814,ESTABILIZADOR 500VA BEM LIGADO,4029,MOREIA TECNOLOGIA - LOCACOES,Alugado,49000,1,2022-10-20 10:27:00,Alugado
79688,50814,ESTABILIZADOR 500 VA BEM LIGADO,7586,P M CRATO/ SECRETARIA DE SEGURANÇA PUBLICA / GESTÃO E MAN_ATIVIDADES DA SEC_SEGURANÇA PUBLICA,Alugado,281704,1,2022-10-19 19:16:38,Alugado
59222,50819,ESTABILIZADOR 500VA BEM LIGADO,4029,MOREIA TECNOLOGIA - LOCACOES,Alugado,49000,1,2022-10-20 10:27:00,Alugado
79682,50819,ESTABILIZADOR 500 VA BEM LIGADO,7586,P M CRATO/ SECRETARIA DE SEGURANÇA PUBLICA / GESTÃO E MAN_ATIVIDADES DA SEC_SEGURANÇA PUBLICA,Alugado,281704,1,2022-10-19 19:16:38,Alugado
59225,50822,MONITOR LED 17 PRIZI SLIM NS 9643APR2038PZ0017,4029,MOREIA TECNOLOGIA - LOCACOES,Alugado,504092,1,2023-07-17 17:42:01,Alugado
119282,50822,"MONITOR 17"" LED PRIZI SLIM NS 9643APR2038PZ0017",3665,P M DE CASCAVEL - SAUDE/ESUS,Substituição Alugado,504116,5,2023-07-18 08:52:17,Substituição Alugado
59231,50828,MICRO CORE I5 8GB SSD 240,4029,MOREIA TECNOLOGIA - LOCACOES,Alugado,507725,1,2023-10-16 15:27:37,Alugado
124486,50828,MICRO I5 8GB SSD 240,3747,P M DE IGUATU - SECRETARIA DO GOVERNO,Substituição Alugado,507727,5,2023-10-16 15:29:51,Substituição Alugado
59233,50830,MICRO CORE I5 8GB SSD 240,4029,MOREIA TECNOLOGIA - LOCACOES,Alugado,57769,1,2023-05-25 23:00:00,Alugado
117790,50830,MICRO CORE I5 8GB SSD 120,10425,P M ICÓ/ SUPERITENDÊNCIA MUNICIPAL DE DEFESA DO MEIO AMBIENTE / SUDEMA,Alugado,502430,1,2023-05-24 17:53:12,Alugado
59234,50831,ESTABILIZADOR 500VA BEM LIGADO,4029,MOREIA TECNOLOGIA - LOCACOES,Alugado,49000,1,2022-10-20 10:27:00,Alugado
79686,50831,ESTABILIZADOR 500 VA BEM LIGADO,7586,P M CRATO/ SECRETARIA DE SEGURANÇA PUBLICA / GESTÃO E MAN_ATIVIDADES DA SEC_SEGURANÇA PUBLICA,Alugado,281704,1,2022-10-19 19:16:38,Alugado
59235,50832,ESTABILIZADOR 500VA BEM LIGADO,4029,MOREIA TECNOLOGIA - LOCACOES,Alugado,50830,1,2022-10-05 23:59:00,Alugado
81247,50832,ESTABILIZADOR 500VA BEM LIGADO,3576,IZZI SOLUÇÕES EM COBRANÇAS E TELEATENDIMENTO LTDA,Alugado,521731,1,2024-09-10 14:16:29,Alugado
59236,50833,ESTABILIZADOR 500VA BEM LIGADO,4029,MOREIA TECNOLOGIA - LOCACOES,Alugado,52145,1,2023-02-03 14:42:00,Alugado
80892,50833,ESTABILIZADOR 500VA BEM LIGADO,3798,P M DE BARBALHA / SECRETARIA DE EDUCAÇÃO,Alugado,535796,1,2025-06-26 11:17:44,Alugado
59237,50834,ESTABILIZADOR 500VA BEM LIGADO,3500,BASE CAUCAIA - ANTONIO VIEIRA - ROTA LITORAL NORTE,Alugado,517569,1,2024-05-28 11:19:56,Alugado
79720,50834,ESTABILIZADOR 500VA BEM LIGADO,7585,P M CRATO/ SECRETARIA DE SEGURANÇA PUBLICA / GESTÃO ADMINISTRATIVA DA GUARDA CIVIL MUNICIPAL,Alugado,281705,1,2022-10-20 09:53:42,Alugado
45722,50839,ESTABILIZADOR 500 VA BEM LIGADO,3756,P M  AQUIRAZ / SECRETARIA DO TRABALHO E ASSISTENCIA SOCIAL  - SETAS,Devolução,120915,2,2022-10-10 17:08:17,Devolução
59242,50839,ESTABILIZADOR 500VA BEM LIGADO,3500,BASE CAUCAIA - ANTONIO VIEIRA - ROTA LITORAL NORTE,Devolução,513019,2,2024-02-28 11:33:01,Devolução
59246,50843,ESTABILIZADOR 500VA BEM LIGADO,4029,MOREIA TECNOLOGIA - LOCACOES,Alugado,49000,1,2022-10-20 10:27:00,Alugado
79683,50843,ESTABILIZADOR 500VA BEM LIGADO,7586,P M CRATO/ SECRETARIA DE SEGURANÇA PUBLICA / GESTÃO E MAN_ATIVIDADES DA SEC_SEGURANÇA PUBLICA,Alugado,281704,1,2022-10-19 19:16:38,Alugado
59247,50844,ESTABILIZADOR 500VA BEM LIGADO,4029,MOREIA TECNOLOGIA - LOCACOES,Devolução,536635,2,2025-07-11 14:47:54,Devolução
79721,50844,ESTABILIZADOR 500VA BEM LIGADO,4539,P M DE SAO LUIS  - SECRETARIA MUNIC DA CRIANCA E ASSIST SOCIAL  - SEMCAS,Alugado,539779,1,2025-09-05 08:34:07,Alugado
59248,50845,ESTABILIZADOR 500VA BEM LIGADO,10841,P M TIANGUÁ/ SECRETARIA DE SAÚDE,Substituição Devolução,554762,3,2026-06-02 16:48:45,Substituição Devolução
80876,50845,ESTABILIZADOR 500VA BEM LIGADO,3656,P M DE JUAZEIRO -  MEIO AMBIENTE AUTARQUIA,Alugado,533571,1,2025-05-26 15:15:02,Alugado
59249,50846,ESTABILIZADOR 500VA BEM LIGADO,4029,MOREIA TECNOLOGIA - LOCACOES,Alugado,50277,1,2022-12-20 23:00:00,Alugado
80477,50846,ESTABILIZADOR 500VA BEM LIGADO,3611,P M DE EUSEBIO - SECRETARIA MUNIC DE OBRAS E SERV PUBLICOS,Substituição Alugado,500360,5,2022-12-20 08:40:27,Substituição Alugado
45724,50848,ESTABILIZADOR 500 VA BEM LIGADO,3756,P M  AQUIRAZ / SECRETARIA DO TRABALHO E ASSISTENCIA SOCIAL  - SETAS,Devolução,120915,2,2022-10-10 17:08:17,Devolução
59251,50848,ESTABILIZADOR 500VA BEM LIGADO,4553,P R LIMA ASSESSORIA EIRELI,Devolução,49188,2,2022-10-31 11:29:00,Devolução
59255,50852,ESTABILIZADOR 500VA BEM LIGADO,4029,MOREIA TECNOLOGIA - LOCACOES,Alugado,49000,1,2022-10-20 10:27:00,Alugado
79685,50852,ESTABILIZADOR 500 VA BEM LIGADO,888,P M DE CAUCAIA - SECRETARIA DE EDUCAÇÃO,Substituição Alugado,529296,5,2025-03-13 11:06:11,Substituição Alugado
59257,50854,ESTABILIZADOR 500VA BEM LIGADO,4029,MOREIA TECNOLOGIA - LOCACOES,Alugado,49000,1,2022-10-20 10:27:00,Alugado
79717,50854,ESTABILIZADOR 500VA BEM LIGADO,7585,P M CRATO/ SECRETARIA DE SEGURANÇA PUBLICA / GESTÃO ADMINISTRATIVA DA GUARDA CIVIL MUNICIPAL,Alugado,281705,1,2022-10-20 09:53:42,Alugado
59259,50856,ESTABILIZADOR 500VA BEM LIGADO,4029,MOREIA TECNOLOGIA - LOCACOES,Alugado,49000,1,2022-10-20 10:27:00,Alugado
79715,50856,ESTABILIZADOR 500VA BEM LIGADO,7585,P M CRATO/ SECRETARIA DE SEGURANÇA PUBLICA / GESTÃO ADMINISTRATIVA DA GUARDA CIVIL MUNICIPAL,Alugado,281705,1,2022-10-20 09:53:42,Alugado
59261,50858,ESTABILIZADOR 500VA BEM LIGADO,4029,MOREIA TECNOLOGIA - LOCACOES,Alugado,49000,1,2022-10-20 10:27:00,Alugado
79635,50858,ESTABILIZADOR 500 VA,7584,P M CRATO/ SECRETARIA DE SEGURANÇA PUBLICA / GESTÃO ADMINISTRATIVA DO DEMUTRAN,Alugado,281703,1,2022-10-19 18:16:28,Alugado
45586,50862,MONITOR LED 19,3622,ALUCOM LOCACOES,Devolução,531460,2,2025-04-27 17:30:35,Devolução
59264,50862,"MONITOR LED 19"" BLUECASE NS 35955060837",3163,MOREIA TECNOLOGIA -  MANUTENÇÃO DE EQUIPAMENTOS,Alugado,52418,1,2023-02-14 17:13:00,Alugado
45588,50864,MONITOR LED 19,3622,ALUCOM LOCACOES,Devolução,531460,2,2025-04-27 17:30:35,Devolução
59265,50864,"MONITOR LED 19""  BLUECASE NS 35955060925",2155,P. M. DE ARACATI - SECRETARIA DE EDUCAÇÃO,Alugado,48772,1,2022-09-19 23:59:00,Alugado
45589,50865,MONITOR LED 19,3622,ALUCOM LOCACOES,Devolução,531460,2,2025-04-27 17:30:35,Devolução
59266,50865,"MONITOR LED 19""  BLUECASE NS 35955060922",2155,P. M. DE ARACATI - SECRETARIA DE EDUCAÇÃO,Alugado,48772,1,2022-09-19 23:59:00,Alugado
45591,50867,MONITOR LED 19,3622,ALUCOM LOCACOES,Devolução,531460,2,2025-04-27 17:30:35,Devolução
59267,50867,"MONITOR LED 19"" BLUECASE NS 35955061025",2155,P. M. DE ARACATI - SECRETARIA DE EDUCAÇÃO,Alugado,48772,1,2022-09-19 23:59:00,Alugado
45592,50868,"MONITOR LED 19"" BLUECASE NS 35955061732",3622,ALUCOM LOCACOES,Devolução,531460,2,2025-04-27 17:30:35,Devolução
59268,50868,"MONITOR LED 19"" BLUECASE NS 35955061732",2155,P. M. DE ARACATI - SECRETARIA DE EDUCAÇÃO,Alugado,48772,1,2022-09-19 23:59:00,Alugado
45594,50870,"MONITOR LED 19"" BLUECASE NS 35955061022",3622,ALUCOM LOCACOES,Devolução,531460,2,2025-04-27 17:30:35,Devolução
59269,50870,"MONITOR LED 19"" BLUECASE NS 35955061022",2155,P. M. DE ARACATI - SECRETARIA DE EDUCAÇÃO,Alugado,48772,1,2022-09-19 23:59:00,Alugado
45570,50875,"MONITOR LED 19"" BLUECASE NS 35955061299",3622,ALUCOM LOCACOES,Devolução,531460,2,2025-04-27 17:30:35,Devolução
59271,50875,"MONITOR LED 19"" BLUECASE NS 35955061299",4463,P M DE FORTALEZA - SECRETARIA MUNICIPAL DA GESTAO REGIONAL - SEGER,Alugado,505759,1,2023-08-28 16:26:19,Alugado
45575,50876,"MONITOR LED 19"" BLIECASE NS 35955061023",,,,,,,Sem Movimento
79925,50876,"MONITOR LED 19"" BLIECASE NS 35955061023",697,GARANTIA,Alugado,57292,1,2023-05-02 18:16:47,Alugado
45576,50877,"MONITOR LED 19""",,,,,,,Sem Movimento
79926,50877,"MONITOR LED 19"" BLUECASE NS 35955060810",3500,BASE CAUCAIA - ANTONIO VIEIRA - ROTA LITORAL NORTE,Devolução,525360,2,2025-01-09 13:21:10,Devolução
79596,50881,IMPRESSORA MULTIFUNCIONAL LASER HP JET PRO MFP 4103 FDW NS BRBSQ5Q04H,11919,P M SÃO LUIS/ SECRETARIA DA FAZENDA / SEMFAZ 2026,Alugado,550600,1,2026-03-16 12:05:19,Alugado
82544,50881,IMPRESSORA MULTIFUN LASER HP MFP 4103FDW NS BRBSQ5Q04H,4029,MOREIA TECNOLOGIA - LOCACOES,Alugado,51179,1,2023-01-02 16:24:00,Alugado
79597,50882,IMPRESSORA MULTIFUNCIONAL LASER HP JET PRO MFP4103 FDW NS BRBSQ6D0HQ,11919,P M SÃO LUIS/ SECRETARIA DA FAZENDA / SEMFAZ 2026,Alugado,550600,1,2026-03-16 12:05:19,Alugado
82545,50882,IMPRESSORA MULTIFUN LASER HP MFP 4103FDW NS BRBSQ6D0HQ,4029,MOREIA TECNOLOGIA - LOCACOES,Alugado,51179,1,2023-01-02 16:24:00,Alugado
79598,50883,IMPRESSORA MULTIFUNCIONAL LASER HP JET PRO MFP4103 FDW NS BRBSQ5Q0H4,11919,P M SÃO LUIS/ SECRETARIA DA FAZENDA / SEMFAZ 2026,Alugado,550600,1,2026-03-16 12:05:19,Alugado
82546,50883,IMPRESSORA MULTIFUN LASER HP MFP 4103FDW NS BRBSQ5Q0H4,4029,MOREIA TECNOLOGIA - LOCACOES,Alugado,51179,1,2023-01-02 16:24:00,Alugado
79599,50884,IMPRESSORA MULTIFUNCIONAL LASER HP JET PRO MFP4103 FDW NS BRBSQ6F029,11919,P M SÃO LUIS/ SECRETARIA DA FAZENDA / SEMFAZ 2026,Substituição Devolução,553207,3,2026-05-04 16:15:33,Substituição Devolução
82547,50884,IMPRESSORA MULTIFUN LASER HP MFP 4103FDW NS BRBSQ6F029,4029,MOREIA TECNOLOGIA - LOCACOES,Alugado,51179,1,2023-01-02 16:24:00,Alugado
79600,50885,IMPRESSORA MULTIFUNCIONAL LASER HP JET PRO MFP4103 FDW NS BRBSQ7H0DV,11919,P M SÃO LUIS/ SECRETARIA DA FAZENDA / SEMFAZ 2026,Substituição Devolução,553901,3,2026-05-15 11:58:41,Substituição Devolução
82548,50885,IMPRESSORA MULTIFUN LASER HP MFP 4103FDW NS BRBSQ7H0DV,4029,MOREIA TECNOLOGIA - LOCACOES,Alugado,51179,1,2023-01-02 16:24:00,Alugado
79601,50886,IMPRESSORA MULTIFUNCIONAL LASER HP JET PRO MFP4103 FDW NS BRBSQ6D0H5,11919,P M SÃO LUIS/ SECRETARIA DA FAZENDA / SEMFAZ 2026,Alugado,550600,1,2026-03-16 12:05:19,Alugado
82549,50886,IMPRESSORA MULTIFUN LASER HP MFP 4103FDW NS BRBSQ6D0H5,4029,MOREIA TECNOLOGIA - LOCACOES,Alugado,51179,1,2023-01-02 16:24:00,Alugado
79602,50887,IMPRESSORA MULTIFUNCIONAL LASER HP JET PRO MFP4103 FDW NS BRBSQ7513G,11919,P M SÃO LUIS/ SECRETARIA DA FAZENDA / SEMFAZ 2026,Alugado,550600,1,2026-03-16 12:05:19,Alugado
82550,50887,IMPRESSORA MULTIFUN LASER HP MFP 4103FDW NS BRBSQ7513G,4029,MOREIA TECNOLOGIA - LOCACOES,Alugado,51179,1,2023-01-02 16:24:00,Alugado
79603,50888,IMPRESSORA MULTIFUNCIONAL LASER HP JET PRO MFP4103 FDW NS BRBSQ7H0C2,11919,P M SÃO LUIS/ SECRETARIA DA FAZENDA / SEMFAZ 2026,Substituição Alugado,555045,5,2026-06-09 15:32:48,Substituição Alugado
82551,50888,IMPRESSORA MULTIFUN LASER HP MFP 4103FDW NS BRBSQ7H0C2,4029,MOREIA TECNOLOGIA - LOCACOES,Alugado,51179,1,2023-01-02 16:24:00,Alugado
79605,50890,IMPRESSORA MULTIFUNCIONAL LASER HP JET PRO MFP4103 FDW NS BRBSQ530XD,11919,P M SÃO LUIS/ SECRETARIA DA FAZENDA / SEMFAZ 2026,Alugado,550600,1,2026-03-16 12:05:19,Alugado
82553,50890,IMPRESSORA MULTIFUN LASER HP MFP 4103FDW NS BRBSQ530XD,4029,MOREIA TECNOLOGIA - LOCACOES,Alugado,51179,1,2023-01-02 16:24:00,Alugado
45662,50894,IMPRESSORA JATO DE TINTA CANON G3110 NS/ KMVF 59194,3622,ALUCOM LOCACOES,Devolução,524712,2,2024-12-12 09:51:57,Devolução
59276,50894,IMPRESSORA JATO DE TINTA CANON G3110 NS/ KMVF 59194,10406,MOREIA TECNOLOGIA,Alugado,525081,1,2024-12-27 15:04:25,Alugado
45433,50897,IMPRESSORA JATO DE TINTA CANON NS KLTP54590,3500,BASE CAUCAIA - ANTONIO VIEIRA - ROTA LITORAL NORTE,Devolução,547670,2,2026-01-23 09:47:19,Devolução
80551,50897,IMPRESSORA JATO DE TINTA CANON G3110 NS/ KMVF 59194,3060,P.M DE CAUCAIA - SAÚDE - UBS JOSÉ RODRIGUES DOS SANTOS,Substituição Alugado,547734,5,2026-01-26 12:30:45,Substituição Alugado
79606,50901,IMPRESSORA MULTIFUNCIONAL LASER HP JET PRO MFP4103 FDW NS BRBSQ7M06B,11919,P M SÃO LUIS/ SECRETARIA DA FAZENDA / SEMFAZ 2026,Alugado,550600,1,2026-03-16 12:05:19,Alugado
82555,50901,IMPRESSORA MULTIFUN LASER HP MFP 4103FDW NS BRBSQ7M06B,4029,MOREIA TECNOLOGIA - LOCACOES,Alugado,51179,1,2023-01-02 16:24:00,Alugado
79607,50902,IMPRESSORA MULTIFUNCIONAL LASER HP JET PRO MFP4103 FDW NS BRBSQ7H088,10400,P M SÃO LUIS/ SECRETARIA DA FAZENDA / SEMFAZ,Substituição Devolução,514492,3,2024-04-01 16:01:59,Substituição Devolução
82556,50902,IMPRESSORA MULTIFUN LASER HP MFP 4103FDW NS BRBSQ7H088,4029,MOREIA TECNOLOGIA - LOCACOES,Devolução,518068,2,2024-06-07 16:56:50,Devolução
79608,50903,IMPRESSORA MULTIFUNCIONAL LASER HP JET PRO MFP4103 FDW NS BRBSQ6D081,11919,P M SÃO LUIS/ SECRETARIA DA FAZENDA / SEMFAZ 2026,Alugado,550600,1,2026-03-16 12:05:19,Alugado
82557,50903,IMPRESSORA MULTIFUN LASER HP MFP 4103FDW NS BRBSQ6D081,4029,MOREIA TECNOLOGIA - LOCACOES,Alugado,51179,1,2023-01-02 16:24:00,Alugado
79609,50904,IMPRESSORA MULTIFUNCIONAL LASER HP JET PRO MFP4103 FDW NS BRBSQ7K09Y,11919,P M SÃO LUIS/ SECRETARIA DA FAZENDA / SEMFAZ 2026,Alugado,550600,1,2026-03-16 12:05:19,Alugado
82558,50904,IMPRESSORA MULTIFUN LASER HP MFP 4103FDW NS BRBSQ7K09Y,4029,MOREIA TECNOLOGIA - LOCACOES,Alugado,51179,1,2023-01-02 16:24:00,Alugado
79610,50905,IMPRESSORA MULTIFUNCIONAL LASER HP JET PRO MFP4103 FDW NS BRBSQ6D0J0,11919,P M SÃO LUIS/ SECRETARIA DA FAZENDA / SEMFAZ 2026,Alugado,550600,1,2026-03-16 12:05:19,Alugado
82559,50905,IMPRESSORA MULTIFUN LASER HP MFP 4103FDW NS BRBSQ6D0J0,4029,MOREIA TECNOLOGIA - LOCACOES,Alugado,51179,1,2023-01-02 16:24:00,Alugado
79616,50906,IMPRESSORA MULTIFUNCIONAL LASER HP JET PRO MFP4103 FDW NS BRBSQ6D053,11919,P M SÃO LUIS/ SECRETARIA DA FAZENDA / SEMFAZ 2026,Alugado,550600,1,2026-03-16 12:05:19,Alugado
82560,50906,IMPRESSORA MULTIFUN LASER HP MFP 4103FDW NS BRBSQ6D053,4029,MOREIA TECNOLOGIA - LOCACOES,Alugado,51179,1,2023-01-02 16:24:00,Alugado
79617,50907,IMPRESSORA MULTIFUNCIONAL LASER HP JET PRO MFP4103 FDW NS BRBSQ6D0J3,11919,P M SÃO LUIS/ SECRETARIA DA FAZENDA / SEMFAZ 2026,Alugado,550600,1,2026-03-16 12:05:19,Alugado
82561,50907,IMPRESSORA MULTIFUN LASER HP MFP 4103FDW NS BRBSQ6D0J3,4029,MOREIA TECNOLOGIA - LOCACOES,Alugado,51179,1,2023-01-02 16:24:00,Alugado
79618,50908,IMPRESSORA MULTIFUNCIONAL LASER HP JET PRO MFP4103 FDW NS BRBSQ6B082,11919,P M SÃO LUIS/ SECRETARIA DA FAZENDA / SEMFAZ 2026,Alugado,550600,1,2026-03-16 12:05:19,Alugado
82562,50908,IMPRESSORA MULTIFUN LASER HP MFP 4103FDW NS BRBSQ6B082,4029,MOREIA TECNOLOGIA - LOCACOES,Alugado,51179,1,2023-01-02 16:24:00,Alugado
79619,50909,IMPRESSORA MULTIFUNCIONAL LASER HP JET PRO MFP4103 FDW NS BRBSQ7H005,11919,P M SÃO LUIS/ SECRETARIA DA FAZENDA / SEMFAZ 2026,Alugado,550600,1,2026-03-16 12:05:19,Alugado
82563,50909,IMPRESSORA MULTIFUN LASER HP MFP 4103FDW NS BRBSQ7H005,4029,MOREIA TECNOLOGIA - LOCACOES,Alugado,51179,1,2023-01-02 16:24:00,Alugado
79620,50910,IMPRESSORA MULTIFUNCIONAL LASER HP JET PRO MFP4103 FDW NS BRBSQ7H067,11919,P M SÃO LUIS/ SECRETARIA DA FAZENDA / SEMFAZ 2026,Alugado,550600,1,2026-03-16 12:05:19,Alugado
82564,50910,IMPRESSORA MULTIFUN LASER HP MFP 4103FDW NS BRBSQ7H067,4029,MOREIA TECNOLOGIA - LOCACOES,Alugado,51179,1,2023-01-02 16:24:00,Alugado
45439,50913,"MONITOR LED 19"" BLUECASE NS 35955060903",,,,,,,Sem Movimento
59280,50913,"MONITOR LED 19"" BLUECASE NS 35955060903",3163,MOREIA TECNOLOGIA -  MANUTENÇÃO DE EQUIPAMENTOS,Devolução,57466,2,2023-05-10 12:18:43,Devolução
45441,50915,MONITOR LED 19 BLUECASE NS 35955060327,3622,ALUCOM LOCACOES,Devolução,531460,2,2025-04-27 17:30:35,Devolução
82565,50915,"MONITOR LED 19""  BLUECASE NS 35955060327",4463,P M DE FORTALEZA - SECRETARIA MUNICIPAL DA GESTAO REGIONAL - SEGER,Alugado,52899,1,2023-03-08 11:27:54,Alugado
45442,50916,"MONITOR LED 19"" BLUECASE NS 35955061456",3622,ALUCOM LOCACOES,Devolução,531460,2,2025-04-27 17:30:35,Devolução
79928,50916,"MONITOR LED 19"" BLUECASE NS 35955061456",2644,P M DE CAUCAIA / IMAC,Alugado,48945,1,2022-10-18 10:07:00,Alugado
45443,50917,"MONITOR LED 19"" BLUECASE NS 35955061460",3622,ALUCOM LOCACOES,Devolução,531460,2,2025-04-27 17:30:35,Devolução
79929,50917,"MONITOR LED 19"" BLUECASE NS 35955061460",2644,P M DE CAUCAIA / IMAC,Substituição Devolução,549209,3,2026-02-23 11:58:51,Substituição Devolução
45444,50918,"MONITOR LED 19"" BLUECASE NS 35955061459",,,Transferência,528896,6,2025-03-11 11:31:05,Transferência
82566,50918,"MONITOR LED 19""  BLUECASE NS 35955061459",10899,J SIQUEIRA DE MORAES E CIA LTDA,Alugado,525950,1,2025-01-22 09:50:21,Alugado
45445,50919,"MONITOR LED 19"" BLUECASE NS 35955061458",3622,ALUCOM LOCACOES,Devolução,531460,2,2025-04-27 17:30:35,Devolução
79930,50919,"MONITOR LED 19"" BLUECASE NS 35955061458",2644,P M DE CAUCAIA / IMAC,Alugado,48945,1,2022-10-18 10:07:00,Alugado
45449,50942,"MONITOR LED 19"" BLUECASE NS 35955060147",,,,,,,Sem Movimento
79941,50942,"MONITOR LED 19"" BLUECASE NS 35955060147",3066,P.M DE CAUCAIA - SAÚDE - UBS  JOÃO MARCOLINO DE OLIVEIRA,Substituição Devolução,518404,3,2024-06-19 09:46:27,Substituição Devolução
45450,50943,"MONITOR LED 19"" BLUECASE NS 35955061389",3622,ALUCOM LOCACOES,Devolução,531460,2,2025-04-27 17:30:35,Devolução
82571,50943,"MONITOR LED 19"" BLUECASE NS 35955061389",4463,P M DE FORTALEZA - SECRETARIA MUNICIPAL DA GESTAO REGIONAL - SEGER,Alugado,52899,1,2023-03-08 11:27:54,Alugado
45452,50945,"MONITOR LED 19"" BLUECASE NS 35955061388",3622,ALUCOM LOCACOES,Devolução,531460,2,2025-04-27 17:30:35,Devolução
82574,50945,"MONITOR LED 19"" BLUECASE NS 35955060935",4463,P M DE FORTALEZA - SECRETARIA MUNICIPAL DA GESTAO REGIONAL - SEGER,Alugado,52899,1,2023-03-08 11:27:54,Alugado
45453,50946,"MONITOR LED 19"" BLUECASE NS 35955060935",3622,ALUCOM LOCACOES,Devolução,531460,2,2025-04-27 17:30:35,Devolução
59292,50946,"MONITOR LED 19"" BLUECASE NS 35955060935",618,P M DE CAUCAIA/ SECRETARIA DE  FINANÇAS,Alugado,48643,1,2022-10-04 14:31:00,Alugado
45455,50948,"MONITOR LED 19"" BLUECASE NS 35955060197",3622,ALUCOM LOCACOES,Devolução,531460,2,2025-04-27 17:30:35,Devolução
59293,50948,"MONITOR LED 19"" BLUECASE NS 35955060197",618,P M DE CAUCAIA/ SECRETARIA DE  FINANÇAS,Alugado,48643,1,2022-10-04 14:31:00,Alugado
45459,50952,MONITOR LED 19 BLUECASE NS 35955061505,3622,ALUCOM LOCACOES,Devolução,531460,2,2025-04-27 17:30:35,Devolução
59297,50952,"MONITOR LED 19"" BLUECASE NS 35955061505",2322,SEC. DE EDUCAÇÃO DE CAUCAIA - ESCOLA OSCAR DE AZEVEDO E SA EEIEF - 2014,Alugado,48692,1,2022-10-05 18:13:00,Alugado
45460,50953,"MONITOR LED 19"" BLUECASE NS 35955061503",3622,ALUCOM LOCACOES,Devolução,531460,2,2025-04-27 17:30:35,Devolução
59298,50953,"MONITOR LED 19""  BLUECASE NS 35955061503",618,P M DE CAUCAIA/ SECRETARIA DE  FINANÇAS,Alugado,48643,1,2022-10-04 14:31:00,Alugado
45461,50954,"MONITOR LED 19"" BLUECASE NS 35955061367",3622,ALUCOM LOCACOES,Devolução,531460,2,2025-04-27 17:30:35,Devolução
59299,50954,"MONITOR LED 19"" BLUECASE NS 35955061367",618,P M DE CAUCAIA/ SECRETARIA DE  FINANÇAS,Alugado,48643,1,2022-10-04 14:31:00,Alugado
45462,50955,"MONITOR LED 19"" BLUECASE NS 35955060179",3622,ALUCOM LOCACOES,Devolução,531460,2,2025-04-27 17:30:35,Devolução
59300,50955,"MONITOR LED 19"" BLUECASE NS 35955061503",3376,P.M DE CAUCAIA  - EDUCAÇÃO ESCOLA MARIA SIMONE SEDE,Substituição Devolução,547354,3,2026-01-15 11:14:00,Substituição Devolução
45463,50956,"MONITOR LED 19"" BLUECASE NS 35955060497",,,,,,,Sem Movimento
59301,50956,"MONITOR LED 19""  BLUECASE NS 35955060497",2644,P M DE CAUCAIA / IMAC,Devolução,522222,2,2024-09-23 14:57:28,Devolução
45464,50957,"MONITOR LED 19"" BLUECASE NS 35955061096",3622,ALUCOM LOCACOES,Devolução,531460,2,2025-04-27 17:30:35,Devolução
59302,50957,"MONITOR LED 19""  BLUECASE NS 35955061096",618,P M DE CAUCAIA/ SECRETARIA DE  FINANÇAS,Alugado,48643,1,2022-10-04 14:31:00,Alugado
45467,50960,"MONITOR LED 19"" BLUECASE NS 35955061100",3622,ALUCOM LOCACOES,Devolução,531460,2,2025-04-27 17:30:35,Devolução
59305,50960,"MONITOR LED 19""  BLUECASE NS 35955061100",618,P M DE CAUCAIA/ SECRETARIA DE  FINANÇAS,Alugado,48643,1,2022-10-04 14:31:00,Alugado
45595,50981,MONITOR LED 19,3622,ALUCOM LOCACOES,Devolução,531460,2,2025-04-27 17:30:35,Devolução
82579,50981,"MONITOR LED 19""  BLUECASE NS 35955060910",4463,P M DE FORTALEZA - SECRETARIA MUNICIPAL DA GESTAO REGIONAL - SEGER,Alugado,52946,1,2023-03-10 23:00:00,Alugado
45596,50982,MONITOR LED 19,3622,ALUCOM LOCACOES,Devolução,531460,2,2025-04-27 17:30:35,Devolução
79943,50982,"MONITOR LED 19"" BLUECASE NS 35955061511",10662,ALUCOM - BASE SANTOS DUMONT,Devolução,525923,2,2025-01-21 15:18:42,Devolução
45597,50983,MONITOR LED 19,3622,ALUCOM LOCACOES,Devolução,524156,2,2024-11-22 15:08:34,Devolução
79944,50983,"MONITOR LED 19"" BLUECASE NS 35955061514",2644,P M DE CAUCAIA / IMAC,Devolução,524103,2,2024-11-19 17:30:18,Devolução
45598,50984,MONITOR LED 19,,,,,,,Sem Movimento
82580,50984,"MONITOR LED 19"" BLUECASE NS 35955061513",888,P M DE CAUCAIA - SECRETARIA DE EDUCAÇÃO,Devolução,525743,2,2025-01-16 16:13:52,Devolução
45599,50985,MONITOR LED 19,3622,ALUCOM LOCACOES,Devolução,524154,2,2024-11-22 14:27:01,Devolução
79945,50985,"MONITOR LED 19"" BLUECASE NS 35955060818",2644,P M DE CAUCAIA / IMAC,Devolução,524103,2,2024-11-19 17:30:18,Devolução
45603,50989,MONITOR LED 19,3622,ALUCOM LOCACOES,Devolução,531460,2,2025-04-27 17:30:35,Devolução
79946,50989,"MONITOR LED 19"" BLUECASE NS 35955061490",2644,P M DE CAUCAIA / IMAC,Alugado,48945,1,2022-10-18 10:07:00,Alugado
45617,50991,MONITOR LED 19,,,,,,,Sem Movimento
79948,50991,"MONITOR LED 19"" BLUECASE NS 35955061509",3500,BASE CAUCAIA - ANTONIO VIEIRA - ROTA LITORAL NORTE,Devolução,520367,2,2024-08-09 09:10:37,Devolução
45624,50998,MONITOR LED 19,,,,,,,Sem Movimento
79955,50998,"MONITOR LED 19"" BLUECASE NS 35955060791",888,P M DE CAUCAIA - SECRETARIA DE EDUCAÇÃO,Substituição Devolução,530432,3,2025-04-07 17:06:39,Substituição Devolução
45630,51005,MONITOR LED 19,3622,ALUCOM LOCACOES,Devolução,531460,2,2025-04-27 17:30:35,Devolução
59324,51005,"MONITOR LED 19"" BLUECASE NS 35955061735",2155,P. M. DE ARACATI - SECRETARIA DE EDUCAÇÃO,Alugado,48772,1,2022-09-19 23:59:00,Alugado
45635,51010,MONITOR LED 19,,,,,,,Sem Movimento
59325,51010,"MONITOR LED 19"" BLUECASE NS 35955060502",2644,P M DE CAUCAIA / IMAC,Devolução,524103,2,2024-11-19 17:30:18,Devolução
45640,51016,MONITOR LED 19,,,,,,,Sem Movimento
82587,51016,"MONITOR LED 19""  BLUECASE NS 35955060862",888,P M DE CAUCAIA - SECRETARIA DE EDUCAÇÃO,Devolução,526648,2,2025-02-03 09:50:25,Devolução
45645,51025,MONITOR LED 19,3500,BASE CAUCAIA - ANTONIO VIEIRA - ROTA LITORAL NORTE,Devolução,537147,2,2025-07-21 16:25:45,Devolução
59332,51025,"MONITOR LED 19"" BLUECASE NS 35955060165",3082,P.M DE CAUCAIA - SAÚDE - UBS MARIA DOS SANTOS MENEZES,Substituição Devolução,534461,3,2025-06-06 09:25:50,Substituição Devolução
45647,51027,MONITOR LED 19,3622,ALUCOM LOCACOES,Devolução,531460,2,2025-04-27 17:30:35,Devolução
59333,51027,"MONITOR LED 19""  BLUECASE NS 35955060161",2155,P. M. DE ARACATI - SECRETARIA DE EDUCAÇÃO,Alugado,48772,1,2022-09-19 23:59:00,Alugado
45648,51028,MONITOR LED 19,3622,ALUCOM LOCACOES,Devolução,531460,2,2025-04-27 17:30:35,Devolução
59334,51028,"MONITOR LED 19"" BLUECASE NS 35955061498",2155,P. M. DE ARACATI - SECRETARIA DE EDUCAÇÃO,Alugado,48772,1,2022-09-19 23:59:00,Alugado
45649,51029,MONITOR LED 19,3622,ALUCOM LOCACOES,Devolução,531460,2,2025-04-27 17:30:35,Devolução
117973,51029,"MONITOR LED 19"" BLUECASE NS 35955061496",4463,P M DE FORTALEZA - SECRETARIA MUNICIPAL DA GESTAO REGIONAL - SEGER,Alugado,57376,1,2023-05-05 11:04:50,Alugado
45730,51082,"MONITOR LED 15,4",3622,ALUCOM LOCACOES,Devolução,531460,2,2025-04-27 17:30:35,Devolução
82600,51082,"MONITOR LED 15, 4 BLUECASE NS 351447651830998",2553,P M CAMOCIM / SECRETARIA DE EDUCAÇÃO - ADM,Substituição Alugado,538975,5,2025-08-22 16:24:01,Substituição Alugado
45731,51083,"MONITOR LED 15,4",3622,ALUCOM LOCACOES,Devolução,531460,2,2025-04-27 17:30:35,Devolução
82601,51083,"MONITOR LED 15, 4 BLUECASE NS 351447651831035",3163,MOREIA TECNOLOGIA -  MANUTENÇÃO DE EQUIPAMENTOS,Devolução,52637,2,2023-02-27 10:45:10,Devolução
45732,51084,"MONITOR LED 15,4",3622,ALUCOM LOCACOES,Devolução,531460,2,2025-04-27 17:30:35,Devolução
82602,51084,"MONITOR LED 15, 4 BLUECASE NS 351447651831034",3163,MOREIA TECNOLOGIA -  MANUTENÇÃO DE EQUIPAMENTOS,Devolução,52637,2,2023-02-27 10:45:10,Devolução
45733,51085,"MONITOR LED 15,4",3622,ALUCOM LOCACOES,Devolução,531460,2,2025-04-27 17:30:35,Devolução
82603,51085,"MONITOR LED 15, 4 BLUECASE NS 351447651831008",3163,MOREIA TECNOLOGIA -  MANUTENÇÃO DE EQUIPAMENTOS,Devolução,52637,2,2023-02-27 10:45:10,Devolução
45734,51086,"MONITOR LED 15,4",3622,ALUCOM LOCACOES,Devolução,531460,2,2025-04-27 17:30:35,Devolução
82604,51086,"MONITOR LED 15, 4  BLUECASE NS 351447651831009",3163,MOREIA TECNOLOGIA -  MANUTENÇÃO DE EQUIPAMENTOS,Devolução,52637,2,2023-02-27 10:45:10,Devolução
45738,51089,"MONITOR LED 15,4",,,,,,,Sem Movimento
131426,51089,"MONITOR 15.4"" BLUECASE NS 351447651832160",3500,BASE CAUCAIA - ANTONIO VIEIRA - ROTA LITORAL NORTE,Devolução,523154,2,2024-10-23 12:56:31,Devolução
59342,51102,ACCESS POINT UBIQUIT AP 310 INTELBRAS NS 60QJ3200583LV,346,P  M DE  CAUCAIA -  SAUDE SEDE,Devolução,48927,2,2022-10-17 14:56:00,Devolução
140004,51102,ACCESS POINT UBIQUIT AP 310 INTELBRAS NS 60QJ3200583LV,10976,CAMPANHA ALISSON SÃO LUIS 2024,Devolução,524165,2,2024-11-25 08:05:20,Devolução
45720,51106,MICRO CORE I5 8GB SSD 240,4090,AS SISTEMAS,Devolução,524430,2,2024-12-02 10:30:43,Devolução
59346,51106,MICRO CORE I5 8GB SSD 240,2644,P M DE CAUCAIA / IMAC,Devolução,524099,2,2024-11-19 14:05:11,Devolução
59349,51109,IMPRESSORA MULT. RICOH 3710SF NS 5171Z811611,4549,ALUCOM EXCLUIDOS - SOMENTE PARA CONSULTA,Alugado,53380,1,2023-02-25 23:00:00,Alugado
81146,51109,IMPRESSORA MULT. RICOH 3710SF NS 5171Z811611,10419,P M ICÓ/ SECRETARIA DE SAÚDE,Substituição Alugado,552148,5,2026-04-13 15:59:16,Substituição Alugado
59351,51111,MICRO CORE I3 8GB SSD 240,4029,MOREIA TECNOLOGIA - LOCACOES,Devolução,537648,2,2025-08-04 13:03:36,Devolução
80527,51111,MICRO CORE I3 4GB SSD 240,3837,PM DE ACOPIARA/SECRETARIA DE AGRICULTURA,Devolução,541118,2,2025-09-30 12:33:43,Devolução
59352,51112,MICRO CORE I3 8GB SSD 240,4029,MOREIA TECNOLOGIA - LOCACOES,Alugado,57445,1,2023-05-10 23:00:00,Alugado
117472,51112,MICRO CORE I3 4GB SSD 120,3746,P M DE IGUATU - SECRETARIA DE DESENVOLVIMENTO AGRARIO,Alugado,502199,1,2023-05-09 17:18:57,Alugado
59353,51113,MICRO CORE I3 8GB SSD 240,11865,P M ACOPIARA/SECRETARIA DE ADMINISTRAÇÃO E FINANÇAS 2026,Alugado,549865,1,2026-03-05 10:33:14,Alugado
81610,51113,MICRO CORE I3 4GB SSD 120,10435,INSTITUTO DE GESTÃO E CIDADANIA - UPA HORIZONTE,Devolução,540388,2,2025-09-17 12:19:40,Devolução
45712,51121,MONITOR LED 19,3622,ALUCOM LOCACOES,Devolução,531460,2,2025-04-27 17:30:35,Devolução
59361,51121,"MONITOR LED 19"" BLUECASE NS 35955061090",2155,P. M. DE ARACATI - SECRETARIA DE EDUCAÇÃO,Alugado,48772,1,2022-09-19 23:59:00,Alugado
45713,51122,MONITOR LED 19,3622,ALUCOM LOCACOES,Devolução,531460,2,2025-04-27 17:30:35,Devolução
59362,51122,"MONITOR LED 19""  BLUECASE NS 35955061089",2155,P. M. DE ARACATI - SECRETARIA DE EDUCAÇÃO,Alugado,48772,1,2022-09-19 23:59:00,Alugado
45714,51123,MONITOR LED 19,3622,ALUCOM LOCACOES,Devolução,531460,2,2025-04-27 17:30:35,Devolução
59363,51123,"MONITOR LED 19"" BLUECASE NS 35955061087",2155,P. M. DE ARACATI - SECRETARIA DE EDUCAÇÃO,Substituição Devolução,554309,3,2026-05-21 15:59:54,Substituição Devolução
45726,51127,MONITOR LED 19,3622,ALUCOM LOCACOES,Devolução,531460,2,2025-04-27 17:30:35,Devolução
59365,51127,"MONITOR LED 19"" BLUECASE NS 35955060487",2155,P. M. DE ARACATI - SECRETARIA DE EDUCAÇÃO,Alugado,51726,1,2022-09-21 23:59:00,Alugado
45727,51128,MONITOR LED 19,3622,ALUCOM LOCACOES,Devolução,531460,2,2025-04-27 17:30:35,Devolução
59366,51128,"MONITOR LED 19"" BLUECASE NS 35955060486",2155,P. M. DE ARACATI - SECRETARIA DE EDUCAÇÃO,Alugado,48772,1,2022-09-19 23:59:00,Alugado
45728,51129,MONITOR LED 19,3622,ALUCOM LOCACOES,Devolução,531460,2,2025-04-27 17:30:35,Devolução
59367,51129,"MONITOR LED 19""  BLUECASE NS 35955061165",2155,P. M. DE ARACATI - SECRETARIA DE EDUCAÇÃO,Alugado,48772,1,2022-09-19 23:59:00,Alugado
45729,51130,MONITOR LED 19,3622,ALUCOM LOCACOES,Devolução,531460,2,2025-04-27 17:30:35,Devolução
59368,51130,"MONITOR LED 19"" BLUECASE NS 35955060473",2155,P. M. DE ARACATI - SECRETARIA DE EDUCAÇÃO,Substituição Devolução,536867,3,2025-07-16 10:28:07,Substituição Devolução
45739,51131,"MONITOR LED 15,4",3622,ALUCOM LOCACOES,Devolução,531460,2,2025-04-27 17:30:35,Devolução
82613,51131,"MONITOR LED 15, 4  BLUECASE NS 351447651831846",3163,MOREIA TECNOLOGIA -  MANUTENÇÃO DE EQUIPAMENTOS,Devolução,52637,2,2023-02-27 10:45:10,Devolução
45740,51132,"MONITOR LED 15,4",3856,P M DE QUIXADÁ / SECRETARIA DE SAÚDE,Substituição Devolução,543478,3,2025-11-10 10:35:07,Substituição Devolução
131425,51132,"MONITOR 15.4"" BLUECASE NS 351447651831849",618,P M DE CAUCAIA/ SECRETARIA DE  FINANÇAS,Devolução,524098,2,2024-11-19 14:04:43,Devolução
45741,51133,"MONITOR LED 15,4",3622,ALUCOM LOCACOES,Devolução,531460,2,2025-04-27 17:30:35,Devolução
82614,51133,"MONITOR LED 15, 4  BLUECASE NS 351447651831862",3860,P M DE CASCAVEL/GABINETE DO PREFEITO,Devolução,546793,2,2026-01-02 09:07:58,Devolução
45742,51134,"MONITOR LED 15,4",3622,ALUCOM LOCACOES,Devolução,531460,2,2025-04-27 17:30:35,Devolução
82615,51134,"MONITOR LED 15, 4  BLUECASE NS 351447651832169",618,P M DE CAUCAIA/ SECRETARIA DE  FINANÇAS,Alugado,514771,1,2024-04-05 16:51:42,Alugado
45743,51135,"MONITOR LED 15,4",3622,ALUCOM LOCACOES,Devolução,531460,2,2025-04-27 17:30:35,Devolução
82616,51135,"MONITOR LED 15, 4  BLUECASE NS 351447651831847",618,P M DE CAUCAIA/ SECRETARIA DE  FINANÇAS,Alugado,514771,1,2024-04-05 16:51:42,Alugado
45763,51136,"MONITOR LED 15,4",3622,ALUCOM LOCACOES,Devolução,531460,2,2025-04-27 17:30:35,Devolução
82617,51136,"MONITOR LED 15, 4  BLUECASE NS 351447651832141",3163,MOREIA TECNOLOGIA -  MANUTENÇÃO DE EQUIPAMENTOS,Devolução,52637,2,2023-02-27 10:45:10,Devolução
45749,51138,MONITOR LED 19,3622,ALUCOM LOCACOES,Devolução,531460,2,2025-04-27 17:30:35,Devolução
79958,51138,"MONITOR LED 19"" BLUECASE NS 35955060326",3500,BASE CAUCAIA - ANTONIO VIEIRA - ROTA LITORAL NORTE,Devolução,523154,2,2024-10-23 12:56:31,Devolução
45752,51141,MONITOR LED 19,3622,ALUCOM LOCACOES,Devolução,531460,2,2025-04-27 17:30:35,Devolução
79961,51141,"MONITOR LED 19"" BLUECASE NS 35955060578",2644,P M DE CAUCAIA / IMAC,Alugado,48945,1,2022-10-18 10:07:00,Alugado
45754,51143,MONITOR LED 19,3622,ALUCOM LOCACOES,Devolução,531460,2,2025-04-27 17:30:35,Devolução
82621,51143,"MONITOR LED 19"" BLUECASE NS 35955060439",4463,P M DE FORTALEZA - SECRETARIA MUNICIPAL DA GESTAO REGIONAL - SEGER,Alugado,52899,1,2023-03-08 11:27:54,Alugado
45755,51144,MONITOR LED 19,3622,ALUCOM LOCACOES,Devolução,531460,2,2025-04-27 17:30:35,Devolução
82622,51144,"MONITOR LED 19"" BLUECASE NS 35955060845",4463,P M DE FORTALEZA - SECRETARIA MUNICIPAL DA GESTAO REGIONAL - SEGER,Alugado,52899,1,2023-03-08 11:27:54,Alugado
45757,51146,MONITOR LED 19,3622,ALUCOM LOCACOES,Devolução,531460,2,2025-04-27 17:30:35,Devolução
82623,51146,"MONITOR LED 19"" BLUECASE NS 35955061800",4463,P M DE FORTALEZA - SECRETARIA MUNICIPAL DA GESTAO REGIONAL - SEGER,Alugado,52899,1,2023-03-08 11:27:54,Alugado
45761,51150,MONITOR LED 19,3660,P M DE ACARAPE - SECRETARIA DE SAUDE,Substituição Alugado,510426,5,2023-12-11 11:29:34,Substituição Alugado
79965,51150,"MONITOR LED 19"" BLUECASE NS 35955061109",4029,MOREIA TECNOLOGIA - LOCACOES,Alugado,57339,1,2023-05-04 23:00:00,Alugado
45762,51151,MONITOR LED 19,3622,ALUCOM LOCACOES,Devolução,531460,2,2025-04-27 17:30:35,Devolução
79966,51151,"MONITOR LED 19""  BLUECASE NS 35955061110",2644,P M DE CAUCAIA / IMAC,Alugado,48945,1,2022-10-18 10:07:00,Alugado
59371,51154,MICRO CORE I3 8GB SSD 240,3500,BASE CAUCAIA - ANTONIO VIEIRA - ROTA LITORAL NORTE,Devolução,516591,2,2024-05-09 08:50:29,Devolução
133706,51154,MICRO I3 8GB SSD 120,3826,P M DE GRANJA/SECRETARIA DE SAUDE,Substituição Devolução,523759,3,2024-11-06 17:01:21,Substituição Devolução
45785,51159,MONITOR LED 19,3622,ALUCOM LOCACOES,Devolução,531460,2,2025-04-27 17:30:35,Devolução
79967,51159,"MONITOR LED 19"" BLUECASE NS 35955060860",2644,P M DE CAUCAIA / IMAC,Substituição Devolução,541490,3,2025-10-07 11:49:37,Substituição Devolução
45786,51160,MONITOR LED 19,3622,ALUCOM LOCACOES,Devolução,524156,2,2024-11-22 15:08:34,Devolução
79968,51160,"MONITOR LED 19"" BLUECASE NS 35955061179",2644,P M DE CAUCAIA / IMAC,Devolução,524103,2,2024-11-19 17:30:18,Devolução
45782,51174,SCANER AVISION AV 186T S/N TW1139DDRSG00064,3720,CONSELHO REGIONAL CONTABILIDADE - CRC,Substituição Devolução,503329,3,2023-06-26 11:36:33,Substituição Devolução
79832,51174,ESTABILIZADOR 500VA BEM LIGADO,,,,,,,Sem Movimento
79835,51181,NOTEBOOK CORE I3 LENOVO 4GB SSD 256 NS PE09LTF2,4029,MOREIA TECNOLOGIA - LOCACOES,Alugado,53599,1,2022-11-07 23:00:00,Alugado
81697,51181,NOTEBOOK CORE I3 LENOVO 4GB SSD 256 NS PE09LTF2,3824,P M IGUATU / SECRETARIA DA FAZENDA - FINANÇAS ( SEFIN ),Alugado,501708,1,2023-04-05 12:42:28,Alugado
79836,51182,NOTEBOOK CORE I3 LENOVO 4GB SSD 256 NS PE09JB4L,4029,MOREIA TECNOLOGIA - LOCACOES,Alugado,53193,1,2023-03-22 23:00:00,Alugado
81592,51182,NOTEBOOK CORE I3 LENOVO 4GB SSD 256 NS PE09JB4L,3607,P M DE CASCAVEL / SECRETARIA DE SAÚDE,Substituição Devolução,527481,3,2025-02-11 17:12:56,Substituição Devolução
79839,51185,NOTEBOOK CORE I3 LENOVO 4GB SSD 256 NS PE09JAQ8,4029,MOREIA TECNOLOGIA - LOCACOES,Alugado,53031,1,2023-03-15 23:00:00,Alugado
81534,51185,NOTEBOOK CORE I3 LENOVO 4GB SSD 256 NS PE09JAQ8,10448,P M IGUATU/ PROCURADORIA GERAL,Alugado,501375,1,2023-03-16 11:50:34,Alugado
79840,51186,NOTEBOOK CORE I3 LENOVO 4GB SSD 256 NS PE09J87G,4029,MOREIA TECNOLOGIA - LOCACOES,Alugado,50249,1,2022-11-07 23:00:00,Alugado
80470,51186,NOTEBOOK CORE I3 LENOVO 4GB SSD 256 NS PE09J87G,3762,P M DE TAUÁ / SECRETARIA DE EDUCAÇÃO,Alugado,501113,1,2023-02-23 10:29:44,Alugado
45796,51198,MONITOR LED 19,3622,ALUCOM LOCACOES,Devolução,531460,2,2025-04-27 17:30:35,Devolução
80945,51198,MONITOR LED 19  BLUECASE NS 35955060472,4544,P M DE SAO LUIS  - SECRETARIA MUNIC DA CRIANCA E ASSIST SOCIAL  - SEMCAS RESERVA,Devolução,502682,2,2023-06-12 17:14:27,Devolução
45799,51201,MONITOR LED 19,3629,CARLOS OLIVEIRA - ROTA CARIRI - CRATO,Alugado,511768,1,2024-01-15 16:32:22,Alugado
83013,51201,"MONITOR LED 19""  BLUECASE NS 35955060125",4029,MOREIA TECNOLOGIA - LOCACOES,Alugado,53695,1,2023-04-13 23:00:00,Alugado
45800,51202,MONITOR LED 19,3622,ALUCOM LOCACOES,Devolução,531460,2,2025-04-27 17:30:35,Devolução
80944,51202,"MONITOR LED 19"" BLUECASE NS 35955060140",4539,P M DE SAO LUIS  - SECRETARIA MUNIC DA CRIANCA E ASSIST SOCIAL  - SEMCAS,Alugado,510776,1,2023-12-19 12:54:24,Alugado
45801,51203,MONITOR LED 19,,,,,,,Sem Movimento
82628,51203,"MONITOR LED 19"" BLUECASE NS 35955060210",697,GARANTIA,Devolução,503152,2,2023-06-21 10:24:08,Devolução
45802,51204,MONITOR LED 19,3622,ALUCOM LOCACOES,Devolução,531460,2,2025-04-27 17:30:35,Devolução
80942,51204,MONITOR LED 19 BLUECASE NS 35955060822,4539,P M DE SAO LUIS  - SECRETARIA MUNIC DA CRIANCA E ASSIST SOCIAL  - SEMCAS,Alugado,510776,1,2023-12-19 12:54:24,Alugado
45803,51205,MONITOR LED 19,3622,ALUCOM LOCACOES,Devolução,531460,2,2025-04-27 17:30:35,Devolução
80943,51205,"MONITOR LED 19"" BLUECASE NS 35955060474",4539,P M DE SAO LUIS  - SECRETARIA MUNIC DA CRIANCA E ASSIST SOCIAL  - SEMCAS,Devolução,521721,2,2024-09-10 11:52:41,Devolução
45829,51225,MONITOR LED 19,3622,ALUCOM LOCACOES,Devolução,531460,2,2025-04-27 17:30:35,Devolução
82630,51225,"MONITOR LED 19"" BLUECASE NS 35955060323",4463,P M DE FORTALEZA - SECRETARIA MUNICIPAL DA GESTAO REGIONAL - SEGER,Alugado,52899,1,2023-03-08 11:27:54,Alugado
45831,51227,MONITOR LED 19,3622,ALUCOM LOCACOES,Devolução,531460,2,2025-04-27 17:30:35,Devolução
82631,51227,"MONITOR LED 19"" BLUECASE NS 35955060815",4463,P M DE FORTALEZA - SECRETARIA MUNICIPAL DA GESTAO REGIONAL - SEGER,Alugado,52899,1,2023-03-08 11:27:54,Alugado
45832,51228,MONITOR LED 19,3622,ALUCOM LOCACOES,Devolução,531460,2,2025-04-27 17:30:35,Devolução
82632,51228,"MONITOR LED 19"" BLUECASE NS 35955060777",4463,P M DE FORTALEZA - SECRETARIA MUNICIPAL DA GESTAO REGIONAL - SEGER,Alugado,52899,1,2023-03-08 11:27:54,Alugado
45834,51229,MONITOR LED 19,,,,,,,Sem Movimento
82633,51229,"MONITOR LED 19""  BLUECASE NS 35955060816",4463,P M DE FORTALEZA - SECRETARIA MUNICIPAL DA GESTAO REGIONAL - SEGER,Substituição Devolução,526371,3,2025-01-29 13:42:57,Substituição Devolução
79622,51240,"MONITOR LED 19"" BLUECASE NS 35955060443",,,,,,,Sem Movimento
82635,51240,"MONITOR LED 19""  BLUECASE NS 35955060443",888,P M DE CAUCAIA - SECRETARIA DE EDUCAÇÃO,Devolução,526648,2,2025-02-03 09:50:25,Devolução
79611,51266,IMP.  MULTIFUNCIONAL RICOH SP 3510 SF S/N T334Q501892,3622,ALUCOM LOCACOES,Alugado,511949,1,2024-01-18 12:48:07,Alugado
127994,51266,MULTIFUNCIONAL LASER MONO RICOH SP 3510 SF S/N T334Q501892,3500,BASE CAUCAIA - ANTONIO VIEIRA - ROTA LITORAL NORTE,Devolução,517187,2,2024-05-20 09:31:36,Devolução
79615,51267,"MICRO CORE I5 3.2 GHZ, 4 GB, HD 500 GB",3622,ALUCOM LOCACOES,Devolução,531460,2,2025-04-27 17:30:35,Devolução
82639,51267,MICRO CORE I5 8GB SSD 120,3333,P. M. DE ARACATI - SEC. MUN. DE   SEGURANÇA CIDADÂ E ORDEM PÚBLICA  - 2018,Substituição Alugado,554851,5,2026-06-03 07:43:16,Substituição Alugado
79738,51287,MONITOR LED 19,3622,ALUCOM LOCACOES,Devolução,531460,2,2025-04-27 17:30:35,Devolução
82644,51287,"MONITOR LED 19"" BLUECASE NS 35955060172",697,GARANTIA,Alugado,57292,1,2023-05-02 18:16:47,Alugado
79739,51288,MONITOR LED 19,3622,ALUCOM LOCACOES,Devolução,531460,2,2025-04-27 17:30:35,Devolução
82645,51288,"MONITOR LED 19"" BLUECASE NS 35955061397",4463,P M DE FORTALEZA - SECRETARIA MUNICIPAL DA GESTAO REGIONAL - SEGER,Alugado,52899,1,2023-03-08 11:27:54,Alugado
79741,51290,MONITOR LED 19,3622,ALUCOM LOCACOES,Devolução,531460,2,2025-04-27 17:30:35,Devolução
82646,51290,"MONITOR LED 19"" BLUECASE NS 35955061375",4463,P M DE FORTALEZA - SECRETARIA MUNICIPAL DA GESTAO REGIONAL - SEGER,Alugado,52899,1,2023-03-08 11:27:54,Alugado
79747,51299,SCANNER DE MESA CANON NS HDC00368,3622,ALUCOM LOCACOES,Devolução,531460,2,2025-04-27 17:30:35,Devolução
82649,51299,SCANER DE MESA CANON NS HDC00368,10426,P M ICÓ/ SECRETARIA DE DESENVOLVIMENTO URBANO E INFRAESTRUTURA,Alugado,526939,1,2025-02-05 17:02:51,Alugado
79748,51300,SCANNER DE MESA CANON DR-C240 NS HDC00351,11933,INSTITUTO DE PREVIDENCIA E ASSISTENCIA DO MUNICIPIO - IPAM 2026,Alugado,551287,1,2026-03-27 11:17:45,Alugado
81479,51300,SCANNER DE MESA CANON	DR-C240 NS HDC00351,4465,P M DE SAO LUIS -INSTITUTO DE PREVIDENCIA E ASSISTENCIA DO MUNICIPIO - IPAM,Devolução,551276,2,2026-03-27 09:06:32,Devolução
79749,51301,SCANNER DE MESA CANON DR-C240 NS HDC00370,11933,INSTITUTO DE PREVIDENCIA E ASSISTENCIA DO MUNICIPIO - IPAM 2026,Alugado,551289,1,2026-03-27 12:09:17,Alugado
81480,51301,SCANNER DE MESA CANON	DR-C240 NS HDC00370,4465,P M DE SAO LUIS -INSTITUTO DE PREVIDENCIA E ASSISTENCIA DO MUNICIPIO - IPAM,Devolução,551172,2,2026-03-26 11:21:05,Devolução
79750,51302,SCANNER DE MESA CANON NS HDC00364,3798,P M DE BARBALHA / SECRETARIA DE EDUCAÇÃO,Alugado,536716,1,2025-07-14 15:57:10,Alugado
82650,51302,SCANER DE MESA CANON NS HDC00364,547,P M DE CAUCAIA / SEINFRA,Devolução,524110,2,2024-11-21 10:32:48,Devolução
79751,51303,SCANNER DE MESA CANON DR-C240 NS HDC00357,3622,ALUCOM LOCACOES,Devolução,531460,2,2025-04-27 17:30:35,Devolução
81483,51303,SCANNER DE MESA CANON	DR-C240 NS HDC00357,11933,INSTITUTO DE PREVIDENCIA E ASSISTENCIA DO MUNICIPIO - IPAM 2026,Alugado,551289,1,2026-03-27 12:09:17,Alugado
79753,51305,SCANNER DE MESA CANON DR-C240 NS HDC00356,11933,INSTITUTO DE PREVIDENCIA E ASSISTENCIA DO MUNICIPIO - IPAM 2026,Alugado,551287,1,2026-03-27 11:17:45,Alugado
81481,51305,SCANNER DE MESA CANON	DR-C240 NS HDC00356,4465,P M DE SAO LUIS -INSTITUTO DE PREVIDENCIA E ASSISTENCIA DO MUNICIPIO - IPAM,Devolução,551172,2,2026-03-26 11:21:05,Devolução
79754,51306,SCANNER DE MESA CANON DR-C240 NS HDC00359,11933,INSTITUTO DE PREVIDENCIA E ASSISTENCIA DO MUNICIPIO - IPAM 2026,Alugado,551287,1,2026-03-27 11:17:45,Alugado
81482,51306,SCANNER DE MESA CANON	DR-C240  NS HDC00359,4465,P M DE SAO LUIS -INSTITUTO DE PREVIDENCIA E ASSISTENCIA DO MUNICIPIO - IPAM,Devolução,551172,2,2026-03-26 11:21:05,Devolução
79758,51309,SCANNER DE MESA CANON DR-C240 NS HDC00361,3622,ALUCOM LOCACOES,Devolução,531460,2,2025-04-27 17:30:35,Devolução
81484,51309,SCANNER DE MESA CANON	DR-C240  NS HDC00361,4465,P M DE SAO LUIS -INSTITUTO DE PREVIDENCIA E ASSISTENCIA DO MUNICIPIO - IPAM,Alugado,501305,1,2023-03-13 16:48:19,Alugado
79760,51310,SCANNER DE MESA CANON DR-C240 NS HDC00369,11933,INSTITUTO DE PREVIDENCIA E ASSISTENCIA DO MUNICIPIO - IPAM 2026,Alugado,551287,1,2026-03-27 11:17:45,Alugado
81485,51310,SCANNER DE MESA CANON	DR-C240 NS HDC00369,4465,P M DE SAO LUIS -INSTITUTO DE PREVIDENCIA E ASSISTENCIA DO MUNICIPIO - IPAM,Devolução,551172,2,2026-03-26 11:21:05,Devolução
79772,51311,ESTABILIZADOR 300 VA FORCELINE,3605,MOREIA TECNOLOGIA LOCACAO,Alugado,281717,1,2022-10-21 08:38:49,Alugado
79843,51311,ESTABILIZADOR 300 VA FORCELINE,3468,P.M DE MARANGUAPE - GABINETE,Alugado,49021,1,2022-10-21 08:32:00,Alugado
79779,51315,MONITOR LED 19,3622,ALUCOM LOCACOES,Devolução,531460,2,2025-04-27 17:30:35,Devolução
81619,51315,"MONITOR LED 19"" BLUECASE NS 35955060366",4508,P M DE SAO LUIS - SECRETARIA MUNICIPAL DE INFORMACAO E TECNOLOGIA - SEMIT,Devolução,502677,2,2023-06-12 16:59:29,Devolução
79782,51318,MONITOR LED 19,3622,ALUCOM LOCACOES,Devolução,531460,2,2025-04-27 17:30:35,Devolução
82656,51318,"MONITOR LED 19"" BLUECASE NS 35955060976",4463,P M DE FORTALEZA - SECRETARIA MUNICIPAL DA GESTAO REGIONAL - SEGER,Alugado,53288,1,2023-03-24 14:12:55,Alugado
79786,51321,MONITOR LED 19,3770,INSTITUTO DE GESTÃO E CIDADANIA - UNIDADE FORTALEZA/ESCRITORIO,Devolução,524576,2,2024-12-05 17:16:37,Devolução
82657,51321,"MONITOR LED 19"" BLUECASE NS 35955060863",4029,MOREIA TECNOLOGIA - LOCACOES,Alugado,53233,1,2023-03-23 23:00:00,Alugado
79789,51323,MONITOR LED 19,3622,ALUCOM LOCACOES,Devolução,531460,2,2025-04-27 17:30:35,Devolução
82658,51323,"MONITOR LED 19"" BLUECASE NS 35955060331",4463,P M DE FORTALEZA - SECRETARIA MUNICIPAL DA GESTAO REGIONAL - SEGER,Devolução,57826,2,2023-05-29 10:48:00,Devolução
79790,51325,MONITOR LED 19,3622,ALUCOM LOCACOES,Devolução,531460,2,2025-04-27 17:30:35,Devolução
82660,51325,"MONITOR LED 19"" BLUECASE NS 35955060800",4463,P M DE FORTALEZA - SECRETARIA MUNICIPAL DA GESTAO REGIONAL - SEGER,Alugado,52899,1,2023-03-08 11:27:54,Alugado
79792,51326,MONITOR LED 19,3622,ALUCOM LOCACOES,Devolução,531460,2,2025-04-27 17:30:35,Devolução
82661,51326,"MONITOR LED 19"" BLUECASE NS 35955060833",3500,BASE CAUCAIA - ANTONIO VIEIRA - ROTA LITORAL NORTE,Devolução,513015,2,2024-02-28 10:49:46,Devolução
79791,51327,MONITOR LED 19,3622,ALUCOM LOCACOES,Devolução,531460,2,2025-04-27 17:30:35,Devolução
82662,51327,"MONITOR LED 19"" BLUECASE NS 35955060800",4463,P M DE FORTALEZA - SECRETARIA MUNICIPAL DA GESTAO REGIONAL - SEGER,Alugado,52899,1,2023-03-08 11:27:54,Alugado
79793,51328,MONITOR LED 19,3622,ALUCOM LOCACOES,Devolução,531460,2,2025-04-27 17:30:35,Devolução
82663,51328,"MONITOR LED 19"" BLUECASE NS 35955060406",4463,P M DE FORTALEZA - SECRETARIA MUNICIPAL DA GESTAO REGIONAL - SEGER,Alugado,52899,1,2023-03-08 11:27:54,Alugado
79844,51351,ROTEADOR WIFFI GIGABIT TENDA AC 1200 NS E7883110132004541,4539,P M DE SAO LUIS  - SECRETARIA MUNIC DA CRIANCA E ASSIST SOCIAL  - SEMCAS,Alugado,500749,1,2023-01-25 08:54:14,Alugado
82664,51351,ROTEADOR WIFFI GIGABIT TENDA AC 1200 NS E7883110132004541,4468,P M DE SAO LUIS - RESERVA,Alugado,49448,1,2022-11-17 23:00:00,Alugado
79845,51352,ROTEADOR WIFFI GIGABIT TENDA AC 1200 NS E7883110132003103,10431,ALUCOM LTDA,Alugado,501613,1,2023-03-30 16:09:35,Alugado
82665,51352,ROTEADOR  WIFFI GIGABIT TENDA AC 1200 NS E7883110132003103,888,P M DE CAUCAIA - SECRETARIA DE EDUCAÇÃO,Alugado,53448,1,2023-03-30 16:04:44,Alugado
79846,51353,ROTEADOR  WIFFI GIGABIT TENDA AC 1200 NS E7883110132004544,10431,ALUCOM LTDA,Alugado,501613,1,2023-03-30 16:09:35,Alugado
82666,51353,ROTEADOR  WIFFI GIGABIT TENDA AC 1200 NS E7883110132004544,888,P M DE CAUCAIA - SECRETARIA DE EDUCAÇÃO,Alugado,53448,1,2023-03-30 16:04:44,Alugado
79847,51354,ROTEADOR  WIFFI GIGABIT TENDA AC 1200 NS E7883110132005378,10431,ALUCOM LTDA,Alugado,501613,1,2023-03-30 16:09:35,Alugado
82667,51354,ROTEADOR WIFFI GIGABIT TENDA AC 1200 NS E7883110132005378,888,P M DE CAUCAIA - SECRETARIA DE EDUCAÇÃO,Alugado,53448,1,2023-03-30 16:04:44,Alugado
79848,51355,ROTEADOR  WIFFI GIGABIT TENDA AC 1200 NS E7883110132003105,10431,ALUCOM LTDA,Alugado,501613,1,2023-03-30 16:09:35,Alugado
82668,51355,ROTEADOR WIFFI GIGABIT TENDA AC 1200 NS E7883110132003105,888,P M DE CAUCAIA - SECRETARIA DE EDUCAÇÃO,Alugado,53448,1,2023-03-30 16:04:44,Alugado
79820,51388,NOTEBOOK CORE I5 ASUS 8GB HD 1TB NS L8NOB6000331324,11808,CONEXAO CONSTRUTORA EMPREENDIMENTOS E SOLUCOES LTDA,Substituição Alugado,555054,5,2026-06-09 16:14:59,Substituição Alugado
118634,51388,NOTEBOOK CORE I5 ASUS 8GB HD 1TB NS L8NOB6000331324,2155,P. M. DE ARACATI - SECRETARIA DE EDUCAÇÃO,Substituição Devolução,529535,3,2025-03-19 10:30:27,Substituição Devolução
79823,51442,IMPRESSORA MULT. RICOH SP-377 SFNWX S/N Y937Q910774,3149,P M CAMOCIM / SECRETARIA DE SAÚDE,Substituição Devolução,544416,3,2025-11-17 09:47:01,Substituição Devolução
82674,51442,IMPRESSORA MULT. RICOH SP-377 SFNWX NS Y937Q910774,2628,P M CAMOCIM / SECRETARIA DE GESTÃO ADM  - TRIBUTAÇÃO,Substituição Alugado,546721,5,2025-12-30 14:59:39,Substituição Alugado
80001,51451,IMPRESSORA JATO DE TINTA CANON KLPJ84108,3622,ALUCOM LOCACOES,Devolução,531460,2,2025-04-27 17:30:35,Devolução
82677,51451,IMPRESSORA JATO DE TINTA CANON G3110 NS KLPJ84108,4094,CLEITON ROCHA - ROTA LITORAL LESTE - ARACATI,Devolução,510348,2,2023-12-08 08:51:05,Devolução
79977,51462,MICRO CORE I5 3.19GHZ MEMORIA 4GB HD 500GB GRAV DVD,3622,ALUCOM LOCACOES,Devolução,525485,2,2025-01-13 14:59:53,Devolução
80619,51462,MICRO CORE I5 4GB HD 500GB GRAV DVD,3472,P M CAMOCIM / SECRETARIA DE SAUDE - POSTO DE SAÚDE COAB,Substituição Alugado,525504,5,2025-01-13 16:18:07,Substituição Alugado
79996,51465,MICRO CORE I5 4GB HD 500,3622,ALUCOM LOCACOES,Devolução,531460,2,2025-04-27 17:30:35,Devolução
127395,51465,MICRO I5 4GB HD 500,2450,SEC. DE EDUCAÇÃO DE CAUCAIA - ESCOLA MONSENHOR ANDRE CAMURCA EEIEF - 2014,Substituição Devolução,530454,3,2025-04-07 17:21:39,Substituição Devolução
80112,51514,LEITOR BIOMETRICO DIGITAL PERSONAL U4500 NS C800F010176,4029,MOREIA TECNOLOGIA - LOCACOES,Alugado,53782,1,2023-04-13 23:00:00,Alugado
82842,51514,LEITOR BIOMÉTRICO DIGITAL PERSONAL U4500 NS C800F010176,3809,P M DE CRATO - SECRETARIA DE ADMINISTRACAO,Alugado,501765,1,2023-04-13 12:00:09,Alugado
80113,51515,LEITOR BIOMETRICO DIGITAL PERSONAL U4500 NS C800F010173,4029,MOREIA TECNOLOGIA - LOCACOES,Alugado,53782,1,2023-04-13 23:00:00,Alugado
82841,51515,LEITOR BIOMÉTRICO DIGITAL PERSONAL U4500 NS C800F010173,3809,P M DE CRATO - SECRETARIA DE ADMINISTRACAO,Alugado,501765,1,2023-04-13 12:00:09,Alugado
80114,51516,LEITOR BIOMETRICO DIGITAL PERSONAL U4500 NS C800F010169,4029,MOREIA TECNOLOGIA - LOCACOES,Alugado,53782,1,2023-04-13 23:00:00,Alugado
82843,51516,LEITOR BIOMÉTRICO DIGITAL PERSONAL U4500 NS C800F010169,3809,P M DE CRATO - SECRETARIA DE ADMINISTRACAO,Alugado,501765,1,2023-04-13 12:00:09,Alugado
80115,51517,LEITOR BIOMETRICO DIGITAL PERSONAL U4500 NS C800F010174,4029,MOREIA TECNOLOGIA - LOCACOES,Alugado,53782,1,2023-04-13 23:00:00,Alugado
82846,51517,LEITOR BIOMÉTRICO DIGITAL PERSONAL U4500 NS C800F010174,3809,P M DE CRATO - SECRETARIA DE ADMINISTRACAO,Alugado,501765,1,2023-04-13 12:00:09,Alugado
80116,51518,LEITOR BIOMETRICO DIGITAL PERSONAL U4500 NS C800F010177,4029,MOREIA TECNOLOGIA - LOCACOES,Alugado,53782,1,2023-04-13 23:00:00,Alugado
82844,51518,LEITOR BIOMÉTRICO DIGITAL PERSONAL U4500 NS C800F010177,3809,P M DE CRATO - SECRETARIA DE ADMINISTRACAO,Alugado,501765,1,2023-04-13 12:00:09,Alugado
80117,51519,LEITOR BIOMETRICO DIGITAL PERSONAL U4500 NS C800F010171,4029,MOREIA TECNOLOGIA - LOCACOES,Alugado,53782,1,2023-04-13 23:00:00,Alugado
82845,51519,LEITOR BIOMÉTRICO DIGITAL PERSONAL U4500 NS C800F010171,3809,P M DE CRATO - SECRETARIA DE ADMINISTRACAO,Alugado,501765,1,2023-04-13 12:00:09,Alugado
80108,51533,IMPRESSORA MULT. RICOH SP-377 SFNWX S/N Y937ZC11258,3622,ALUCOM LOCACOES,Devolução,531460,2,2025-04-27 17:30:35,Devolução
117976,51533,IMPRESSORA MULT. RICOH SP-377 SFNWX S/N Y937ZC11258,11322,7584 - P M CRATO/ SECRETARIA DE SEGURANÇA PUBLICA / CIOEM,Alugado,554829,1,2026-06-02 17:32:16,Alugado
80628,51598,TRANSFORMADOR DE 2000 W TRANSFORMER,11919,P M SÃO LUIS/ SECRETARIA DA FAZENDA / SEMFAZ 2026,Alugado,552680,1,2026-04-22 15:31:58,Alugado
82678,51598,TRANSFORMADOR DE 2000 W TRANSFORMER,4029,MOREIA TECNOLOGIA - LOCACOES,Alugado,51179,1,2023-01-02 16:24:00,Alugado
80629,51599,TRANSFORMADOR DE 2000 W TRANSFORMER,10400,P M SÃO LUIS/ SECRETARIA DA FAZENDA / SEMFAZ,Alugado,500470,1,2022-12-28 08:30:43,Alugado
82679,51599,TRANSFORMADOR DE 2000 W TRANSFORMER,4029,MOREIA TECNOLOGIA - LOCACOES,Alugado,51179,1,2023-01-02 16:24:00,Alugado
80630,51600,TRANSFORMADOR DE 2000 W TRANSFORMER,11919,P M SÃO LUIS/ SECRETARIA DA FAZENDA / SEMFAZ 2026,Alugado,552680,1,2026-04-22 15:31:58,Alugado
82680,51600,TRANSFORMADOR DE 2000 W TRANSFORMER,4029,MOREIA TECNOLOGIA - LOCACOES,Alugado,51179,1,2023-01-02 16:24:00,Alugado
80631,51601,TRANSFORMADOR DE 2000 W TRANSFORMER,11919,P M SÃO LUIS/ SECRETARIA DA FAZENDA / SEMFAZ 2026,Alugado,552680,1,2026-04-22 15:31:58,Alugado
82681,51601,TRANSFORMADOR DE 2000 W TRANSFORMER,4029,MOREIA TECNOLOGIA - LOCACOES,Alugado,51179,1,2023-01-02 16:24:00,Alugado
80632,51602,TRANSFORMADOR DE 2000 W TRANSFORMER,11919,P M SÃO LUIS/ SECRETARIA DA FAZENDA / SEMFAZ 2026,Alugado,552680,1,2026-04-22 15:31:58,Alugado
82682,51602,TRANSFORMADOR DE 2000 W TRANSFORMER,4029,MOREIA TECNOLOGIA - LOCACOES,Alugado,51179,1,2023-01-02 16:24:00,Alugado
80633,51603,TRANSFORMADOR DE 2000 W TRANSFORMER,11919,P M SÃO LUIS/ SECRETARIA DA FAZENDA / SEMFAZ 2026,Alugado,552680,1,2026-04-22 15:31:58,Alugado
82683,51603,TRANSFORMADOR DE 2000 W TRANSFORMER,4029,MOREIA TECNOLOGIA - LOCACOES,Alugado,51179,1,2023-01-02 16:24:00,Alugado
80634,51604,TRANSFORMADOR DE 2000 W TRANSFORMER,11919,P M SÃO LUIS/ SECRETARIA DA FAZENDA / SEMFAZ 2026,Alugado,552680,1,2026-04-22 15:31:58,Alugado
82684,51604,TRANSFORMADOR DE 2000 W TRANSFORMER,4029,MOREIA TECNOLOGIA - LOCACOES,Alugado,51179,1,2023-01-02 16:24:00,Alugado
80635,51605,TRANSFORMADOR DE 2000 W TRANSFORMER,11919,P M SÃO LUIS/ SECRETARIA DA FAZENDA / SEMFAZ 2026,Alugado,552680,1,2026-04-22 15:31:58,Alugado
82685,51605,TRANSFORMADOR DE 2000 W TRANSFORMER,4029,MOREIA TECNOLOGIA - LOCACOES,Alugado,51179,1,2023-01-02 16:24:00,Alugado
80636,51606,TRANSFORMADOR DE 2000VA TRANSFORMER,11927,P M DE SAO LUIS - PROCURADOR GERAL DO MUNICIPIO/PGM 2026,Alugado,551168,1,2026-03-26 10:01:26,Alugado
82686,51606,TRANSFORMADOR DE 2000 W TRANSFORMER,4029,MOREIA TECNOLOGIA - LOCACOES,Alugado,51179,1,2023-01-02 16:24:00,Alugado
80637,51607,TRANSFORMADOR DE 2000 W TRANSFORMER,10400,P M SÃO LUIS/ SECRETARIA DA FAZENDA / SEMFAZ,Devolução,552675,2,2026-04-22 15:06:21,Devolução
82687,51607,TRANSFORMADOR DE 2000 W TRANSFORMER,4029,MOREIA TECNOLOGIA - LOCACOES,Alugado,51179,1,2023-01-02 16:24:00,Alugado
80639,51608,TRANSFORMADOR DE 2000 W TRANSFORMER,11919,P M SÃO LUIS/ SECRETARIA DA FAZENDA / SEMFAZ 2026,Alugado,552680,1,2026-04-22 15:31:58,Alugado
82688,51608,TRANSFORMADOR DE 2000 W TRANSFORMER,4029,MOREIA TECNOLOGIA - LOCACOES,Alugado,51179,1,2023-01-02 16:24:00,Alugado
80640,51609,TRANSFORMADOR DE 2000 W TRANSFORMER,11919,P M SÃO LUIS/ SECRETARIA DA FAZENDA / SEMFAZ 2026,Alugado,552680,1,2026-04-22 15:31:58,Alugado
82689,51609,TRANSFORMADOR DE 2000 W TRANSFORMER,4029,MOREIA TECNOLOGIA - LOCACOES,Alugado,51179,1,2023-01-02 16:24:00,Alugado
80643,51610,TRANSFORMADOR DE 2000 W TRANSFORMER,11919,P M SÃO LUIS/ SECRETARIA DA FAZENDA / SEMFAZ 2026,Alugado,552680,1,2026-04-22 15:31:58,Alugado
82690,51610,TRANSFORMADOR DE 2000 W TRANSFORMER,4029,MOREIA TECNOLOGIA - LOCACOES,Alugado,51179,1,2023-01-02 16:24:00,Alugado
80641,51611,TRANSFORMADOR DE 2000 W TRANSFORMER,11919,P M SÃO LUIS/ SECRETARIA DA FAZENDA / SEMFAZ 2026,Alugado,552680,1,2026-04-22 15:31:58,Alugado
82691,51611,TRANSFORMADOR DE 2000 W TRANSFORMER,4029,MOREIA TECNOLOGIA - LOCACOES,Alugado,51179,1,2023-01-02 16:24:00,Alugado
80642,51612,TRANSFORMADOR DE 2000 W TRANSFORMER,11919,P M SÃO LUIS/ SECRETARIA DA FAZENDA / SEMFAZ 2026,Alugado,552680,1,2026-04-22 15:31:58,Alugado
82692,51612,TRANSFORMADOR DE 2000 W TRANSFORMER,4029,MOREIA TECNOLOGIA - LOCACOES,Alugado,51179,1,2023-01-02 16:24:00,Alugado
80644,51613,TRANSFORMADOR DE 2000 W TRANSFORMER,11919,P M SÃO LUIS/ SECRETARIA DA FAZENDA / SEMFAZ 2026,Alugado,552680,1,2026-04-22 15:31:58,Alugado
82693,51613,TRANSFORMADOR DE 2000 W TRANSFORMER,4029,MOREIA TECNOLOGIA - LOCACOES,Alugado,51179,1,2023-01-02 16:24:00,Alugado
80645,51614,TRANSFORMADOR DE 2000 W TRANSFORMER,11919,P M SÃO LUIS/ SECRETARIA DA FAZENDA / SEMFAZ 2026,Alugado,552680,1,2026-04-22 15:31:58,Alugado
82694,51614,TRANSFORMADOR DE 2000 W TRANSFORMER,4029,MOREIA TECNOLOGIA - LOCACOES,Alugado,51179,1,2023-01-02 16:24:00,Alugado
80646,51615,TRANSFORMADOR DE 2000 W TRANSFORMER,11919,P M SÃO LUIS/ SECRETARIA DA FAZENDA / SEMFAZ 2026,Alugado,552680,1,2026-04-22 15:31:58,Alugado
82695,51615,TRANSFORMADOR DE 2000 W TRANSFORMER,4029,MOREIA TECNOLOGIA - LOCACOES,Alugado,51179,1,2023-01-02 16:24:00,Alugado
80647,51616,TRANSFORMADOR DE 2000 W TRANSFORMER,11919,P M SÃO LUIS/ SECRETARIA DA FAZENDA / SEMFAZ 2026,Alugado,552680,1,2026-04-22 15:31:58,Alugado
82696,51616,TRANSFORMADOR DE 2000 W TRANSFORMER,4029,MOREIA TECNOLOGIA - LOCACOES,Alugado,51179,1,2023-01-02 16:24:00,Alugado
80648,51617,TRANSFORMADOR DE 2000 W TRANSFORMER,11919,P M SÃO LUIS/ SECRETARIA DA FAZENDA / SEMFAZ 2026,Alugado,552680,1,2026-04-22 15:31:58,Alugado
82697,51617,TRANSFORMADOR DE 2000 W TRANSFORMER,4029,MOREIA TECNOLOGIA - LOCACOES,Alugado,51179,1,2023-01-02 16:24:00,Alugado
80649,51618,TRANSFORMADOR DE 2000 W TRANSFORMER,11919,P M SÃO LUIS/ SECRETARIA DA FAZENDA / SEMFAZ 2026,Alugado,552680,1,2026-04-22 15:31:58,Alugado
82698,51618,TRANSFORMADOR DE 2000W TRANSFORMER,4029,MOREIA TECNOLOGIA - LOCACOES,Alugado,51179,1,2023-01-02 16:24:00,Alugado
80650,51619,TRANSFORMADOR DE 2000VA TRANSFORMER,11927,P M DE SAO LUIS - PROCURADOR GERAL DO MUNICIPIO/PGM 2026,Alugado,551168,1,2026-03-26 10:01:26,Alugado
82699,51619,TRANSFORMADOR DE 2000 W TRANSFORMER,4029,MOREIA TECNOLOGIA - LOCACOES,Alugado,51179,1,2023-01-02 16:24:00,Alugado
80651,51620,TRANSFORMADOR DE 2000 W TRANSFORMER,11919,P M SÃO LUIS/ SECRETARIA DA FAZENDA / SEMFAZ 2026,Alugado,552680,1,2026-04-22 15:31:58,Alugado
82700,51620,TRANSFORMADOR DE 2000 W TRANSFORMER,4029,MOREIA TECNOLOGIA - LOCACOES,Alugado,51179,1,2023-01-02 16:24:00,Alugado
80652,51621,TRANSFORMADOR DE 2000 W TRANSFORMER,10400,P M SÃO LUIS/ SECRETARIA DA FAZENDA / SEMFAZ,Devolução,552675,2,2026-04-22 15:06:21,Devolução
82701,51621,TRANSFORMADOR DE 2000 W TRANSFORMER,4029,MOREIA TECNOLOGIA - LOCACOES,Alugado,51179,1,2023-01-02 16:24:00,Alugado
80653,51622,TRANSFORMADOR DE 2000 W TRANSFORMER,11919,P M SÃO LUIS/ SECRETARIA DA FAZENDA / SEMFAZ 2026,Alugado,552680,1,2026-04-22 15:31:58,Alugado
82702,51622,TRANSFORMADOR DE 2000 W TRANSFORMER,4029,MOREIA TECNOLOGIA - LOCACOES,Alugado,51179,1,2023-01-02 16:24:00,Alugado
80654,51623,TRANSFORMADOR DE 2000 W TRANSFORMER,11919,P M SÃO LUIS/ SECRETARIA DA FAZENDA / SEMFAZ 2026,Alugado,552680,1,2026-04-22 15:31:58,Alugado
82703,51623,TRANSFORMADOR DE 2000 W TRANSFORMER,4029,MOREIA TECNOLOGIA - LOCACOES,Alugado,51179,1,2023-01-02 16:24:00,Alugado
80655,51624,TRANSFORMADOR DE 2000 W TRANSFORMER,11919,P M SÃO LUIS/ SECRETARIA DA FAZENDA / SEMFAZ 2026,Alugado,552680,1,2026-04-22 15:31:58,Alugado
82704,51624,TRANSFORMADOR DE 2000 W TRANSFORMER,4029,MOREIA TECNOLOGIA - LOCACOES,Alugado,51179,1,2023-01-02 16:24:00,Alugado
80656,51625,TRANSFORMADOR DE 2000 W TRANSFORMER,11919,P M SÃO LUIS/ SECRETARIA DA FAZENDA / SEMFAZ 2026,Alugado,552680,1,2026-04-22 15:31:58,Alugado
82705,51625,TRANSFORMADOR DE 2000 W TRANSFORMER,4029,MOREIA TECNOLOGIA - LOCACOES,Alugado,51179,1,2023-01-02 16:24:00,Alugado
80657,51626,TRANSFORMADOR DE 2000 W TRANSFORMER,11919,P M SÃO LUIS/ SECRETARIA DA FAZENDA / SEMFAZ 2026,Alugado,552680,1,2026-04-22 15:31:58,Alugado
82706,51626,TRANSFORMADOR DE 2000 W TRANSFORMER,4029,MOREIA TECNOLOGIA - LOCACOES,Alugado,51179,1,2023-01-02 16:24:00,Alugado
80658,51627,TRANSFORMADOR DE 2000 W TRANSFORMER,11919,P M SÃO LUIS/ SECRETARIA DA FAZENDA / SEMFAZ 2026,Alugado,552680,1,2026-04-22 15:31:58,Alugado
82707,51627,TRANSFORMADOR DE 2000 W TRANSFORMER,4029,MOREIA TECNOLOGIA - LOCACOES,Alugado,51179,1,2023-01-02 16:24:00,Alugado
80659,51628,TRANSFORMADOR DE 2000 W TRANSFORMER,11919,P M SÃO LUIS/ SECRETARIA DA FAZENDA / SEMFAZ 2026,Alugado,552680,1,2026-04-22 15:31:58,Alugado
82708,51628,TRANSFORMADOR DE 2000 W TRANSFORMER,4029,MOREIA TECNOLOGIA - LOCACOES,Alugado,51179,1,2023-01-02 16:24:00,Alugado
80660,51629,TRANSFORMADOR DE 2000 W TRANSFORMER,10400,P M SÃO LUIS/ SECRETARIA DA FAZENDA / SEMFAZ,Alugado,500470,1,2022-12-28 08:30:43,Alugado
82709,51629,TRANSFORMADOR DE 2000 W TRANSFORMER,4029,MOREIA TECNOLOGIA - LOCACOES,Alugado,51179,1,2023-01-02 16:24:00,Alugado
80661,51630,TRANSFORMADOR DE 2000 W TRANSFORMER,11919,P M SÃO LUIS/ SECRETARIA DA FAZENDA / SEMFAZ 2026,Alugado,552680,1,2026-04-22 15:31:58,Alugado
82710,51630,TRANSFORMADOR DE 2000 W TRANSFORMER,4029,MOREIA TECNOLOGIA - LOCACOES,Alugado,51179,1,2023-01-02 16:24:00,Alugado
80662,51631,TRANSFORMADOR DE 2000 W TRANSFORMER,11919,P M SÃO LUIS/ SECRETARIA DA FAZENDA / SEMFAZ 2026,Alugado,552680,1,2026-04-22 15:31:58,Alugado
82711,51631,TRANSFORMADOR DE 2000 W TRANSFORMER,4029,MOREIA TECNOLOGIA - LOCACOES,Alugado,51179,1,2023-01-02 16:24:00,Alugado
80663,51632,TRANSFORMADOR DE 2000 W TRANSFORMER,10400,P M SÃO LUIS/ SECRETARIA DA FAZENDA / SEMFAZ,Alugado,500470,1,2022-12-28 08:30:43,Alugado
82712,51632,TRANSFORMADOR DE 2000 W TRANSFORMER,4029,MOREIA TECNOLOGIA - LOCACOES,Alugado,51179,1,2023-01-02 16:24:00,Alugado
80673,51633,TRANSFORMADOR DE 2000 W TRANSFORMER,11774,PM AQUIRAZ/SEC TRABALHO E ASSISTENCIA SOCIAL_CASA DOS CONSELHOS-20252208.04,Alugado,544529,1,2025-11-18 12:06:32,Alugado
81420,51633,TRANSFORMADOR 2000VA TRANSFORMER,10511,P M DE SAO LUIS - SECRETARIA MUNICIPAL DE URBANISMO E HABITAÇÃO - SEMURH,Devolução,520213,2,2024-08-06 11:01:46,Devolução
82713,51633,TRANSFORMADOR DE 2000 W TRANSFORMER,4029,MOREIA TECNOLOGIA - LOCACOES,Alugado,51179,1,2023-01-02 16:24:00,Alugado
80664,51634,TRANSFORMADOR DE 2000 W TRANSFORMER,11919,P M SÃO LUIS/ SECRETARIA DA FAZENDA / SEMFAZ 2026,Alugado,552680,1,2026-04-22 15:31:58,Alugado
82714,51634,TRANSFORMADOR DE 2000 W TRANSFORMER,4029,MOREIA TECNOLOGIA - LOCACOES,Alugado,51179,1,2023-01-02 16:24:00,Alugado
80665,51635,TRANSFORMADOR DE 2000 W TRANSFORMER,11919,P M SÃO LUIS/ SECRETARIA DA FAZENDA / SEMFAZ 2026,Alugado,552680,1,2026-04-22 15:31:58,Alugado
82715,51635,TRANSFORMADOR DE 2000 W TRANSFORMER,4029,MOREIA TECNOLOGIA - LOCACOES,Alugado,51179,1,2023-01-02 16:24:00,Alugado
80666,51636,TRANSFORMADOR DE 2000 W TRANSFORMER,11919,P M SÃO LUIS/ SECRETARIA DA FAZENDA / SEMFAZ 2026,Alugado,552680,1,2026-04-22 15:31:58,Alugado
82716,51636,TRANSFORMADOR DE 2000 W TRANSFORMER,4029,MOREIA TECNOLOGIA - LOCACOES,Alugado,51179,1,2023-01-02 16:24:00,Alugado
80667,51637,TRANSFORMADOR DE 2000 W TRANSFORMER,11919,P M SÃO LUIS/ SECRETARIA DA FAZENDA / SEMFAZ 2026,Alugado,552680,1,2026-04-22 15:31:58,Alugado
82717,51637,TRANSFORMADOR DE 2000 W TRANSFORMER,4029,MOREIA TECNOLOGIA - LOCACOES,Alugado,51179,1,2023-01-02 16:24:00,Alugado
80668,51638,TRANSFORMADOR DE 2000 W TRANSFORMER,10400,P M SÃO LUIS/ SECRETARIA DA FAZENDA / SEMFAZ,Alugado,500470,1,2022-12-28 08:30:43,Alugado
82718,51638,TRANSFORMADOR DE 2000 W TRANSFORMER,4029,MOREIA TECNOLOGIA - LOCACOES,Alugado,51179,1,2023-01-02 16:24:00,Alugado
80669,51639,TRANSFORMADOR DE 2000 W TRANSFORMER,11919,P M SÃO LUIS/ SECRETARIA DA FAZENDA / SEMFAZ 2026,Alugado,552680,1,2026-04-22 15:31:58,Alugado
82719,51639,TRANSFORMADOR DE 2000 W TRANSFORMER,4029,MOREIA TECNOLOGIA - LOCACOES,Alugado,51179,1,2023-01-02 16:24:00,Alugado
80670,51640,TRANSFORMADOR DE 2000 W TRANSFORMER,11919,P M SÃO LUIS/ SECRETARIA DA FAZENDA / SEMFAZ 2026,Alugado,552680,1,2026-04-22 15:31:58,Alugado
82720,51640,TRANSFORMADOR DE 2000 W TRANSFORMER,4029,MOREIA TECNOLOGIA - LOCACOES,Alugado,51179,1,2023-01-02 16:24:00,Alugado
80671,51641,TRANSFORMADOR DE 2000 W TRANSFORMER,11919,P M SÃO LUIS/ SECRETARIA DA FAZENDA / SEMFAZ 2026,Alugado,552680,1,2026-04-22 15:31:58,Alugado
82721,51641,TRANSFORMADOR DE 2000 W TRANSFORMER,4029,MOREIA TECNOLOGIA - LOCACOES,Alugado,51179,1,2023-01-02 16:24:00,Alugado
80672,51642,TRANSFORMADOR DE 2000 W TRANSFORMER,11919,P M SÃO LUIS/ SECRETARIA DA FAZENDA / SEMFAZ 2026,Alugado,552680,1,2026-04-22 15:31:58,Alugado
82722,51642,TRANSFORMADOR DE 2000 W TRANSFORMER,4029,MOREIA TECNOLOGIA - LOCACOES,Alugado,51179,1,2023-01-02 16:24:00,Alugado
80680,51643,TRANSFORMADOR DE 2000 W TRANSFORMER,11919,P M SÃO LUIS/ SECRETARIA DA FAZENDA / SEMFAZ 2026,Alugado,552680,1,2026-04-22 15:31:58,Alugado
82723,51643,TRANSFORMADOR DE 2000 W TRANSFORMER,4029,MOREIA TECNOLOGIA - LOCACOES,Alugado,51179,1,2023-01-02 16:24:00,Alugado
80683,51644,TRANSFORMADOR DE 2000 W TRANSFORMER,10400,P M SÃO LUIS/ SECRETARIA DA FAZENDA / SEMFAZ,Alugado,500470,1,2022-12-28 08:30:43,Alugado
82724,51644,TRANSFORMADOR DE 2000 W TRANSFORMER,4029,MOREIA TECNOLOGIA - LOCACOES,Alugado,51179,1,2023-01-02 16:24:00,Alugado
80684,51645,TRANSFORMADOR DE 2000 W TRANSFORMER,11919,P M SÃO LUIS/ SECRETARIA DA FAZENDA / SEMFAZ 2026,Alugado,552680,1,2026-04-22 15:31:58,Alugado
82725,51645,TRANSFORMADOR DE 2000 W TRANSFORMER,4029,MOREIA TECNOLOGIA - LOCACOES,Alugado,51179,1,2023-01-02 16:24:00,Alugado
80685,51646,TRANSFORMADOR DE 2000 W TRANSFORMER,11919,P M SÃO LUIS/ SECRETARIA DA FAZENDA / SEMFAZ 2026,Alugado,552680,1,2026-04-22 15:31:58,Alugado
82726,51646,TRANSFORMADOR DE 2000 W TRANSFORMER,4029,MOREIA TECNOLOGIA - LOCACOES,Alugado,51179,1,2023-01-02 16:24:00,Alugado
80949,51647,TRANSFORMADOR DE 2000 W TRANSFORMER,3988,"SECRETARIA DE ESTADO DE TURISMO, ESPORTE, CULTURA E CIDADANIA DE MATO GROSSO DO SUL - SETESCC",Alugado,500917,1,2023-02-09 09:14:02,Alugado
82727,51647,TRANSFORMADOR DE 2000 W TRANSFORMER,4029,MOREIA TECNOLOGIA - LOCACOES,Alugado,51179,1,2023-01-02 16:24:00,Alugado
82728,51648,TRANSFORMADOR DE 2000 W TRANSFORMER,4029,MOREIA TECNOLOGIA - LOCACOES,Alugado,51179,1,2023-01-02 16:24:00,Alugado
117839,51648,TRANSFORMADOR 2000VA TRANSFORMER,11933,INSTITUTO DE PREVIDENCIA E ASSISTENCIA DO MUNICIPIO - IPAM 2026,Alugado,551287,1,2026-03-27 11:17:45,Alugado
80866,51649,TRANSFORMADOR DE 2000 W TRANSFORMER,3623,P M DE CRATO - FINANCAS,Alugado,540594,1,2025-09-19 15:36:14,Alugado
82729,51649,TRANSFORMADOR DE 2000 W TRANSFORMER,4029,MOREIA TECNOLOGIA - LOCACOES,Alugado,51179,1,2023-01-02 16:24:00,Alugado
81413,51650,TRANSFORMADOR 2000VA TRANSFORMER,11929,P M DE SAO LUIS -SECRETARIA MUNICIPAL DE MEIO AMBIENTE/ SEMMAM 2026,Alugado,551137,1,2026-03-25 08:45:58,Alugado
82730,51650,TRANSFORMADOR DE 2000 W TRANSFORMER,4029,MOREIA TECNOLOGIA - LOCACOES,Alugado,51179,1,2023-01-02 16:24:00,Alugado
81418,51651,TRANSFORMADOR 2000VA TRANSFORMER,10432,ALUCOM LTDA,Alugado,502493,1,2023-05-26 18:13:30,Alugado
82731,51651,TRANSFORMADOR DE 2000 W TRANSFORMER,4029,MOREIA TECNOLOGIA - LOCACOES,Alugado,51179,1,2023-01-02 16:24:00,Alugado
117840,51651,TRANSFORMADOR 2000VA TRANSFORMER,11933,INSTITUTO DE PREVIDENCIA E ASSISTENCIA DO MUNICIPIO - IPAM 2026,Alugado,551289,1,2026-03-27 12:09:17,Alugado
81416,51654,TRANSFORMADOR 2000VA TRANSFORMER,11923,PM SÃO LUIS / SECRETARIA DE INFORMACAO E TECNOLOGIA - SEMIT 2026,Alugado,550787,1,2026-03-18 15:31:47,Alugado
82734,51654,TRANSFORMADOR DE 2000 W TRANSFORMER,4029,MOREIA TECNOLOGIA - LOCACOES,Alugado,51179,1,2023-01-02 16:24:00,Alugado
81438,51655,TRANSFORMADOR 2000VA TRANSFORMER,11927,P M DE SAO LUIS - PROCURADOR GERAL DO MUNICIPIO/PGM 2026,Alugado,551168,1,2026-03-26 10:01:26,Alugado
82735,51655,TRANSFORMADOR DE 2000 W TRANSFORMER,4029,MOREIA TECNOLOGIA - LOCACOES,Alugado,51179,1,2023-01-02 16:24:00,Alugado
81423,51656,TRANSFORMADOR 2000VA TRANSFORMER,10511,P M DE SAO LUIS - SECRETARIA MUNICIPAL DE URBANISMO E HABITAÇÃO - SEMURH,Devolução,520213,2,2024-08-06 11:01:46,Devolução
82736,51656,TRANSFORMADOR DE 2000 W TRANSFORMER,4029,MOREIA TECNOLOGIA - LOCACOES,Alugado,51179,1,2023-01-02 16:24:00,Alugado
81410,51657,TRANSFORMADOR 2000 VA TRANSFORMER,10510,P M DE SAO LUIS -SECRETARIA MUNICIPAL DE MEIO AMBIENTE/ SEMMAM,Alugado,502491,1,2023-05-26 18:07:50,Alugado
82737,51657,TRANSFORMADOR DE 2000 W TRANSFORMER,10757,UNIVERSIDADE FEDERAL DO CEARÁ - CAMPUS QUIXADÁ,Alugado,512708,1,2024-02-19 08:40:18,Alugado
81419,51658,TRANSFORMADOR 2000VA TRANSFORMER,3983,P M DE BARROQUINHA - ADMINISTRAÇÃO E FINANÇAS,Alugado,531777,1,2025-05-05 17:25:52,Alugado
82738,51658,TRANSFORMADOR DE 2000 W TRANSFORMER,4029,MOREIA TECNOLOGIA - LOCACOES,Alugado,51179,1,2023-01-02 16:24:00,Alugado
81437,51659,TRANSFORMADOR 2000VA TRANSFORMER,11927,P M DE SAO LUIS - PROCURADOR GERAL DO MUNICIPIO/PGM 2026,Alugado,551168,1,2026-03-26 10:01:26,Alugado
82739,51659,TRANSFORMADOR DE 2000 W TRANSFORMER,3500,BASE CAUCAIA - ANTONIO VIEIRA - ROTA LITORAL NORTE,Devolução,551159,2,2026-03-26 09:05:35,Devolução
80861,51660,TRANSFORMADOR DE 2000 W TRANSFORMER,3660,P M DE ACARAPE - SECRETARIA DE SAUDE,Alugado,500827,1,2023-02-01 17:19:59,Alugado
82740,51660,TRANSFORMADOR DE 2000 W TRANSFORMER,4029,MOREIA TECNOLOGIA - LOCACOES,Alugado,51179,1,2023-01-02 16:24:00,Alugado
81415,51661,TRANSFORMADOR 2000VA TRANSFORMER,3149,P M CAMOCIM / SECRETARIA DE SAÚDE,Substituição Alugado,555091,5,2026-06-09 16:27:32,Substituição Alugado
82741,51661,TRANSFORMADOR DE 2000 W TRANSFORMER,4029,MOREIA TECNOLOGIA - LOCACOES,Alugado,51179,1,2023-01-02 16:24:00,Alugado
81411,51662,TRANSFORMADOR 2000VA TRANSFORMER,10673,BASE MOREIA - SÃO LUIS,Devolução,531626,2,2025-04-30 15:10:55,Devolução
82742,51662,TRANSFORMADOR DE 2000 W TRANSFORMER,4029,MOREIA TECNOLOGIA - LOCACOES,Devolução,532662,2,2025-05-15 17:33:25,Devolução
81424,51663,TRANSFORMADOR 2000VA TRANSFORMER,10511,P M DE SAO LUIS - SECRETARIA MUNICIPAL DE URBANISMO E HABITAÇÃO - SEMURH,Devolução,520213,2,2024-08-06 11:01:46,Devolução
82743,51663,TRANSFORMADOR DE 2000 W TRANSFORMER,4029,MOREIA TECNOLOGIA - LOCACOES,Alugado,51179,1,2023-01-02 16:24:00,Alugado
80674,51665,IMPRESSORA MULTIFUNCIONAL LASER HP JET PRO MFP 4103FDW NS BRBSQ7M04P,11919,P M SÃO LUIS/ SECRETARIA DA FAZENDA / SEMFAZ 2026,Alugado,550600,1,2026-03-16 12:05:19,Alugado
82745,51665,IMPRESSORA MULTIFUN LASER HP MFP 4103FDW NS BRBSQ7M04P,4029,MOREIA TECNOLOGIA - LOCACOES,Alugado,51179,1,2023-01-02 16:24:00,Alugado
80675,51666,IMPRESSORA MULTIFUNCIONAL LASER HP JET PRO MFP 4103FDW NS BRBSQ9904H,11919,P M SÃO LUIS/ SECRETARIA DA FAZENDA / SEMFAZ 2026,Alugado,550600,1,2026-03-16 12:05:19,Alugado
82746,51666,IMPRESSORA MULTIFUN LASER HP MFP 4103FDW NS BRBSQ9904H,4029,MOREIA TECNOLOGIA - LOCACOES,Alugado,51179,1,2023-01-02 16:24:00,Alugado
80676,51667,IMPRESSORA MULTIFUNCIONAL LASER HP JET PRO MFP 4103FDW NS BRBSQ980T9,,,Transferência,525357,6,2025-01-09 12:27:02,Transferência
82747,51667,IMPRESSORA MULTIFUN LASER HP MFP 4103FDW NS BRBSQ980T9,4029,MOREIA TECNOLOGIA - LOCACOES,Devolução,518036,2,2024-06-07 16:06:16,Devolução
80677,51668,IMPRESSORA MULTIFUNCIONAL LASER HP JET PRO MFP 4103FDW NS BRBSQ980PV,11919,P M SÃO LUIS/ SECRETARIA DA FAZENDA / SEMFAZ 2026,Alugado,550600,1,2026-03-16 12:05:19,Alugado
82748,51668,IMPRESSORA MULTIFUN LASER HP MFP 4103FDW NS BRBSQ980PV,4029,MOREIA TECNOLOGIA - LOCACOES,Alugado,51179,1,2023-01-02 16:24:00,Alugado
80678,51669,IMPRESSORA MULTIFUNCIONAL LASER HP JET PRO MFP 4103FDW NS BRBSQ980T4,11919,P M SÃO LUIS/ SECRETARIA DA FAZENDA / SEMFAZ 2026,Alugado,550600,1,2026-03-16 12:05:19,Alugado
82749,51669,IMPRESSORA MULTIFUN LASER HP MFP 4103FDW NS BRBSQ980T4,4029,MOREIA TECNOLOGIA - LOCACOES,Alugado,51179,1,2023-01-02 16:24:00,Alugado
80679,51670,IMPRESSORA MULTIFUNCIONAL LASER HP JET PRO MFP 4103FDW NS BRBSQ9904M,11919,P M SÃO LUIS/ SECRETARIA DA FAZENDA / SEMFAZ 2026,Alugado,550600,1,2026-03-16 12:05:19,Alugado
82750,51670,IMPRESSORA MULTIFUN LASER HP MFP 4103FDW NS BRBSQ9904M,4029,MOREIA TECNOLOGIA - LOCACOES,Alugado,51179,1,2023-01-02 16:24:00,Alugado
80182,51671,IMPRESSORA MULTIFUNCIONAL LASER HP JET PRO MFP4103 FDW NS BRBSQ750BR,11919,P M SÃO LUIS/ SECRETARIA DA FAZENDA / SEMFAZ 2026,Alugado,550600,1,2026-03-16 12:05:19,Alugado
82751,51671,IMPRESSORA MULTIFUN LASER HP MFP 4103FDW NS BRBSQ750BR,4029,MOREIA TECNOLOGIA - LOCACOES,Alugado,51179,1,2023-01-02 16:24:00,Alugado
80183,51672,IMPRESSORA MULTIFUNCIONAL LASER HP JET PRO MFP4103 FDW NS BRBSQ7K06Q,11919,P M SÃO LUIS/ SECRETARIA DA FAZENDA / SEMFAZ 2026,Alugado,550600,1,2026-03-16 12:05:19,Alugado
82752,51672,IMPRESSORA MULTIFUN LASER HP MFP 4103FDW NS BRBSQ7K06Q,4029,MOREIA TECNOLOGIA - LOCACOES,Alugado,51179,1,2023-01-02 16:24:00,Alugado
80184,51673,IMPRESSORA MULTIFUNCIONAL LASER HP JET PRO MFP4103 FDW NS BRBSQ7M06G,11919,P M SÃO LUIS/ SECRETARIA DA FAZENDA / SEMFAZ 2026,Alugado,550600,1,2026-03-16 12:05:19,Alugado
82753,51673,IMPRESSORA MULTIFUN LASER HP MFP 4103FDW NS BRBSQ7M06G,4029,MOREIA TECNOLOGIA - LOCACOES,Alugado,51179,1,2023-01-02 16:24:00,Alugado
80185,51674,IMPRESSORA MULTIFUNCIONAL LASER HP JET PRO MFP4103 FDW NS BRBSQ6D0GM,11919,P M SÃO LUIS/ SECRETARIA DA FAZENDA / SEMFAZ 2026,Alugado,550600,1,2026-03-16 12:05:19,Alugado
82754,51674,IMPRESSORA MULTIFUN LASER HP MFP 4103FDW NS BRBSQ6D0GM,4029,MOREIA TECNOLOGIA - LOCACOES,Alugado,51179,1,2023-01-02 16:24:00,Alugado
80186,51675,IMPRESSORA MULTIFUNCIONAL LASER HP JET PRO MFP4103 FDW NS BRBSQ7H06V,11919,P M SÃO LUIS/ SECRETARIA DA FAZENDA / SEMFAZ 2026,Alugado,550600,1,2026-03-16 12:05:19,Alugado
82755,51675,IMPRESSORA MULTIFUN LASER HP MFP 4103FDW NS BRBSQ7H06V,4029,MOREIA TECNOLOGIA - LOCACOES,Alugado,51179,1,2023-01-02 16:24:00,Alugado
80187,51676,IMPRESSORA MULTIFUNCIONAL LASER HP JET PRO MFP4103 FDW NS BRBSQ7105W,11919,P M SÃO LUIS/ SECRETARIA DA FAZENDA / SEMFAZ 2026,Alugado,550600,1,2026-03-16 12:05:19,Alugado
82756,51676,IMPRESSORA MULTIFUN LASER HP MFP 4103FDW NS BRBSQ7105W,4029,MOREIA TECNOLOGIA - LOCACOES,Alugado,51179,1,2023-01-02 16:24:00,Alugado
80188,51677,IMPRESSORA MULTIFUNCIONAL LASER HP JET PRO MFP4103 FDW NS BRBSQ7M0CT,11919,P M SÃO LUIS/ SECRETARIA DA FAZENDA / SEMFAZ 2026,Alugado,550600,1,2026-03-16 12:05:19,Alugado
82757,51677,IMPRESSORA MULTIFUN LASER HP MFP 4103FDW NS BRBSQ7M0CT,4029,MOREIA TECNOLOGIA - LOCACOES,Alugado,51179,1,2023-01-02 16:24:00,Alugado
80189,51678,IMPRESSORA MULTIFUNCIONAL LASER HP JET PRO MFP4103 FDW NS BRBSQ6D07K,11919,P M SÃO LUIS/ SECRETARIA DA FAZENDA / SEMFAZ 2026,Alugado,550600,1,2026-03-16 12:05:19,Alugado
82758,51678,IMPRESSORA MULTIFUN LASER HP MFP 4103FDW NS BRBSQ6D07K,4029,MOREIA TECNOLOGIA - LOCACOES,Alugado,51179,1,2023-01-02 16:24:00,Alugado
80190,51679,IMPRESSORA MULTIFUNCIONAL LASER HP JET PRO MFP4103 FDW NS BRBSQ760PB,11919,P M SÃO LUIS/ SECRETARIA DA FAZENDA / SEMFAZ 2026,Alugado,550600,1,2026-03-16 12:05:19,Alugado
82759,51679,IMPRESSORA MULTIFUN LASER HP MFP 4103FDW NS BRBSQ760PB,4029,MOREIA TECNOLOGIA - LOCACOES,Alugado,51179,1,2023-01-02 16:24:00,Alugado
80191,51680,IMPRESSORA MULTIFUNCIONAL LASER HP JET PRO MFP4103 FDW NS BRBSQ7510X,11919,P M SÃO LUIS/ SECRETARIA DA FAZENDA / SEMFAZ 2026,Alugado,550600,1,2026-03-16 12:05:19,Alugado
82760,51680,IMPRESSORA MULTIFUN LASER HP MFP 4103FDW NS BRBSQ7510X,4029,MOREIA TECNOLOGIA - LOCACOES,Alugado,51179,1,2023-01-02 16:24:00,Alugado
80195,51681,IMPRESSORA MULTIFUNCIONAL LASER JET PRO MFP4103 FDW NS BRBSQ7H06M,11919,P M SÃO LUIS/ SECRETARIA DA FAZENDA / SEMFAZ 2026,Alugado,550600,1,2026-03-16 12:05:19,Alugado
82761,51681,IMPRESSORA MULTIFUN LASER HP MFP 4103FDW NS BRBSQ7H06M,4029,MOREIA TECNOLOGIA - LOCACOES,Alugado,51179,1,2023-01-02 16:24:00,Alugado
80193,51682,IMPRESSORA MULTIFUNCIONAL LASER JET PRO MFP4103 FDW NS BRBSQ7H060,11919,P M SÃO LUIS/ SECRETARIA DA FAZENDA / SEMFAZ 2026,Alugado,550600,1,2026-03-16 12:05:19,Alugado
82762,51682,IMPRESSORA MULTIFUN LASER HP MFP 4103FDW NS BRBSQ7H060,4029,MOREIA TECNOLOGIA - LOCACOES,Alugado,51179,1,2023-01-02 16:24:00,Alugado
80194,51683,IMPRESSORA MULTIFUNCIONAL LASER JET PRO MFP4103 FDW NS BRBSQ7D0J1,11919,P M SÃO LUIS/ SECRETARIA DA FAZENDA / SEMFAZ 2026,Alugado,550600,1,2026-03-16 12:05:19,Alugado
82763,51683,IMPRESSORA MULTIFUN LASER HP MFP 4103FDW NS BRBSQ7D0J1,4029,MOREIA TECNOLOGIA - LOCACOES,Alugado,51179,1,2023-01-02 16:24:00,Alugado
80196,51684,IMPRESSORA MULTIFUNCIONAL LASER JET PRO MFP4103 FDW NS BRBSQ6D0GS,11919,P M SÃO LUIS/ SECRETARIA DA FAZENDA / SEMFAZ 2026,Alugado,550600,1,2026-03-16 12:05:19,Alugado
82764,51684,IMPRESSORA MULTIFUN LASER HP MFP 4103FDW NS BRBSQ6D0GS,4029,MOREIA TECNOLOGIA - LOCACOES,Alugado,51179,1,2023-01-02 16:24:00,Alugado
80197,51685,IMPRESSORA MULTIFUNCIONAL LASER HP JET PRO MFP4103 FDW NS BRBSQ7M07L,11919,P M SÃO LUIS/ SECRETARIA DA FAZENDA / SEMFAZ 2026,Substituição Alugado,553902,5,2026-05-15 11:58:41,Substituição Alugado
82765,51685,IMPRESSORA MULTIFUN LASER HP MFP 4103FDW NS BRBSQ7M07L,4029,MOREIA TECNOLOGIA - LOCACOES,Alugado,51179,1,2023-01-02 16:24:00,Alugado
80378,51688,MICRO CORE I5 4GB HD 500,3622,ALUCOM LOCACOES,Devolução,531460,2,2025-04-27 17:30:35,Devolução
80462,51688,MICRO CORE I5 4GB HD 500,2644,P M DE CAUCAIA / IMAC,Substituição Alugado,547219,5,2026-01-13 11:37:47,Substituição Alugado
80463,51694,IMPRESSORA CANON JATO DE TINTA G4111 NS KLWE07932,3500,BASE CAUCAIA - ANTONIO VIEIRA - ROTA LITORAL NORTE,Devolução,505308,2,2023-08-18 14:51:50,Devolução
122678,51694,IMPRESSORA CANON JATO DE TINTA G4111 NS KLWE07932,10583,P M INDEPENDENCIA/ SECRETARIA DE EDUCAÇÃO,Substituição Devolução,507932,3,2023-10-19 08:11:27,Substituição Devolução
80396,51699,IMPRESSORA JATO DE TINTA CANON G3110 NS KMVF43851,3622,ALUCOM LOCACOES,Devolução,525845,2,2025-01-20 08:14:02,Devolução
125597,51699,IMPRESSORA JATO DE TINTA CANON G3110 NS KMVF43851,3131,P.M DE CAUCAIA - SAÚDE - UBS TECLA GONZAGA SALES,Substituição Alugado,537512,5,2025-07-30 09:58:10,Substituição Alugado
80682,51702,IMPRESSORA MULTIFUNCIONAL LASER HP JET PRO MFP 4103FDW NS BRBSQ980PG,10508,P M DE SAO LUIS - SECRETARIA MUNICIPAL DE COMUNICACAO/SECOM,Devolução,520212,2,2024-08-06 10:53:11,Devolução
82768,51702,IMPRESSORA MULTIFUN LASER HP MFP 4103FDW NS BRBSQ980PG,4029,MOREIA TECNOLOGIA - LOCACOES,Alugado,51179,1,2023-01-02 16:24:00,Alugado
143524,51702,MULTIFUNCIONAL LASER HP JET PRO MFP 4103FDW NS BRBSQ980PG,4539,P M DE SAO LUIS  - SECRETARIA MUNIC DA CRIANCA E ASSIST SOCIAL  - SEMCAS,Alugado,522978,1,2024-10-18 12:00:44,Alugado
81544,51703,IMPRESSORA MULTIFUN LASER HP MFP 4103FDW NS BRBSQ99046,11929,P M DE SAO LUIS -SECRETARIA MUNICIPAL DE MEIO AMBIENTE/ SEMMAM 2026,Alugado,551137,1,2026-03-25 08:45:58,Alugado
82769,51703,IMPRESSORA MULTIFUN LASER HP MFP 4103FDW NS BRBSQ99046,4029,MOREIA TECNOLOGIA - LOCACOES,Alugado,51179,1,2023-01-02 16:24:00,Alugado
81539,51704,IMPRESSORA MULTIFUN LASER HP MFP 4103FDW NS BRBSQ9902N,11929,P M DE SAO LUIS -SECRETARIA MUNICIPAL DE MEIO AMBIENTE/ SEMMAM 2026,Alugado,551137,1,2026-03-25 08:45:58,Alugado
82770,51704,IMPRESSORA MULTIFUN LASER HP MFP 4103FDW NS BRBSQ9902N,4029,MOREIA TECNOLOGIA - LOCACOES,Alugado,51179,1,2023-01-02 16:24:00,Alugado
81540,51707,IMPRESSORA MULTIFUN LASER HP MFP 4103FDW NS BRBSQ99045,11929,P M DE SAO LUIS -SECRETARIA MUNICIPAL DE MEIO AMBIENTE/ SEMMAM 2026,Alugado,551137,1,2026-03-25 08:45:58,Alugado
82773,51707,IMPRESSORA MULTIFUN LASER HP MFP 4103FDW NS BRBSQ99045,4029,MOREIA TECNOLOGIA - LOCACOES,Alugado,51179,1,2023-01-02 16:24:00,Alugado
81538,51708,IMPRESSORA MULTIFUN LASER HP MFP 4103FDW NS BRBSQ9706L,11929,P M DE SAO LUIS -SECRETARIA MUNICIPAL DE MEIO AMBIENTE/ SEMMAM 2026,Alugado,551137,1,2026-03-25 08:45:58,Alugado
82774,51708,IMPRESSORA MULTIFUN LASER HP MFP 4103FDW NS BRBSQ9706L,4029,MOREIA TECNOLOGIA - LOCACOES,Alugado,51179,1,2023-01-02 16:24:00,Alugado
81542,51710,IMPRESSORA MULTIFUN LASER HP MFP 4103FDW NS BRBSQ7H0BS,10432,ALUCOM LTDA,Devolução,548635,2,2026-02-11 12:13:41,Devolução
82776,51710,IMPRESSORA MULTIFUN LASER HP MFP 4103FDW NS BRBSQ7H0BS,4029,MOREIA TECNOLOGIA - LOCACOES,Devolução,548634,2,2026-02-11 12:13:21,Devolução
127095,51710,MULTIFUNCIONAL LASER MONO HP MFP 4103FDW NS BRBSQ7H0BS,4539,P M DE SAO LUIS  - SECRETARIA MUNIC DA CRIANCA E ASSIST SOCIAL  - SEMCAS,Devolução,548588,2,2026-02-10 15:59:04,Devolução
81535,51711,IMPRESSORA MULTIFUN LASER HP MFP 4103FDW NS BRBSQ9904P,10673,BASE MOREIA - SÃO LUIS,Alugado,510475,1,2023-12-12 12:32:18,Alugado
82777,51711,IMPRESSORA MULTIFUN LASER HP MFP 4103FDW NS BRBSQ9904P,4029,MOREIA TECNOLOGIA - LOCACOES,Alugado,51179,1,2023-01-02 16:24:00,Alugado
82778,51712,IMPRESSORA MULTIFUN LASER HP MFP 4103FDW NS BRBSQ9904B,4029,MOREIA TECNOLOGIA - LOCACOES,Alugado,51179,1,2023-01-02 16:24:00,Alugado
119769,51712,IMPRESSORA MULTIFUNCIONAL LASER MONO MFP4103FDW NS BRBSQ9904B,11919,P M SÃO LUIS/ SECRETARIA DA FAZENDA / SEMFAZ 2026,Alugado,552680,1,2026-04-22 15:31:58,Alugado
81537,51713,IMPRESSORA MULTIFUN LASER HP MFP 4103FDW NS BRBSQ99044,11929,P M DE SAO LUIS -SECRETARIA MUNICIPAL DE MEIO AMBIENTE/ SEMMAM 2026,Alugado,551137,1,2026-03-25 08:45:58,Alugado
82779,51713,IMPRESSORA MULTIFUN LASER HP MFP 4103FDW NS BRBSQ99044,4029,MOREIA TECNOLOGIA - LOCACOES,Alugado,51179,1,2023-01-02 16:24:00,Alugado
82780,51714,IMPRESSORA MULTIFUN LASER HP MFP 4103FDW NS BRBSQ980VM,4029,MOREIA TECNOLOGIA - LOCACOES,Alugado,51179,1,2023-01-02 16:24:00,Alugado
121185,51714,MULTIFUNCIONAL LASER MONO HP MFP 4103FDW NS BRBSQ980VM,4539,P M DE SAO LUIS  - SECRETARIA MUNIC DA CRIANCA E ASSIST SOCIAL  - SEMCAS,Alugado,515918,1,2024-04-29 12:02:15,Alugado
82781,51715,IMPRESSORA MULTIFUN LASER HP MFP 4103FDW NS BRBSQ9904G,4029,MOREIA TECNOLOGIA - LOCACOES,Alugado,51179,1,2023-01-02 16:24:00,Alugado
121218,51715,MULTIFUNCIONAL LASER MONO HP MFP 4103FDW NS BRBSQ9904G,3895,COMPANHIA DE PARTICIPACAO E GESTAO DE ATIVOS DO CEARA - CEARAPAR,Alugado,505904,1,2023-08-31 13:34:17,Alugado
82783,51717,IMPRESSORA MULTIFUN LASER HP MFP 4103FDW NS BRBSQ9904N,4029,MOREIA TECNOLOGIA - LOCACOES,Alugado,51179,1,2023-01-02 16:24:00,Alugado
121184,51717,MULTIFUNCIONAL LASER MONO HP MFP 4103FDW NS BRBSQ9904N,4539,P M DE SAO LUIS  - SECRETARIA MUNIC DA CRIANCA E ASSIST SOCIAL  - SEMCAS,Substituição Alugado,517604,5,2024-05-28 13:56:25,Substituição Alugado
82784,51718,IMPRESSORA MULTIFUN LASER HP MFP 4103FDW NS BRBSQ9904V,4029,MOREIA TECNOLOGIA - LOCACOES,Alugado,51179,1,2023-01-02 16:24:00,Alugado
121187,51718,MULTIFUNCIONAL LASER MONO HP MFP 4103FDW NS BRBSQ9904V,4539,P M DE SAO LUIS  - SECRETARIA MUNIC DA CRIANCA E ASSIST SOCIAL  - SEMCAS,Substituição Alugado,514093,5,2024-03-21 08:55:43,Substituição Alugado
82785,51719,IMPRESSORA MULTIFUN LASER HP MFP 4103FDW NS BRBSQ980ST,4029,MOREIA TECNOLOGIA - LOCACOES,Alugado,51179,1,2023-01-02 16:24:00,Alugado
139926,51719,IMPRESSORA MULTIFUN LASER HP MFP 4103FDW NS BRBSQ980ST,11919,P M SÃO LUIS/ SECRETARIA DA FAZENDA / SEMFAZ 2026,Alugado,552680,1,2026-04-22 15:31:58,Alugado
82786,51720,IMPRESSORA MULTIFUN LASER HP MFP 4103FDW NS BRBSQ9902H,4029,MOREIA TECNOLOGIA - LOCACOES,Devolução,528613,2,2025-02-28 08:24:10,Devolução
121186,51720,MULTIFUNCIONAL LASER MONO HP MFP 4103FDW NS BRBSQ9902H,4539,P M DE SAO LUIS  - SECRETARIA MUNIC DA CRIANCA E ASSIST SOCIAL  - SEMCAS,Alugado,533463,1,2025-05-23 13:05:35,Alugado
81307,51738,IMPRESSORA MULT. RICOH 3710SF S/N 5179Z910110,3622,ALUCOM LOCACOES,Devolução,531460,2,2025-04-27 17:30:35,Devolução
82787,51738,IMPRESSORA MULT. RICOH 3710SF S/N 5179Z910110,2306,SEC. DE EDUCAÇÃO DE CAUCAIA - ESCOLA ABA TAPEBA EDEIEF - 2014,Substituição Devolução,552414,3,2026-04-16 08:11:33,Substituição Devolução
81460,51746,IMPRESSORA MULTIFUNCIONAL RICOH SP 3510 SF,3856,P M DE QUIXADÁ / SECRETARIA DE SAÚDE,Substituição Devolução,532060,3,2025-05-07 16:03:35,Substituição Devolução
82788,51746,IMPRESSORA LASER MULT RICOH SP 3510 SF,2672,RAFAEL ONORIO - ROTA ZONA NORTE,Devolução,57243,2,2023-05-02 09:19:42,Devolução
81465,51763,IMP.  MULTIFUNCIONAL RICOH SP 3510 SFS/N T333QA01990,3622,ALUCOM LOCACOES,Devolução,531460,2,2025-04-27 17:30:35,Devolução
82789,51763,IMPRESSORA LASER MULT RICOH SP 3510 SF SFS/N T333QA01990,3255,P.M DE CAUCAIA - EDUCAÇÃO ESCOLA TIO MANUEL,Substituição Devolução,515958,3,2024-04-29 16:24:32,Substituição Devolução
81467,51770,IMPRESSORA MULT. RICOH SP-377 SFNWX S/N Y937Q612638,10403,P M ICÓ/ SECRETARIA DE ADMINISTRAÇÃO E FINANÇAS,Devolução,509945,2,2023-11-28 14:31:44,Devolução
126698,51770,MULTIFUNCIONAL LASER MONO RICOH SP-377 SFNWX NS Y937Q612638,2322,SEC. DE EDUCAÇÃO DE CAUCAIA - ESCOLA OSCAR DE AZEVEDO E SA EEIEF - 2014,Substituição Devolução,523526,3,2024-11-01 12:49:22,Substituição Devolução
80399,51992,"MICRO CORE I5 3.2GHZ, MEMÓRIA 4GB SSD 240",4090,AS SISTEMAS,Devolução,524380,2,2024-11-29 11:23:51,Devolução
139037,51992,"MICRO CORE I5 3.2GHZ, MEMÓRIA 4GB SSD 240",3563,P.M DE ARACATI - SECRETARIA DE PLANEJAMENTO E ADMINISTRAÇÃO,Devolução,524266,2,2024-11-26 12:35:46,Devolução
80410,51997,IMPRESSORA JATO DE TINTA CANON G3110 NS KLPJ93153,3622,ALUCOM LOCACOES,Devolução,531460,2,2025-04-27 17:30:35,Devolução
126331,51997,MULTIFUNCIONAL JATO DE TINTA CANON G3110 NS KLPJ93153,3500,BASE CAUCAIA - ANTONIO VIEIRA - ROTA LITORAL NORTE,Devolução,518767,2,2024-06-25 12:19:23,Devolução
80411,52000,"MICRO CORE I5 3.2GHZ, MEMÓRIA 4GB, HD 500GB, GRAV DVD",3582,P. M. DE BEBERIBE/SECRETARIA DE ASSISTÊNCIA SOCIAL,Devolução,502290,2,2023-05-15 14:45:31,Devolução
119304,52000,"MICRO CORE I5 3.2GHZ, MEMÓRIA 4GB, HD 500GB, GRAV DVD",4090,AS SISTEMAS,Devolução,524976,2,2024-12-19 11:27:23,Devolução
80417,52003,MONITOR LED 19 TRONOS NS 159LRC22037304,3622,ALUCOM LOCACOES,Devolução,531460,2,2025-04-27 17:30:35,Devolução
80558,52003,"MONITOR LED 19"" TRONOS NS 159LRC22037304",134,SINDIONIBUS/ETUFOR,Devolução,538193,2,2025-08-12 13:03:43,Devolução
80424,52009,IMP.  MULTIFUNCIONAL RICOH SP 3510 SF S/N T333QC01846,3875,P M DE BARROQUINHA - SECRETARIA MUNICIPAL DE EDUCACAO,Substituição Devolução,547928,3,2026-01-28 17:01:42,Substituição Devolução
118699,52009,IMP.  MULTIFUNCIONAL RICOH SP 3510 SF S/N T333QC01846,620,P. M. DE BARROQUINHA - SECRETARIA DE EDUCAÇÃO,Devolução,548426,2,2026-02-10 07:56:32,Devolução
80425,52031,IMPRESSORA JATO DE TINTA CANON G3110 NS KMVF39339,3601,MOREIA TECNOLOGIA MANUTENCAO,Devolução,501627,2,2023-03-30 18:29:57,Devolução
82790,52031,IMPRESSORA JATO DE TINTA CANON  G3110 NS KMVF39339,3500,BASE CAUCAIA - ANTONIO VIEIRA - ROTA LITORAL NORTE,Devolução,505308,2,2023-08-18 14:51:50,Devolução
80429,52043,IMPRESSORA JATO DE TINTA CANON G3110 NS KNJF58715,3500,BASE CAUCAIA - ANTONIO VIEIRA - ROTA LITORAL NORTE,Alugado,547763,1,2026-01-27 09:14:34,Alugado
82791,52043,IMPRESSORA JATO DE TINTA CANON G3110 NS KNJF58715,888,P M DE CAUCAIA - SECRETARIA DE EDUCAÇÃO,Substituição Devolução,547358,3,2026-01-15 11:18:44,Substituição Devolução
80431,52045,IMPRESSORA JATO DE TINTA CANON G3110 NS KNJF58726,4359,P.M DE CAUCAIA - SAÚDE - UBS PLANALTO CAUIPE,Substituição Alugado,546686,5,2025-12-30 09:48:31,Substituição Alugado
82792,52045,IMPRESSORA JATO DE TINTA CANON G3110 NS KNJF58726,888,P M DE CAUCAIA - SECRETARIA DE EDUCAÇÃO,Substituição Devolução,542887,3,2025-10-30 08:10:48,Substituição Devolução
80432,52046,IMPRESSORA JATO DE TINTA CANON G3110 NS KNJF58709,3622,ALUCOM LOCACOES,Devolução,531460,2,2025-04-27 17:30:35,Devolução
82793,52046,IMPRESSORA JATO DE TINTA CANON G3110 NS KNJF58709,10394,PM CRATO/PROCURADORIA GERAL,Substituição Alugado,552768,5,2026-04-24 10:30:20,Substituição Alugado
80433,52047,IMPRESSORA JATO DE TINTA CANON G3110 NS KNJF58716,3622,ALUCOM LOCACOES,Devolução,531460,2,2025-04-27 17:30:35,Devolução
82794,52047,IMPRESSORA JATO DE TINTA CANON G3110 NS KNJF58716,2571,P M DE CAMOCIM/ SECRETARIA DE PESCA AGRIC. E REC. HÍDRICOS,Substituição Devolução,555087,3,2026-06-09 16:27:18,Substituição Devolução
80437,52051,IMPRESSORA JATO DE TINTA CANON G3110 NS KNJF58733,3622,ALUCOM LOCACOES,Devolução,531460,2,2025-04-27 17:30:35,Devolução
82795,52051,IMPRESSORA JATO DE TINTA CANON G3110 NS KNJF58733,3560,"P.M DE BATURITE , SECRETARIA DE SAUDE",Alugado,53582,1,2023-04-05 10:55:16,Alugado
80441,52054,IMPRESSORA JATO DE TINTA CANON G3110 NS KNJF58757,3622,ALUCOM LOCACOES,Devolução,531460,2,2025-04-27 17:30:35,Devolução
82796,52054,IMPRESSORA JATO DE TINTA CANON G3110 NS KNJF58757,3560,"P.M DE BATURITE , SECRETARIA DE SAUDE",Alugado,53582,1,2023-04-05 10:55:16,Alugado
80442,52055,IMPRESSORA JATO DE TINTA CANON G3110 NS KNJF58714,3622,ALUCOM LOCACOES,Devolução,531460,2,2025-04-27 17:30:35,Devolução
82797,52055,IMPRESSORA JATO DE TINTA CANON G3110 NS KNJF58714,11737,PM AQUIRAZ / SEC SAUDE_UBS BATOQUE-20252208.12,Substituição Alugado,555299,5,2026-06-15 08:48:18,Substituição Alugado
80440,52060,IMPRESSORA JATO DE TINTA CANON G4111 NS KLWE15464,3622,ALUCOM LOCACOES,Devolução,531460,2,2025-04-27 17:30:35,Devolução
124734,52060,IMPRESSORA JATO DE TINTA CANON G4111 NS KLWE15464,3571,P.M DE CAUCAIA - EDUCAÇÃO - ESCOLA NEDI NOVO SÃO MIGUEL,Substituição Alugado,508319,5,2023-10-25 08:49:38,Substituição Alugado
80579,52065,IMPRESSORA JATO DE TINTA CANON G4111 NS KLWE11084,3500,BASE CAUCAIA - ANTONIO VIEIRA - ROTA LITORAL NORTE,Devolução,523055,2,2024-10-21 17:59:17,Devolução
124517,52065,IMPRESSORA JATO DE TINTA CANON G4111 NS KLWE11084,3678,P M DE CASCAVEL - SECRETARIA DE ASSISTENCIA SOCIAL / ADMINISTRACAO,Substituição Devolução,520804,3,2024-08-19 15:15:09,Substituição Devolução
80445,52066,MONITOR LED 19,3622,ALUCOM LOCACOES,Devolução,531460,2,2025-04-27 17:30:35,Devolução
80580,52066,"MONITOR LED 19"" TRONOS NS 159LRC22037362",4377,P M DE CAUCAIA / SECRETARIA DE SAÚDE - CLINICA DO HOMEM,Substituição Alugado,520525,5,2024-08-13 11:07:57,Substituição Alugado
80446,52067,MONITOR LED 19,3622,ALUCOM LOCACOES,Devolução,531460,2,2025-04-27 17:30:35,Devolução
80581,52067,"MONITOR LED 19"" TRONOS NS 159LRC22036980",3500,BASE CAUCAIA - ANTONIO VIEIRA - ROTA LITORAL NORTE,Alugado,50602,1,2022-12-14 09:59:00,Alugado
80448,52069,MONITOR LED 19,3622,ALUCOM LOCACOES,Devolução,531460,2,2025-04-27 17:30:35,Devolução
80583,52069,"MONITOR LED 19"" TRONOS NS 159LRC22037301",888,P M DE CAUCAIA - SECRETARIA DE EDUCAÇÃO,Alugado,51599,1,2022-12-28 23:00:00,Alugado
80449,52070,MONITOR LED 19,3622,ALUCOM LOCACOES,Devolução,531460,2,2025-04-27 17:30:35,Devolução
80584,52070,"MONITOR LED 19"" TRONOS NS 159LRC22037365",3560,"P.M DE BATURITE , SECRETARIA DE SAUDE",Alugado,52706,1,2023-02-28 16:35:33,Alugado
80586,52073,IMPRESSORA JATO DE TINTA CANON G3111 S/N KLTP 55830,888,P M DE CAUCAIA - SECRETARIA DE EDUCAÇÃO,Substituição Alugado,555759,5,2026-06-22 11:51:15,Substituição Alugado
81022,52073,IMPRESSORA JATO DE TINTA CANON G3111 S/N KLTP 55830,2579,P M DE CAMOCIM / SECRETARIA DE TURISMO,Substituição Devolução,555058,3,2026-06-09 16:23:03,Substituição Devolução
80590,52089,IMPRESSORA JATO DE TINTA CANON G3110 NS KMVF39440,4029,MOREIA TECNOLOGIA - LOCACOES,Alugado,53642,1,2023-02-10 23:00:00,Alugado
80975,52089,IMPRESSORA JATO DE TINTA CANON G3110 NS KMVF39440,2298,P. M. DO CRATO - GABINETE DO PREFEITO,Substituição Alugado,524833,5,2024-12-17 14:17:27,Substituição Alugado
80461,52091,IMPRESSORA MULT. LASER BROTHER MFC 9130CW S/N U63479C7J961711,3855,P M DE QUIXADÁ / DEMUTRAN,Devolução,501908,2,2023-04-20 11:42:17,Devolução
125811,52091,MULTIFUNCIONAL LASER MONO BROTHER MFC 9130CW S/N U63479C7J961711,1633,DINJET DANTAS INDUSTRIA DE INJETADOS LTDA,Substituição Devolução,517458,3,2024-05-27 09:29:55,Substituição Devolução
80478,52106,IMPRESSORA MULT CANON LASER MF445 DW NS 2TC28027,3770,INSTITUTO DE GESTÃO E CIDADANIA - UNIDADE FORTALEZA/ESCRITORIO,Substituição Devolução,515586,3,2024-04-23 13:27:37,Substituição Devolução
133414,52106,MULTIFUNCIONAL LASER MONO CANON MF445 DW NS 2TC28027,2581,P M CAMOCIM / SECRETARIA DE GESTÃO ADM - CONTABILIDADE,Devolução,528291,2,2025-02-21 08:36:27,Devolução
80483,52108,MICRO CORE I5 4GB HD 500 C/LEITOR DE CARTAO ,3622,ALUCOM LOCACOES,Devolução,531460,2,2025-04-27 17:30:35,Devolução
124538,52108,"MICRO I3 4GB RAM, HD 500 C/LEITOR DE CARTAO",11870,P M ACOPIARA/ SECRETARIA DE INFRAESTRUTURA 2026,Alugado,549728,1,2026-03-03 17:25:06,Alugado
80510,52113,IMPRESSORA JATO DE TINTA CANON G3111 SN  KMYF10042,3622,ALUCOM LOCACOES,Devolução,531460,2,2025-04-27 17:30:35,Devolução
82798,52113,IMPRESSORA JATO DE TINTA CANON G3111 SN  KMYF10042,3500,BASE CAUCAIA - ANTONIO VIEIRA - ROTA LITORAL NORTE,Devolução,509811,2,2023-11-24 15:05:01,Devolução
80618,52119,MONITOR LED 21,4029,MOREIA TECNOLOGIA - LOCACOES,Devolução,543830,2,2025-11-11 16:06:57,Devolução
117911,52119,"MONITOR LED 21,5"" AOC NS GYVL6XA008345",3841,P M DE ARATUBA - SECRETARIA DE ASSISTENCIA SOCIAL,Devolução,544451,2,2025-11-17 15:23:23,Devolução
80625,52144,ESTABILIZADOR 500VA BEM LIGADO,3967,ALUCOM LOCACOES,Alugado,512735,1,2024-02-20 09:44:15,Alugado
129522,52144,ESTABILIZADOR 500VA BEM LIGADO S/N,888,P M DE CAUCAIA - SECRETARIA DE EDUCAÇÃO,Substituição Alugado,513139,5,2024-02-29 16:01:58,Substituição Alugado
80626,52145,ESTABILIZADOR 500VA BEM LIGADO,3967,ALUCOM LOCACOES,Alugado,512735,1,2024-02-20 09:44:15,Alugado
129523,52145,ESTABILIZADOR 500VA BEM LIGADO S/N,888,P M DE CAUCAIA - SECRETARIA DE EDUCAÇÃO,Substituição Alugado,513125,5,2024-02-29 15:54:25,Substituição Alugado
80627,52146,ESTABILIZADOR 500VA BEM LIGADO,3967,ALUCOM LOCACOES,Alugado,512735,1,2024-02-20 09:44:15,Alugado
129521,52146,ESTABILIZADOR 500VA BEM LIGADO S/N,2318,SEC. DE EDUCAÇÃO DE CAUCAIA - ESCOLA PAULO FERREIRA DA ROCHA EEIEF - 2014,Substituição Alugado,513423,5,2024-03-06 16:21:10,Substituição Alugado
80712,52153,TRANSFORMADOR 2000 VA TRANSFORMER,3622,ALUCOM LOCACOES,Devolução,531460,2,2025-04-27 17:30:35,Devolução
128983,52153,TRANSFORMADOR 2000 VA TRANSFORMER,10737,UNIVERSIDADE FEDERAL DO CEARÁ - CAMPUS PICI,Alugado,512305,1,2024-01-29 17:54:03,Alugado
80742,52159,ESTABILIZADOR 300 VA ETERNITY,3622,ALUCOM LOCACOES,Devolução,531460,2,2025-04-27 17:30:35,Devolução
81704,52159,ESTABILIZADOR 300 VA ETERNITY,134,SINDIONIBUS/ETUFOR,Alugado,53306,1,2023-03-27 11:47:48,Alugado
81705,52160,IMPRESSORA  LASER RICOH SP 377DNWX NS Y918Q110170,4029,MOREIA TECNOLOGIA - LOCACOES,Devolução,544129,2,2025-11-13 11:27:33,Devolução
121043,52160,IMPRESSORA LASER MONO RICOH SP 377DNWX NS Y918Q110170,3133,P.M DE CAUCAIA - SAÚDE - UBS CENTRO DE SAÚDE DOS INDIOS TAPEBAS- CESIT,Substituição Alugado,548307,5,2026-02-05 11:56:08,Substituição Alugado
80724,52173,IMPRESSORA MULTIFUNCIONAL LASER RICOH 320F NS 5852Z710819,3622,ALUCOM LOCACOES,Devolução,531460,2,2025-04-27 17:30:35,Devolução
127359,52173,MULTIFUNCIONAL LASER MONO RICOH 320F NS 5852Z710819,2455,SEC. DE EDUCAÇÃO DE CAUCAIA - ESCOLA JOSE OLAVO LOPES MOREIRA,Substituição Alugado,511152,5,2023-12-27 17:39:13,Substituição Alugado
80730,52177,ESTABILIZADOR 500VA BEM LIGADO,11709,PM AQUIRAZ/ SECRETARIA DE ADMINISTRAÇÃO E PLANEJAMENTO-20252208.02,Alugado,543704,1,2025-11-11 10:49:48,Alugado
134038,52177,ESTABILIZADOR 500VA BEM LIGADO,3633,P M AQUIRAZ / SECRETARIA DE ADMINISTRACAO (MATHEUS),Devolução,517411,2,2024-05-24 12:28:34,Devolução
81309,52180,IMPRESSORA MULTFUNCIONAL XEROX C7020 A3 COLOR NS 7TX144705,10403,P M ICÓ/ SECRETARIA DE ADMINISTRAÇÃO E FINANÇAS,Devolução,508276,2,2023-10-24 12:10:33,Devolução
81709,52180,IMPRESSORA MULTFUNCIONAL XEROX A3 C7020 COLOR NS 7TX144705,4029,MOREIA TECNOLOGIA - LOCACOES,Devolução,544156,2,2025-11-13 15:03:27,Devolução
81688,52197,IMPRESSORA JATO DE TINTA CANON G3110 NS KNJF08569,3934,P M DE AQUIRAZ/UBASF FACUNDES,Devolução,544027,2,2025-11-12 11:29:42,Devolução
81713,52197,IMPRESSORA JATO DE TINTA CANON G3110 NS KNJF08569,11735,PM AQUIRAZ / SEC SAUDE - UBS CAJUEIRO MINISTRO -20252208.12,Alugado,544037,1,2025-11-12 13:05:10,Alugado
81729,52218,"TV 55"" LG LED SMART 4K NS 212AZGF1B567",4560,IMNA,Alugado,522722,1,2024-10-10 13:27:05,Alugado
138008,52218,"TV 55"" LG LED SMART 4K NS 212AZGF1B567",4463,P M DE FORTALEZA - SECRETARIA MUNICIPAL DA GESTAO REGIONAL - SEGER,Substituição Alugado,534431,5,2025-06-05 09:35:54,Substituição Alugado
80774,52240,IMPRESSORA MULT. RICOH SP-377 SFNWX S/N Y938Z212378,10523,RODRIGUES/RENAN - ROTA LITORIAL LESTE,Devolução,515245,2,2024-04-15 13:44:43,Devolução
133539,52240,MULTIFUNCIONAL LASER MONO RICOH SP-377 SFNWX NS Y938Z212378,2450,SEC. DE EDUCAÇÃO DE CAUCAIA - ESCOLA MONSENHOR ANDRE CAMURCA EEIEF - 2014,Substituição Devolução,553380,3,2026-05-06 15:16:53,Substituição Devolução
80773,52245,IMPRESSORA JATO DE TINTA CANON G3111 S/N KLTP55866,3622,ALUCOM LOCACOES,Devolução,531460,2,2025-04-27 17:30:35,Devolução
122862,52245,IMPRESSORA JATO DE TINTA CANON G3111 NS KLTP55866,888,P M DE CAUCAIA - SECRETARIA DE EDUCAÇÃO,Substituição Devolução,528354,3,2025-02-24 09:24:29,Substituição Devolução
81747,52250,DUPLICADOR RICOH DX 2330 NS D210ZB01075,4029,MOREIA TECNOLOGIA - LOCACOES,Devolução,550371,2,2026-03-12 07:48:09,Devolução
140691,52250,DUPLICADOR RICOH DX 2330 NS D210ZB01075,10586,P M GRANJA/ SECRETARIA DE EDUCAÇÃO,Substituição Devolução,549970,3,2026-03-06 14:27:10,Substituição Devolução
80790,52278,TRANSFORMADOR DE 2000 W TRANSFORMER,10416,FUNDAÇÃO NACIONAL DE SAÚDE - FUNASA/SUEST,Alugado,500697,1,2023-01-19 16:55:00,Alugado
81752,52278,THINKCENTRE CORE I5 8GB RAM SSD 240GB,,,,,,,Sem Movimento
80815,52319,"NOTEBOOK CORE I5 A315 2.5GHZ, MEMÓRIA 4GB, HD 1TB NS NXH3NAL00893989B2D9501",3622,ALUCOM LOCACOES,Devolução,531460,2,2025-04-27 17:30:35,Devolução
126332,52319,"NOTEBOOK I5 A315 2.5GHZ, MEMÓRIA 4GB, HD 1TB NS NXH3NAL00893989B2D9501",4366,P M DE CAUCAIA/SECRETARIA DE EDUCAÇÃO- ATA REG DE  PREÇOS 2021.09.02.01- NOTEBOOK,Substituição Alugado,509767,5,2023-11-23 17:35:02,Substituição Alugado
80826,52327,ESTABILIZADOR 500VA BEM LIGADO NS 06223160300801001099,,,,,,,Sem Movimento
81773,52327,ESTABILIZADOR 500VA  BEM LIGADO,3078,P.M DE CAUCAIA  - SAÚDE - UBS MARIA FERREIRA DO NASCIMENTO,Substituição Alugado,538601,5,2025-08-19 13:16:30,Substituição Alugado
80818,52336,TRANSFORMADOR 1000 VA TRANSFORMER,3622,ALUCOM LOCACOES,Devolução,531460,2,2025-04-27 17:30:35,Devolução
122966,52336,TRANSFORMADOR 2000VA FORCELINE S/N,10629,COLEGIO MILITAR DE FORTALEZA,Alugado,506899,1,2023-09-28 09:35:17,Alugado
80694,52363,TABLET SAMSUNG GALAXY TAB A 128GB NS R52MA15CBLK,,,,,,,Sem Movimento
81795,52363,TABLET SAMSUNG GALAXY TAB A 128GB NS R52MA15CBLK,10391,P M CRATO/ SECRETARIA DE SAÚDE,Substituição Devolução,547811,3,2026-01-27 15:37:24,Substituição Devolução
80835,52375,MICRO CORE I5 8GB HD 1TB C/LEITOR DE CARTAO,3627,P M DE JUAZEIRO - SECRET MUNIC DESENV SOCIAL E TRABALHO - SEDEST,Devolução,533619,2,2025-05-26 17:35:12,Devolução
81802,52375,MICRO CORE I5 8GB HD 1TB C/LEITOR DE CARTAO,4029,MOREIA TECNOLOGIA - LOCACOES,Devolução,533741,2,2025-05-28 12:57:01,Devolução
80872,52419,"MONITOR LED 19"" TRONOS NS 159LRC22036945",3622,ALUCOM LOCACOES,Devolução,531460,2,2025-04-27 17:30:35,Devolução
81835,52419,"MONITOR LED 19"" TRONOS NS 159LRC22036945",4075,P M DE ARACATI - CONTROLADORIA/OUVIDORIA,Alugado,52387,1,2023-02-13 16:46:32,Alugado
80935,52477,NOTEBOOK CORE I5  LENOVO 8GB SSD 256GB NS PE07LVPN,3559,PREFEITURA DE ARACOIABA - SECRETARIA DE SAÚDE,Substituição Alugado,554257,5,2026-05-20 17:05:34,Substituição Alugado
118756,52477,NOTEBOOK CORE I5  LENOVO 8GB SSD 256GB NS PE07LVPN,10899,J SIQUEIRA DE MORAES E CIA LTDA,Devolução,532224,2,2025-05-09 11:59:14,Devolução
81049,52513,ESTABILIZADOR 500VA BEM LIGADO NS 06223160300801001226,3622,ALUCOM LOCACOES,Devolução,531460,2,2025-04-27 17:30:35,Devolução
118767,52513,ESTABILIZADOR 500VA BEM LIGADO NS 06223160300801001226,618,P M DE CAUCAIA/ SECRETARIA DE  FINANÇAS,Alugado,504323,1,2023-07-24 16:27:35,Alugado
81003,52522,DATA SHOW GOLDENTEC NS 39862PJ40319120262,10420,P M ICÓ/ SECRETARIA DE DESENVOLVIMENTO DA AGRICULTURA E RECURSOS HÍDRICOS,Devolução,502805,2,2023-06-14 14:01:10,Devolução
122880,52522,DATA SHOW GOLDENTEC NS 39862PJ40319120262,4444,P M DE CAUCAIA - SECRETARIA DE DESENVOLVIMENTO SOCIAL E TRABALHO - SETEM,Devolução,524108,2,2024-11-21 09:44:53,Devolução
81033,52535,IMPRESSORA JATO DE TINTA CANON G3111 NS KLPJ75521,3622,ALUCOM LOCACOES,Devolução,531460,2,2025-04-27 17:30:35,Devolução
126908,52535,IMPRESSORA JATO DE TINTA CANON G3111 NS KLPJ75521,2108,P. M. DE CAUCAIA - SAÚDE - UBS FRANCISCO FERREIRA DA SILVA,Substituição Devolução,531096,3,2025-04-16 17:13:44,Substituição Devolução
81035,52537,IMPRESSORA JATO DE TINTA CANON G3111 S/N KLTP56012,10583,P M INDEPENDENCIA/ SECRETARIA DE EDUCAÇÃO,Devolução,528889,2,2025-03-11 13:00:58,Devolução
81852,52537,IMPRESSORA JATO DE TINTA CANON G3111 S/N KLTP56012,3888,"P M DE TAUA - SECRETARIA DE POLITICAS DA MULHER, JUVENTUDE, IDOSO,DROGAS E FAMILILA",Substituição Alugado,530844,5,2025-04-12 11:06:08,Substituição Alugado
81027,52539,"MICRO CORE I 5 3.2GHZ, MEMÓRIA 4GB, HD 500GB",10523,RODRIGUES/RENAN - ROTA LITORIAL LESTE,Devolução,513890,2,2024-03-14 12:48:43,Devolução
124725,52539,"MICRO I  3.2GHZ, 4GB RAM, HD 500GB",4094,CLEITON ROCHA - ROTA LITORAL LESTE - ARACATI,Devolução,510348,2,2023-12-08 08:51:05,Devolução
81031,52544,IMPRESSORA MULT BROTHER DCP B-7535DW NS U65526D1N868114,10523,RODRIGUES/RENAN - ROTA LITORIAL LESTE,Devolução,513470,2,2024-03-07 11:33:25,Devolução
138841,52544,IMPRESSORA MULT BROTHER DCP B-7535DW NS U65526D1N868114,2923,PEDRO ALMEIDA - ROTA CARIRI - ACOPIARA,Devolução,520322,2,2024-08-08 09:17:25,Devolução
81591,52567,"NOTEBOOK CORE I3 LENOVO 4GB RAM, SSD 240GB NS PE081FB8",3754,P M DE CASCAVEL - SECRETARIA DE SAUDE/ ATENÇÃO PRIMARIA,Alugado,501430,1,2023-03-21 16:26:15,Alugado
81854,52567,NOTEBOOK CORE I3 LENOVO 4GB RAM,4029,MOREIA TECNOLOGIA - LOCACOES,Alugado,53193,1,2023-03-22 23:00:00,Alugado
81096,52636,ESTABILIZADOR 300 VA ETERNITY,3622,ALUCOM LOCACOES,Devolução,531460,2,2025-04-27 17:30:35,Devolução
81878,52636,ESTABILIZADOR 300 VA ETERNITY,4463,P M DE FORTALEZA - SECRETARIA MUNICIPAL DA GESTAO REGIONAL - SEGER,Alugado,52885,1,2023-03-07 14:31:41,Alugado
81097,52637,ESTABILIZADOR 300 VA ETERNITY,3622,ALUCOM LOCACOES,Devolução,531460,2,2025-04-27 17:30:35,Devolução
81879,52637,ESTABILIZADOR 300 VA ETERNITY,888,P M DE CAUCAIA - SECRETARIA DE EDUCAÇÃO,Substituição Devolução,548292,3,2026-02-05 11:41:45,Substituição Devolução
81099,52639,ESTABILIZADOR 300 VA ETERNITY,3622,ALUCOM LOCACOES,Devolução,531460,2,2025-04-27 17:30:35,Devolução
81880,52639,ESTABILIZADOR 300 VA ETERNITY,4463,P M DE FORTALEZA - SECRETARIA MUNICIPAL DA GESTAO REGIONAL - SEGER,Alugado,52899,1,2023-03-08 11:27:54,Alugado
81882,52641,MICRO CORE I3 4GB HD 500,4029,MOREIA TECNOLOGIA - LOCACOES,Devolução,548880,2,2026-02-19 11:42:27,Devolução
82269,52641,MICRO CORE I3 4GB SSD 240,11830,PM QUIXADA / SECRETARIA DE SAUDE 2026,Alugado,548890,1,2026-02-19 14:37:49,Alugado
81189,52722,ESTABILIZADOR 300 VA ETERNITY,3823,P M DE EUSEBIO/SECRETARIA DE CULTURA E TURISMO,Devolução,511809,2,2024-01-16 10:44:10,Devolução
128058,52722,"MICRO CORE I3 8GB RAM, SSD 120GB",4539,P M DE SAO LUIS  - SECRETARIA MUNIC DA CRIANCA E ASSIST SOCIAL  - SEMCAS,Alugado,515918,1,2024-04-29 12:02:15,Alugado
81198,52731,ESTABILIZADOR 300 VA ETERNITY,3622,ALUCOM LOCACOES,Devolução,531460,2,2025-04-27 17:30:35,Devolução
129038,52731,ESTABILIZADOR 300VA ETERNITY S/N,618,P M DE CAUCAIA/ SECRETARIA DE  FINANÇAS,Substituição Alugado,513491,5,2024-03-07 14:44:34,Substituição Alugado
81252,52746,IMPRESSORA MULT. RICOH SP-377 SFNWX S/N Y937Q611263,2288,SEC. DE EDUCAÇÃO DE CAUCAIA - ESCOLA ALICE MOREIRA DE OLIVEIRA - 2014,Substituição Alugado,551665,5,2026-04-02 14:37:42,Substituição Alugado
117979,52746,IMPRESSORA MULT. RICOH SP-377 SFNWX S/N Y937Q611263,3826,P M DE GRANJA/SECRETARIA DE SAUDE,Substituição Devolução,550779,3,2026-03-18 13:59:01,Substituição Devolução
81320,52750,"MICRO CORE I5 3.2GHZ, MEMÓRIA 4GB, HD 500GB, GRAV DVD",3601,MOREIA TECNOLOGIA MANUTENCAO,Devolução,501604,2,2023-03-30 11:14:20,Devolução
81909,52750,MICRO CORE I5 4GB,3083,P.M DE CAUCAIA - SAÚDE - UBS ERNANDO PIRES DE SOUSA,Substituição Alugado,554641,5,2026-06-01 12:06:38,Substituição Alugado
81256,52756,"MONITOR LCD 18,5 "" AOC S/N KCYH4XA017269",4539,P M DE SAO LUIS  - SECRETARIA MUNIC DA CRIANCA E ASSIST SOCIAL  - SEMCAS,Alugado,525255,1,2025-01-07 16:38:06,Alugado
131872,52756,"MONITOR LED 18,5"" AOC S/N KCYH4XA017269",4544,P M DE SAO LUIS  - SECRETARIA MUNIC DA CRIANCA E ASSIST SOCIAL  - SEMCAS RESERVA,Devolução,525253,2,2025-01-07 16:37:10,Devolução
81934,52806,ESTABILIZADOR 300 VA ETENITY,4029,MOREIA TECNOLOGIA - LOCACOES,Alugado,503077,1,2023-06-20 09:08:39,Alugado
118716,52806,ESTABILIZADOR 300 VA ETENITY,3576,IZZI SOLUÇÕES EM COBRANÇAS E TELEATENDIMENTO LTDA,Alugado,503079,1,2023-06-20 09:15:28,Alugado
81321,52824,SCANNER DE MESA CANON DR-C240 NS HDC01004,11933,INSTITUTO DE PREVIDENCIA E ASSISTENCIA DO MUNICIPIO - IPAM 2026,Alugado,551287,1,2026-03-27 11:17:45,Alugado
81475,52824,SCANNER DE MESA CANON	DR-C240 NS HDC01004,4465,P M DE SAO LUIS -INSTITUTO DE PREVIDENCIA E ASSISTENCIA DO MUNICIPIO - IPAM,Devolução,551172,2,2026-03-26 11:21:05,Devolução
81322,52825,SCANNER DE MESA CANON DR-C240 NS HDC00968,11933,INSTITUTO DE PREVIDENCIA E ASSISTENCIA DO MUNICIPIO - IPAM 2026,Alugado,551287,1,2026-03-27 11:17:45,Alugado
81476,52825,SCANNER DE MESA CANON	DR-C240 NS HDC00968,4465,P M DE SAO LUIS -INSTITUTO DE PREVIDENCIA E ASSISTENCIA DO MUNICIPIO - IPAM,Devolução,551172,2,2026-03-26 11:21:05,Devolução
81323,52826,SCANNER DE MESA CANON DR-C240 NS HDC01005,11933,INSTITUTO DE PREVIDENCIA E ASSISTENCIA DO MUNICIPIO - IPAM 2026,Alugado,551287,1,2026-03-27 11:17:45,Alugado
81488,52826,SCANNER DE MESA CANON	DR-C240 NS HDC01005,4465,P M DE SAO LUIS -INSTITUTO DE PREVIDENCIA E ASSISTENCIA DO MUNICIPIO - IPAM,Devolução,551172,2,2026-03-26 11:21:05,Devolução
81324,52827,SCANNER DE MESA CANON DR-C240 NS HDC01009,3622,ALUCOM LOCACOES,Devolução,531460,2,2025-04-27 17:30:35,Devolução
81477,52827,SCANNER DE MESA CANON	DR-C240 NS HDC01009,4465,P M DE SAO LUIS -INSTITUTO DE PREVIDENCIA E ASSISTENCIA DO MUNICIPIO - IPAM,Alugado,501305,1,2023-03-13 16:48:19,Alugado
81450,52831,IMPRESSORA JATO DE TINTA CANON S/N KLTP55808,3587,P M INDEPENDÊNCIA/FUNDO MUNICIPAL DE SAÚDE,Devolução,527233,2,2025-02-11 09:58:14,Devolução
81951,52831,MICRO CORE I5 4GB HD 500,2358,P. M. DE INDEPENDÊNCIA - SEC. DE SAÚDE - HOSPITAL,Devolução,527295,2,2025-02-11 10:35:14,Devolução
81328,52841,IMPRESSORA MULTIFUNCIONAL LASER KYOCERA ECOSYS M2040DN NS VR92403101,10432,ALUCOM LTDA,Alugado,509441,1,2023-11-17 09:33:18,Alugado
126843,52841,MULTIFUNCIONAL LASER MONO KYOCERA ECOSYS M2040DN/L NS VR92403101,11933,INSTITUTO DE PREVIDENCIA E ASSISTENCIA DO MUNICIPIO - IPAM 2026,Substituição Alugado,553231,5,2026-05-04 16:47:41,Substituição Alugado
131820,52841,MULTIFUNCIONAL LASER MONO KYOCERA ECOSYS M2040DN/L NS VR92403101,10860,MATHEUS - ROTA INHAMUNS - TAUÁ,Alugado,517794,1,2024-06-03 17:47:39,Alugado
81332,52845,IMPRESSORA MULTIFUNCIONAL LASER KYOCERA ECOSYS M2040DN NS VR92403103,10432,ALUCOM LTDA,Alugado,521158,1,2024-08-26 09:11:55,Alugado
139957,52845,IMPRESSORA MULTIFUNCIONAL LASER KYOCERA ECOSYS M2040DN NS VR92403103,10662,ALUCOM - BASE SANTOS DUMONT,Substituição Alugado,521156,5,2024-08-26 09:07:30,Substituição Alugado
81337,52850,IMPRESSORA MULTIFUNCIONAL LASER KYOCERA ECOSYS M2040DN NS VR92403102,10432,ALUCOM LTDA,Alugado,502493,1,2023-05-26 18:13:30,Alugado
117828,52850,IMPRESSORA MULTIFUNCIONAL LASER KYOCERA ECOSYS M2040DN NS VR92403102,11933,INSTITUTO DE PREVIDENCIA E ASSISTENCIA DO MUNICIPIO - IPAM 2026,Alugado,551287,1,2026-03-27 11:17:45,Alugado
81341,52854,IMPRESSORA MULTIFUNCIONAL LASER KYOCERA ECOSYS M2040DN NS VR92906103  ,10432,ALUCOM LTDA,Alugado,502493,1,2023-05-26 18:13:30,Alugado
117830,52854,IMPRESSORA MULTIFUNCIONAL LASER KYOCERA ECOSYS M2040DN NS VR92906103,11593,P M PALMACIA - ADMINISTRAÇÃO,Substituição Alugado,555986,5,2026-06-26 09:16:17,Substituição Alugado
81344,52857,IMPRESSORA MULTIFUNCIONAL LASER KYOCERA ECOSYS M2040DN NS VR92906143,10432,ALUCOM LTDA,Alugado,502493,1,2023-05-26 18:13:30,Alugado
117832,52857,IMPRESSORA MULTIFUNCIONAL LASER KYOCERA ECOSYS M2040DN NS VR92906143,4465,P M DE SAO LUIS -INSTITUTO DE PREVIDENCIA E ASSISTENCIA DO MUNICIPIO - IPAM,Alugado,502494,1,2023-05-29 09:05:04,Alugado
81358,52871,IMPRESSORA MULTIFUNCIONAL LASER KYOCERA ECOSYS M2040DN NS VR92906128,11923,PM SÃO LUIS / SECRETARIA DE INFORMACAO E TECNOLOGIA - SEMIT 2026,Alugado,550787,1,2026-03-18 15:31:47,Alugado
117836,52871,IMPRESSORA MULTIFUNCIONAL LASER KYOCERA ECOSYS M2040DN NS VR92906128,4465,P M DE SAO LUIS -INSTITUTO DE PREVIDENCIA E ASSISTENCIA DO MUNICIPIO - IPAM,Substituição Devolução,537157,3,2025-07-21 17:07:07,Substituição Devolução
81369,52883,IMPRESSORA MULTIFUNCIONAL LASER KYOCERA ECOSYS M2040DN NS VR92805654,10432,ALUCOM LTDA,Alugado,502493,1,2023-05-26 18:13:30,Alugado
117837,52883,MULTIFUNCIONAL LASER KYOCERA ECOSYS M2040DN NS VR92805654,11933,INSTITUTO DE PREVIDENCIA E ASSISTENCIA DO MUNICIPIO - IPAM 2026,Alugado,551287,1,2026-03-27 11:17:45,Alugado
81373,52887,IMPRESSORA MULTIFUNCIONAL LASER KYOCERA ECOSYS M2040DN NS VR92906127,10406,MOREIA TECNOLOGIA,Alugado,501918,1,2023-04-20 16:18:17,Alugado
83065,52887,IMPRESSORA MULTIFUNCIONAL LASER KYOCERA ECOSYS M2040DN NS VR92906127,10480,P M DE CRATO - SECRETARIA MUNICIPAL DE EDUCACAO,Alugado,501921,1,2023-04-20 16:58:51,Alugado
81374,52888,IMPRESSORA MULTIFUNCIONAL LASER KYOCERA ECOSYS M2040DN NS VR92906088,10406,MOREIA TECNOLOGIA,Devolução,546848,2,2026-01-05 16:31:02,Devolução
82263,52888,IMPRESSORA MULTIFUNCIONAL LASER KYOCERA ECOSYS M2040DN NS VR92906088,236,P M DE CAUCAIA / PROCURADORIA,Substituição Alugado,549576,5,2026-03-02 08:46:59,Substituição Alugado
81375,52889,IMPRESSORA MULTIFUNCIONAL LASER KYOCERA ECOSYS M2040DN NS VR92906169,3332,P. M. DE ARACATI - SECRETARIA DE SAÚDE,Substituição Alugado,550475,5,2026-03-12 15:29:20,Substituição Alugado
82207,52889,IMPRESSORA MULTIFUNCIONAL LASER KYOCERA ECOSYS M2040DN NS VR92906169,3869,INSTITUTO DE GESTAO E CIDADANIA - UNIDADE DE ATENÇÃO BASICA DE BATURITÉ,Devolução,535820,2,2025-06-26 15:26:39,Devolução
81382,52891,TRANSFORMADOR 2000VA TRANSFORMER,10432,ALUCOM LTDA,Alugado,502493,1,2023-05-26 18:13:30,Alugado
117841,52891,TRANSFORMADOR 2000VA TRANSFORMER,11933,INSTITUTO DE PREVIDENCIA E ASSISTENCIA DO MUNICIPIO - IPAM 2026,Alugado,551287,1,2026-03-27 11:17:45,Alugado
81391,52900,TRANSFORMADOR 2000VA TRANSFORMER,10432,ALUCOM LTDA,Alugado,502493,1,2023-05-26 18:13:30,Alugado
117842,52900,TRANSFORMADOR 2000VA TRANSFORMER,11933,INSTITUTO DE PREVIDENCIA E ASSISTENCIA DO MUNICIPIO - IPAM 2026,Alugado,551287,1,2026-03-27 11:17:45,Alugado
81380,52909,TRANSFORMADOR 2000VA TRANSFORMER,10432,ALUCOM LTDA,Alugado,502493,1,2023-05-26 18:13:30,Alugado
117843,52909,TRANSFORMADOR 2000VA TRANSFORMER,10672,BASE ALUCOM - SÃO LUIS,Devolução,531241,2,2025-04-22 15:15:15,Devolução
81394,52913,TRANSFORMADOR 2000VA TRANSFORMER,11933,INSTITUTO DE PREVIDENCIA E ASSISTENCIA DO MUNICIPIO - IPAM 2026,Alugado,551287,1,2026-03-27 11:17:45,Alugado
117844,52913,TRANSFORMADOR 2000VA TRANSFORMER,4465,P M DE SAO LUIS -INSTITUTO DE PREVIDENCIA E ASSISTENCIA DO MUNICIPIO - IPAM,Devolução,551276,2,2026-03-27 09:06:32,Devolução
81398,52917,TRANSFORMADOR 2000VA TRANSFORMER,3629,CARLOS OLIVEIRA - ROTA CARIRI - CRATO,Alugado,550247,1,2026-03-10 16:05:38,Alugado
139421,52917,TRANSFORMADOR 2000VA TRANSFORMER,10929,CAMPANHA ITATIRA 2024,Devolução,528074,2,2025-02-18 17:05:21,Devolução
81399,52918,TRANSFORMADOR 2000VA TRANSFORMER,10432,ALUCOM LTDA,Alugado,502493,1,2023-05-26 18:13:30,Alugado
117845,52918,TRANSFORMADOR 2000VA TRANSFORMER,11933,INSTITUTO DE PREVIDENCIA E ASSISTENCIA DO MUNICIPIO - IPAM 2026,Alugado,551287,1,2026-03-27 11:17:45,Alugado
81403,52922,TRANSFORMADOR 2000VA TRANSFORMER,10432,ALUCOM LTDA,Alugado,502493,1,2023-05-26 18:13:30,Alugado
117846,52922,TRANSFORMADOR 2000VA TRANSFORMER,4465,P M DE SAO LUIS -INSTITUTO DE PREVIDENCIA E ASSISTENCIA DO MUNICIPIO - IPAM,Alugado,502494,1,2023-05-29 09:05:04,Alugado
81409,52928,TRANSFORMADOR 2000VA TRANSFORMER,10432,ALUCOM LTDA,Alugado,502493,1,2023-05-26 18:13:30,Alugado
117847,52928,TRANSFORMADOR 2000VA TRANSFORMER,11933,INSTITUTO DE PREVIDENCIA E ASSISTENCIA DO MUNICIPIO - IPAM 2026,Alugado,551287,1,2026-03-27 11:17:45,Alugado
81500,52952,IMPRESSORA MULTIFUNCIONAL LASER KYOCERA ECOSYS M2040DN NS VR92804760,10400,P M SÃO LUIS/ SECRETARIA DA FAZENDA / SEMFAZ,Devolução,518275,2,2024-06-13 10:48:51,Devolução
83074,52952,IMPRESSORA MULT KYOCERA M2040 ECOSYS NS VR92804760,10482,CENTRO DE PREP DE OFICIAIS DA RESERVA E COLEGIO MILITAR DE SAO PAULO,Devolução,521297,2,2024-08-29 10:10:38,Devolução
83115,52952,IMPRESSORA MULT KYOCERA M2040 ECOSYS NS VR92804760,10487,CENTRO DE PREP DE OFICIAIS DA RESERVA E COLEGIO MILITAR DE SAO PAULO,Alugado,501971,1,2023-04-26 11:20:22,Alugado
81501,52953,IMPRESSORA MULTIFUNCIONAL LASER KYOCERA ECOSYS M2040DN NS VR92804764,3653,P M DE JUAZEIRO - SECRETARIA DE ADMINISTRACAO,Devolução,544548,2,2025-11-18 12:38:40,Devolução
83068,52953,IMPRESSORA MULTIFUNCIONAL LASER KYOCERA ECOSYS M2040DN NS VR92804764,3622,ALUCOM LOCACOES,Devolução,531460,2,2025-04-27 17:30:35,Devolução
129239,52953,MULTIFUNCIONAL LASER KYOCERA ECOSYS M2040DN NS VR92804764,10391,P M CRATO/ SECRETARIA DE SAÚDE,Substituição Alugado,544551,5,2025-11-18 12:41:10,Substituição Alugado
81504,52956,IMPRESSORA MULTIFUNCIONAL LASER KYOCERA ECOSYS M2040DN NS VR92805053,10400,P M SÃO LUIS/ SECRETARIA DA FAZENDA / SEMFAZ,Devolução,518275,2,2024-06-13 10:48:51,Devolução
83076,52956,IMPRESSORA MULT KYOCERA M2040 ECOSYS NS VR92805053,10482,CENTRO DE PREP DE OFICIAIS DA RESERVA E COLEGIO MILITAR DE SAO PAULO,Devolução,521297,2,2024-08-29 10:10:38,Devolução
83116,52956,IMPRESSORA MULT KYOCERA M2040 ECOSYS NS VR92805053,10487,CENTRO DE PREP DE OFICIAIS DA RESERVA E COLEGIO MILITAR DE SAO PAULO,Alugado,501971,1,2023-04-26 11:20:22,Alugado
81505,52957,IMPRESSORA MULTIFUNCIONAL LASER KYOCERA ECOSYS M2040DN NS VR92804922,10400,P M SÃO LUIS/ SECRETARIA DA FAZENDA / SEMFAZ,Devolução,518275,2,2024-06-13 10:48:51,Devolução
83077,52957,IMPRESSORA MULT KYOCERA M2040 ECOSYS NS VR92804922,10482,CENTRO DE PREP DE OFICIAIS DA RESERVA E COLEGIO MILITAR DE SAO PAULO,Devolução,521297,2,2024-08-29 10:10:38,Devolução
83117,52957,IMPRESSORA MULT KYOCERA M2040 ECOSYS NS VR92804922,10487,CENTRO DE PREP DE OFICIAIS DA RESERVA E COLEGIO MILITAR DE SAO PAULO,Substituição Devolução,547163,3,2026-01-12 13:06:29,Substituição Devolução
81506,52958,IMPRESSORA MULTIFUNCIONAL LASER KYOCERA ECOSYS M2040DN NS VR92804915,3621,P M AQUIRAZ / SECRETARIA DE EDUCACAO,Devolução,544180,2,2025-11-13 16:31:11,Devolução
83063,52958,IMPRESSORA MULTIFUNCIONAL LASER KYOCERA ECOSYS M2040DN NS VR92804920,11740,PM AQUIRAZ / SEC EDUCAÇÃO - ESCOLA JUSCELINO KUBITSCHEK-20252208.08,Alugado,544182,1,2025-11-13 16:31:25,Alugado
81508,52960,IMPRESSORA MULTIFUNCIONAL LASER KYOCERA ECOSYS M2040DN NS VR92906144,3856,P M DE QUIXADÁ / SECRETARIA DE SAÚDE,Devolução,548876,2,2026-02-19 11:00:44,Devolução
82264,52960,IMPRESSORA MULTIFUNCIONAL LASER KYOCERA ECOSYS M2040DN NS VR92906144,11830,PM QUIXADA / SECRETARIA DE SAUDE 2026,Alugado,548890,1,2026-02-19 14:37:49,Alugado
81511,52962,IMPRESSORA MULTIFUNCIONAL LASER KYOCERA ECOSYS M2040DN NS VR92804909,10406,MOREIA TECNOLOGIA,Alugado,501918,1,2023-04-20 16:18:17,Alugado
83066,52962,IMPRESSORA MULTIFUNCIONAL LASER KYOCERA ECOSYS M2040DN NS VR92804909							,10480,P M DE CRATO - SECRETARIA MUNICIPAL DE EDUCACAO,Alugado,501921,1,2023-04-20 16:58:51,Alugado
81513,52964,IMPRESSORA MULTIFUNCIONAL LASER KYOCERA ECOSYS M2040DN NS VR92804926,10401,P M SÃO LUIS/ SECRETARIA DA FAZENDA- SEMFAZ- RESERVA,Devolução,501933,2,2023-04-24 11:21:30,Devolução
81955,52964,IMPRESSORA MULT KYOCERA M2040 ECOSYS NS VR92804926,4508,P M DE SAO LUIS - SECRETARIA MUNICIPAL DE INFORMACAO E TECNOLOGIA - SEMIT,Alugado,533081,1,2025-05-21 12:56:29,Alugado
133578,52964,MULTIFUNCIONAL LASER MONO KYOCERA M2040 ECOSYS NS VR92804926,2400,EDUCAÇÃO DE CAUCAIA - ESCOLA ANTONIO MIRANDA DE MELO EEIEF - 2014,Substituição Alugado,535331,5,2025-06-17 17:12:59,Substituição Alugado
81514,52965,IMPRESSORA MULTIFUNCIONAL LASER KYOCERA ECOSYS M2040DN NS VR92804927,10406,MOREIA TECNOLOGIA,Alugado,501918,1,2023-04-20 16:18:17,Alugado
83064,52965,IMPRESSORA MULTIFUNCIONAL LASER KYOCERA ECOSYS M2040DN NS VR92804927,10480,P M DE CRATO - SECRETARIA MUNICIPAL DE EDUCACAO,Alugado,501921,1,2023-04-20 16:58:51,Alugado
81515,52966,IMPRESSORA MULTIFUNCIONAL LASER KYOCERA ECOSYS M2040DN NS VR92804930,10432,ALUCOM LTDA,Alugado,501809,1,2023-04-14 17:14:40,Alugado
83021,52966,IMPRESSORA MULT KYOCERA M2040 ECOSYS NS VR92804930,3522,P.M DE CRATO - PREVICRATO,Alugado,53817,1,2023-04-14 17:18:53,Alugado
81516,52967,IMPRESSORA MULTIFUNCIONAL LASER KYOCERA ECOSYS M2040DN NS VR92804770,10432,ALUCOM LTDA,Alugado,501809,1,2023-04-14 17:14:40,Alugado
83022,52967,IMPRESSORA MULT KYOCERA M2040 ECOSYS NS VR92804770,3522,P.M DE CRATO - PREVICRATO,Alugado,53817,1,2023-04-14 17:18:53,Alugado
81517,52968,IMPRESSORA MULTIFUNCIONAL LASER KYOCERA ECOSYS M2040DN NS VR92805055,10494,IP LOCACOES,Devolução,542662,2,2025-10-24 13:49:59,Devolução
83321,52968,IMPRESSORA MULTIFUNCIONAL LASER KYOCERA ECOSYS M2040DN NS VR92805055,3967,ALUCOM LOCACOES,Devolução,542661,2,2025-10-24 13:42:40,Devolução
125413,52968,MULTIFUNCIONAL LASER MONO KYOCERA ECOSYS M2040DN NS VR92805055,618,P M DE CAUCAIA/ SECRETARIA DE  FINANÇAS,Substituição Alugado,542898,5,2025-10-30 08:31:43,Substituição Alugado
81584,53010,IMPRESSORA MULTIFUNCIONAL LASER KYOCERA ECOSYS M2040DN NS VR92805064,4427,P M DE CAUCAIA - SECRETARIA DO GOVERNO - SEGOV,Devolução,549687,2,2026-03-03 13:54:38,Devolução
132969,53010,MULTIFUNCIONAL LASER MONO KYOCERA ECOSYS M2040DN NS VR92805064,3628,P M DE JUAZEIRO  - FINANCAS,Substituição Alugado,554171,5,2026-05-19 16:58:19,Substituição Alugado
134731,53010,MULTIFUNCIONAL LASER MONO KYOCERA ECOSYS M2040DN NS VR92805064,10701,CARTORIO DO 2 OFICIO DE TAUÁ,Devolução,535782,2,2025-06-26 09:07:40,Devolução
81989,53061,ESTABILIZADOR 300 VA  ETERNITY,4029,MOREIA TECNOLOGIA - LOCACOES,Alugado,503368,1,2023-06-27 10:59:34,Alugado
118839,53061,ESTABILIZADOR 300 VA  ETERNITY,4045,ISGH - LEONARDO DA VINCI,Substituição Alugado,544247,5,2025-11-14 09:39:29,Substituição Alugado
82028,53110,MICRO CORE I5 8GB SSD 120GB NS 08223011400802002865,4029,MOREIA TECNOLOGIA - LOCACOES,Alugado,57339,1,2023-05-04 23:00:00,Alugado
83324,53110,MICRO CORE I5 8GB SSD 120GB NS 08223011400802002865,3880,P M DE TAUA - SECRETARIA DE ORCAMENTO E FINANCAS DO MUNICIPIO DE TAUA  - SEFIN,Alugado,502096,1,2023-05-03 17:14:10,Alugado
82067,53150,ESTABILIZADOR 500VA BEM LIGADO NS 11223160300801000280,4029,MOREIA TECNOLOGIA - LOCACOES,Alugado,57890,1,2023-06-01 23:00:00,Alugado
117964,53150,ESTABILIZADOR 500VA BEM LIGADO NS 11223160300801000280,3590,P M DE BEBERIBE/SECRETARIA DE SAÚDE,Devolução,502709,2,2023-06-13 10:29:56,Devolução
81658,53203,TRANSFORMADOR 2000VA TRANSFORMER,10497,CRATO INSTITUTO,Substituição Alugado,502415,5,2023-05-24 09:54:29,Substituição Alugado
125524,53203,TRANSFORMADOR 2000VA FORCELINE,10589,CLAREAR COMERCIO E SERVIÇOS DE MÃO DE OBRA LTDA,Alugado,509097,1,2023-11-09 10:18:15,Alugado
81672,53212,IMPRESSORA JATO DE TINTA CANON G3100 S/N KLWY48142,3924,P M DE AQUIRAZ/UBASF ARAÇAS - PATACAS,Substituição Devolução,510014,3,2023-11-30 08:36:17,Substituição Devolução
117983,53212,IMPRESSORA JATO DE TINTA CANON G3100 S/N KLWY48142,4090,AS SISTEMAS,Substituição Devolução,521080,3,2024-08-22 09:50:52,Substituição Devolução
81682,53220,IMPRESSORA MULTIFUNCIONAL RICOH SP 3510 SF S/N T332Q701766,3622,ALUCOM LOCACOES,Devolução,531460,2,2025-04-27 17:30:35,Devolução
118770,53220,IMPRESSORA MULTIFUNCIONAL RICOH SP 3510 SF S/N T332Q701766,3500,BASE CAUCAIA - ANTONIO VIEIRA - ROTA LITORAL NORTE,Devolução,505308,2,2023-08-18 14:51:50,Devolução
82151,53280,TRANSFORMADOR DE 2000 W SLIM PREMIUM,11715,P M AQUIRAZ/ SECRETARIA DE SERVIÇOS PUBLICOS-20252708.02,Alugado,543583,1,2025-11-10 16:47:21,Alugado
83120,53280,TRANSFORMADOR DE 2000 W SLIM PREMIUM,3672,P M AQUIRAZ / SECRETARIA DE INFRAESTRUTURA - SEINFRA,Devolução,543572,2,2025-11-10 16:35:30,Devolução
82187,53317,NOTEBOOK CORE I7 LENOVO 8GB SSD 256 NS 8S5D10R41287B2CQ19TY3CP,4029,MOREIA TECNOLOGIA - LOCACOES,Alugado,506645,1,2023-09-21 08:46:40,Alugado
122805,53317,NOTEBOOK CORE I7 LENOVO 8GB SSD 256 NS 8S5D10R41287B2CQ19TY3CP,3693,P M DE CASCAVEL - GABINETE/ COMUNICAÇÃO,Alugado,506646,1,2023-09-21 08:48:03,Alugado
82189,53319,NOTEBOOK CORE I7 LENOVO 8GB SSD 256 NS 8S5D10R41287B2CQ19TY2KB,4029,MOREIA TECNOLOGIA - LOCACOES,Alugado,520301,1,2024-08-07 17:41:55,Alugado
139193,53319,NOTEBOOK CORE I7 LENOVO 8GB SSD 256 NS 8S5D10R41287B2CQ19TY2KB,3918,P M DE REDENCAO - SECRETARIA MUNICIPAL DE EDUCACAO,Devolução,555640,2,2026-06-19 11:39:22,Devolução
82331,53359,MICRO CORE I5 4GB HD 500,11452,"P M DE MARANGUAPE SECRETARIA DE AGRIULTURA, PESCA E RECURSOS HIDRICOS - SEAGRI",Substituição Alugado,537152,5,2025-07-21 16:39:53,Substituição Alugado
138391,53359,MICRO I5 4GB HD 500GB,10906,CAMPANHA RERIUTABA 2024,Devolução,527695,2,2025-02-14 16:54:56,Devolução
82392,53420,NOTEBOOK CORE I5 LENOVO 8GB SSD 256 NS PE0ADPNC,4366,P M DE CAUCAIA/SECRETARIA DE EDUCAÇÃO- ATA REG DE  PREÇOS 2021.09.02.01- NOTEBOOK,Substituição Alugado,511977,5,2024-01-18 17:20:20,Substituição Alugado
127070,53420,"NOTEBOOK CORE I5 LENOVO 8GB RAM, SSD 256GB NS PE0ADPNC",3622,ALUCOM LOCACOES,Devolução,531460,2,2025-04-27 17:30:35,Devolução
82876,53557,ESTABILIZADOR 300 VA ETERNITY,2672,RAFAEL ONORIO - ROTA ZONA NORTE,Devolução,513242,2,2024-03-04 16:24:01,Devolução
130023,53557,ESTABILIZADOR 300 VA ETERNITY,3847,TECNICO ALUCOM PAULO RUBENS,Devolução,513353,2,2024-03-06 11:33:37,Devolução
82877,53558,ROTEADOR TENDA WIFI GIGABIT AC1200 5G NS E7883110132005844,4029,MOREIA TECNOLOGIA - LOCACOES,Alugado,504095,1,2023-07-17 17:44:39,Alugado
119283,53558,ROTEADOR TENDA WIFI GIGABIT AC1200 5G NS E7883110132005844,1575,P M DE CAUCAIA / SECRETARIA DE PATRIMÔNIO,Alugado,553447,1,2026-05-06 16:57:46,Alugado
82287,53573,IMPRESSORA MULT. RICOH SP-377 SFNWX S/N Y938Z110008,2341,SEC. DE EDUCAÇÃO DE CAUCAIA - ESCOLA  JOÃO CORDEIRO DE MIRANDA EEIEF - 2014,Substituição Alugado,533982,5,2025-05-29 17:25:05,Substituição Alugado
120132,53573,IMPRESSORA MULT. RICOH SP-377 SFNWX S/N Y938Z110008,2372,SEC. DE EDUCAÇÃO DE CAUCAIA - ESCOLA LUZIA CORREIA SALES - EEIEF - 2014,Substituição Devolução,533662,3,2025-05-27 10:16:02,Substituição Devolução
82847,53667,IMPRESSORA MULT BROTHER DCP B-7535DW NS U65526D9N518035,10389,BASE - ACARAPE / REDENÇÃO,Substituição Alugado,522099,5,2024-09-20 08:49:47,Substituição Alugado
137062,53667,MULTIFUNCIONAL LASER MONO BROTHER DCP B-7535DW NS U65526D9N518035,10877,RAIMUNDA RIBEIRO DOS SANTOS,Substituição Devolução,520051,3,2024-08-02 08:57:40,Substituição Devolução
117721,53691,MICRO CORE I5 8GB SSD 120,3967,ALUCOM LOCACOES,Alugado,507566,1,2023-10-11 10:29:17,Alugado
124026,53691,MICRO CORE I7 24GB RAM SSD 512GB P/VIDEO 8GB 6* GERAÇÃO,10577,ASSEMBLEIA LEGISLATIVA DO ESTADO DO MARANHÃO-ALEMA,Alugado,507568,1,2023-10-11 10:43:22,Alugado
82871,53692,"MONITOR LED 19"" BLUECASE NS 337448063740680",3611,P M DE EUSEBIO - SECRETARIA MUNIC DE OBRAS E SERV PUBLICOS,Substituição Alugado,501830,5,2023-04-18 08:59:29,Substituição Alugado
82971,53692,"MONITOR LED 19"" BLUECASE NS 337448063740680",4029,MOREIA TECNOLOGIA - LOCACOES,Alugado,53884,1,2023-04-18 23:00:00,Alugado
83015,53722,IMPRESSORA JATO DE TINTA CANON G3111 NS KMYF11284,3622,ALUCOM LOCACOES,Devolução,531460,2,2025-04-27 17:30:35,Devolução
121202,53722,IMPRESSORA JATO DE TINTA CANON G3111 NS KMYF11284,4359,P.M DE CAUCAIA - SAÚDE - UBS PLANALTO CAUIPE,Substituição Devolução,546692,3,2025-12-30 10:19:57,Substituição Devolução
83025,53762,MICRO CORE I5 4 GB SSD 120 NS 02223011400502002342,3622,ALUCOM LOCACOES,Devolução,531460,2,2025-04-27 17:30:35,Devolução
83234,53762,MICRO CORE I5 4GGB SSD 120  NS 02223011400502002342,3425,P.M DE MARANGUAPE - SECRETARIA DE ASSISTÊNCIA SOCIAL,Alugado,57118,1,2023-04-26 10:44:47,Alugado
83100,53776,IMPRESSORA MULT. RICOH 3710SF NS 5171Z412982,4029,MOREIA TECNOLOGIA - LOCACOES,Alugado,57148,1,2023-04-27 23:00:00,Alugado
83127,53776,IMPRESSORA MULT. RICOH 3710SF NS 5171Z412982,3844,P M DE CRATO - SECRETARIA MUNICIPAL DE ESPORTE E JUVENTUDE,Alugado,502002,1,2023-04-27 09:15:22,Alugado
83038,53786,"MONITOR LED 19"" BLUECASE NS 35955061177",3622,ALUCOM LOCACOES,Devolução,531460,2,2025-04-27 17:30:35,Devolução
129046,53786,"MONITOR 19"" BLUECASE NS 35955061177",888,P M DE CAUCAIA - SECRETARIA DE EDUCAÇÃO,Substituição Alugado,512578,5,2024-02-08 09:36:11,Substituição Alugado
83105,53790,NOBREAK 1500VA NEW OFFICE SECURITY PLUS,11712,PM DE AQUIRAZ / DEMUTRAN-20252208.15,Alugado,543648,1,2025-11-11 08:42:48,Alugado
124569,53790,NOBREAK 1200 VA  NEW OFFICE SECURITY PLUS,3708,P M AQUIRAZ / GUARDA CIVIL MUNICIPAL,Devolução,543636,2,2025-11-11 08:29:14,Devolução
83122,53852,"MONITOR LED 19"" BLUECASE NS 35955061071",10385,P M BARROQUINHA/ GABINETE DO PREFEITO,Alugado,501989,1,2023-04-26 17:22:54,Alugado
83283,53852,"MONITOR LED 19"" BLUECASE NS 35955061071",4029,MOREIA TECNOLOGIA - LOCACOES,Alugado,57191,1,2023-04-26 23:00:00,Alugado
83123,53853,SCANER DE MESA CANON DR C/240 NS HDC01511,10385,P M BARROQUINHA/ GABINETE DO PREFEITO,Alugado,501989,1,2023-04-26 17:22:54,Alugado
83284,53853,SCANER DE MESA CANON DR C/240 NS HDC01511,4029,MOREIA TECNOLOGIA - LOCACOES,Alugado,57191,1,2023-04-26 23:00:00,Alugado
83106,53854,ESTABILIZADOR 300 VA FORCELINE,3622,ALUCOM LOCACOES,Devolução,531460,2,2025-04-27 17:30:35,Devolução
126990,53854,ESTABILIZADOR 300VA FORCELINE,514,P M DE CAUCAIA / SECRETARIA DE ADMINISTRAÇÃO,Substituição Alugado,510745,5,2023-12-19 09:32:56,Substituição Alugado
83107,53855,ESTABILIZADOR 300 VA FORCELINE S/N/S,3622,ALUCOM LOCACOES,Devolução,531460,2,2025-04-27 17:30:35,Devolução
117987,53855,ESTABILIZADOR 300 VA FORCELINE,3500,BASE CAUCAIA - ANTONIO VIEIRA - ROTA LITORAL NORTE,Alugado,57758,1,2023-05-23 13:26:12,Alugado
83287,53863,"MONITOR LED 19"" BLUECASE NS 35955061543",4029,MOREIA TECNOLOGIA - LOCACOES,Alugado,507246,1,2023-10-05 11:53:18,Alugado
123498,53863,"MONITOR 19"" BLUECASE NS 35955061543",,,,,,,Sem Movimento
83289,53866,MICRO CORE I5 4GB HD 500,1498,P M DE CAUCAIA / AÇÃO SOCIAL - SEDE,Substituição Devolução,520663,3,2024-08-15 08:25:14,Substituição Devolução
142943,53866,MICRO CORE I5 4GB HD 500,3639,P M DE JUAZEIRO - SECRETARIA DA JUVENTUDE - SEJUV,Substituição Alugado,536443,5,2025-07-09 15:52:04,Substituição Alugado
83148,53897,MICRO CORE I5 8 GB SSD 120 NS 08223011400802002570,3892,"P M DE TAUA - SECRETARIA DO TRABALHO , DESENVOLVIMENTO ECONOMICO, TECNOLOGICO,CIENTIFICO E EMPREEDED",Substituição Alugado,511598,5,2024-01-11 10:49:29,Substituição Alugado
83300,53897,MICRO CORE I5 8GB SSD 120 NS 08223011400802002570,4029,MOREIA TECNOLOGIA - LOCACOES,Alugado,57148,1,2023-04-27 23:00:00,Alugado
83150,53899,MICRO CORE I5 8 GB SSD 120 NS 08223011400802002570,11928,P M SÃO LUIS - SECRETARIA DE TRÂNSITO E TRANSPORTES-SMTT 2026,Alugado,550871,1,2026-03-20 09:46:34,Alugado
83302,53899,MICRO CORE I5 8GB SSD 120 NS 08223011400802002859,4029,MOREIA TECNOLOGIA - LOCACOES,Alugado,57148,1,2023-04-27 23:00:00,Alugado
83151,53900,"MICRO I5, 4GB RAM, SSD 120GB NS 08223011400802002570",3691,P M DE MARANGUAPE - SECRETARIA DE ADMINISTRACAO E FINANCAS,Alugado,505361,1,2023-08-21 13:04:01,Alugado
83303,53900,MICRO CORE I5 8GB SSD 120 NS 08223011400802002564,4029,MOREIA TECNOLOGIA - LOCACOES,Alugado,57148,1,2023-04-27 23:00:00,Alugado
83152,53901,MICRO CORE I5 8 GB SSD 120 NS 08223011400802002570,3622,ALUCOM LOCACOES,Devolução,531460,2,2025-04-27 17:30:35,Devolução
83304,53901,MICRO CORE I5 8GB SSD 120 NS 08223011400802002555,4463,P M DE FORTALEZA - SECRETARIA MUNICIPAL DA GESTAO REGIONAL - SEGER,Substituição Alugado,509206,5,2023-11-13 10:02:15,Substituição Alugado
83154,53903,"MONITOR LED 19"" BLUECASE NS 35955061178",3576,IZZI SOLUÇÕES EM COBRANÇAS E TELEATENDIMENTO LTDA,Devolução,513231,2,2024-03-04 14:54:34,Devolução
83308,53903,"MONITOR LED 19"" BLUECASE NS 35955061178",,,,,,,Sem Movimento
83155,53904,"MONITOR LED 19"" BLUECASE NS 35955061180",3841,P M DE ARATUBA - SECRETARIA DE ASSISTENCIA SOCIAL,Devolução,555966,2,2026-06-25 16:40:43,Devolução
83309,53904,"MONITOR LED 19"" BLUECASE NS 35955061180",4029,MOREIA TECNOLOGIA - LOCACOES,Alugado,57148,1,2023-04-27 23:00:00,Alugado
83156,53905,"MONITOR LED 19"" BLUECASE NS 35955060994",3576,IZZI SOLUÇÕES EM COBRANÇAS E TELEATENDIMENTO LTDA,Devolução,503626,2,2023-07-05 16:59:36,Devolução
83310,53905,"MONITOR LED 19"" BLUECASE NS 35955060994",3500,BASE CAUCAIA - ANTONIO VIEIRA - ROTA LITORAL NORTE,Devolução,517823,2,2024-06-04 09:54:07,Devolução
83157,53906,"MONITOR LED 19"" BLUECASE NS 35955061149",3576,IZZI SOLUÇÕES EM COBRANÇAS E TELEATENDIMENTO LTDA,Alugado,502033,1,2023-04-27 13:27:13,Alugado
83311,53906,"MONITOR LED 19"" BLUECASE NS35955061149",4029,MOREIA TECNOLOGIA - LOCACOES,Alugado,57148,1,2023-04-27 23:00:00,Alugado
83158,53907,ESTABILIZADOR 300 VA ETERNITY,2386,SEC. DE EDUCAÇÃO DE CAUCAIA - ESCOLA VERONICA MA. SILVA DE MENEZES - 2014,Substituição Alugado,548437,5,2026-02-10 08:29:16,Substituição Alugado
83312,53907,ESTABILIZADOR 300 VA ETERNITY,4029,MOREIA TECNOLOGIA - LOCACOES,Devolução,548434,2,2026-02-10 08:27:04,Devolução
83159,53908,ESTABILIZADOR 300 VA ETERNITY,3576,IZZI SOLUÇÕES EM COBRANÇAS E TELEATENDIMENTO LTDA,Alugado,502033,1,2023-04-27 13:27:13,Alugado
83313,53908,ESTABILIZADOR 300 VA ETERNITY,4029,MOREIA TECNOLOGIA - LOCACOES,Alugado,57148,1,2023-04-27 23:00:00,Alugado
83163,53909,ESTABILIZADOR 300 VA ETERNITY,3576,IZZI SOLUÇÕES EM COBRANÇAS E TELEATENDIMENTO LTDA,Devolução,513231,2,2024-03-04 14:54:34,Devolução
83314,53909,ESTABILIZADOR 300 VA ETERNITY,4539,P M DE SAO LUIS  - SECRETARIA MUNIC DA CRIANCA E ASSIST SOCIAL  - SEMCAS,Reserva,554103,7,2026-05-19 15:25:21,Reserva
83160,53910,ESTABILIZADOR 300 VA ETERNITY,2274,P M DE CAUCAIA / SEPLAN,Substituição Devolução,555421,3,2026-06-16 12:17:43,Substituição Devolução
83315,53910,ESTABILIZADOR 300 VA ETERNITY,4029,MOREIA TECNOLOGIA - LOCACOES,Devolução,541382,2,2025-10-06 08:09:42,Devolução
83317,53914,IMPRESSORA JATO DE TINTA CANON G3110 NS KLPJ48338,4029,MOREIA TECNOLOGIA - LOCACOES,Alugado,508610,1,2023-10-30 07:54:29,Alugado
124895,53914,IMPRESSORA JATO DE TINTA CANON G3110 NS KLPJ48338,3990,P M DE AQUIRAZ/UBASF SEDE 2 E 3,Substituição Devolução,514446,3,2024-03-28 16:53:41,Substituição Devolução
83238,53924,IMPRESSORA JATO DE TINTA CANON G3111 S/N KNJF58734,3622,ALUCOM LOCACOES,Devolução,531460,2,2025-04-27 17:30:35,Devolução
117996,53924,IMPRESSORA JATO DE TINTA CANON G3110 NS KNJF58734,618,P M DE CAUCAIA/ SECRETARIA DE  FINANÇAS,Alugado,57283,1,2023-05-02 15:09:28,Alugado
83323,53960,TRANSFORMADOR 2000VA SLIM PREMIUM,10493,COMPANHIA DE INFRAESTRUTURA TECNOLOGIA E INOVAÇÃO-CITI,Devolução,502641,2,2023-06-09 16:32:13,Devolução
119040,53960,TRANSFORMADOR 2000VA SLIM PREMIUM,3500,BASE CAUCAIA - ANTONIO VIEIRA - ROTA LITORAL NORTE,Alugado,503686,1,2023-07-07 10:38:29,Alugado
117437,53986,"MONITOR LED 19"" BLUECASE NS 35955060968",4539,P M DE SAO LUIS  - SECRETARIA MUNIC DA CRIANCA E ASSIST SOCIAL  - SEMCAS,Devolução,518569,2,2024-06-20 17:23:59,Devolução
129048,53986,"MONITOR 19"" BLUECASE NS 35955060968",888,P M DE CAUCAIA - SECRETARIA DE EDUCAÇÃO,Devolução,533194,2,2025-05-22 09:37:08,Devolução
117452,53991,IMPRESSORA MULTIFUNCIONAL LASER PANTUM SNS,10497,CRATO INSTITUTO,Substituição Devolução,502414,3,2023-05-24 09:54:29,Substituição Devolução
118024,53991,IMPRESSORA MULTIFUNCIONAL LASER PANTUM SNS,4029,MOREIA TECNOLOGIA - LOCACOES,Devolução,541348,2,2025-10-03 11:47:41,Devolução
117485,54021,ESTABILIZADOR DE TENSÃO 1KVA MICROSOL S/N 5649520022,3723,P M DE CASCAVEL - SECRETARIA DE EDUCAÇÃO/ INFORMATICA,Devolução,506159,2,2023-09-08 11:44:14,Devolução
130646,54021,ESTABILIZADOR 1000VA MICROSOL NS 5649520022,3500,BASE CAUCAIA - ANTONIO VIEIRA - ROTA LITORAL NORTE,Devolução,515676,2,2024-04-25 15:02:47,Devolução
117489,54027,IMPRESSORA MULT. RICOH SP-377 SFNWX S/N Y937Q310334,3622,ALUCOM LOCACOES,Devolução,531460,2,2025-04-27 17:30:35,Devolução
120293,54027,IMPRESSORA MULT. RICOH SP-377 SFNWX S/N Y937Q310334,2906,P M DE CAUCAIA - IPM,Substituição Alugado,556170,5,2026-06-30 10:51:45,Substituição Alugado
117490,54029,IMPRESSORA MULT. RICOH 3710SF S/N 5179Z512544,3629,CARLOS OLIVEIRA - ROTA CARIRI - CRATO,Alugado,543896,1,2025-11-11 17:18:47,Alugado
118721,54029,IMPRESSORA MULT. RICOH 3710SF S/N 5179Z512544,10391,P M CRATO/ SECRETARIA DE SAÚDE,Devolução,543895,2,2025-11-11 17:17:35,Devolução
118036,54031,IMPRESSORA JATO DE TINTA CANON G3110 NS KNJF09192,2828,P M DE CAUCAIA / GABINETE DO PREFEITO,Substituição Devolução,525590,3,2025-01-15 08:31:15,Substituição Devolução
135621,54031,IMPRESSORA JATO DE TINTA CANON G3110 NS KNJF09192,3621,P M AQUIRAZ / SECRETARIA DE EDUCACAO,Substituição Devolução,524774,3,2024-12-16 09:23:48,Substituição Devolução
117503,54053,MICRO CORE I5 8GB SSD 120 NS 08223011400802002862,3622,ALUCOM LOCACOES,Devolução,531460,2,2025-04-27 17:30:35,Devolução
120793,54053,MICRO CORE I5 8GB RAM SSD 120 NS 08223011400802002862,3425,P.M DE MARANGUAPE - SECRETARIA DE ASSISTÊNCIA SOCIAL,Substituição Devolução,545202,3,2025-12-01 09:29:53,Substituição Devolução
117504,54054,MICRO CORE I5 8GB SSD 12 NS 08223011400802002601,4090,AS SISTEMAS,Devolução,524380,2,2024-11-29 11:23:51,Devolução
120574,54054,MICRO CORE I5 8GB SSD 12 NS 08223011400802002601,3332,P. M. DE ARACATI - SECRETARIA DE SAÚDE,Devolução,524107,2,2024-11-21 09:06:46,Devolução
117505,54055,MICRO I5 8GB SSD 120 NS 08223011400802002582,3622,ALUCOM LOCACOES,Devolução,531460,2,2025-04-27 17:30:35,Devolução
120775,54055,MICRO I5 8GB SSD 120 NS 08223011400802002582,2879,P.M DE CAUCAIA - SAÚDE SEDE,Alugado,515317,1,2024-04-16 13:02:02,Alugado
117507,54056,NOTEBOOK CORE I5 LENOVO 8GB SSD128 NS PE072C5X,10496,IP LOCACOES,Alugado,502258,1,2023-05-11 14:30:21,Alugado
117508,54056,NOTEBOOK CORE I5 LENOVO 8GB SSD128 NS PE072C5X,10531,COMPANHIA DE INTELIGENCIA URBANA E SERVICOS SA- URBANTECH,Alugado,503956,1,2023-07-14 16:17:22,Alugado
117509,54057,NOTEBOOK CORE I5 LENOVO 8GB SSD128 NS PE072C61,3967,ALUCOM LOCACOES,Alugado,514151,1,2024-03-21 11:29:56,Alugado
130728,54057,"NOTEBOOK CORE I5 LENOVO 8GB RAM, SSD 128GB NS PE072C61",346,P  M DE  CAUCAIA -  SAUDE SEDE,Substituição Alugado,514153,5,2024-03-21 11:30:22,Substituição Alugado
117517,54067,"MONITOR LED 19"" BLUECASE NS 35955060645",3576,IZZI SOLUÇÕES EM COBRANÇAS E TELEATENDIMENTO LTDA,Devolução,503626,2,2023-07-05 16:59:36,Devolução
119302,54067,"MONITOR LED 19"" BLUECASE NS 35955060645",3500,BASE CAUCAIA - ANTONIO VIEIRA - ROTA LITORAL NORTE,Devolução,523516,2,2024-11-05 10:19:24,Devolução
117520,54071,ESTABILIZADOR 300 VA ETERNITY,3622,ALUCOM LOCACOES,Devolução,531460,2,2025-04-27 17:30:35,Devolução
118771,54071,ESTABILIZADOR 300 VA ETERNITY,3041,P M DE CAUCAIA / AÇÃO SOCIAL - CONSELHO TUTELAR - JUREMA,Alugado,504338,1,2023-07-24 16:41:35,Alugado
80613,54144,ESTABILIZADOR 500VA BEM LIGADO,,,,,,,Sem Movimento
118102,54144,NOTEBOOK CORE I5 ASUS 8GB SSD 256 NS R3N0B602067012F,4157,P.M DE CAUCAIA - SAÚDE  UBS,Substituição Alugado,526872,5,2025-02-05 13:59:05,Substituição Alugado
80614,54145,ESTABILIZADOR 500VA BEM LIGADO,,,,,,,Sem Movimento
118103,54145,NOTEBOOK CORE I5 ASUS 8GB SSD 256 NS R3N0B6020708124,4366,P M DE CAUCAIA/SECRETARIA DE EDUCAÇÃO- ATA REG DE  PREÇOS 2021.09.02.01- NOTEBOOK,Alugado,57611,1,2023-05-15 17:43:03,Alugado
117542,54158,IMPRESSORA JATO DE TINTA CANON G3110 NS KNJF61522,3622,ALUCOM LOCACOES,Devolução,531460,2,2025-04-27 17:30:35,Devolução
118107,54158,IMPRESSORA JATO DE TINTA CANON  G3110 NS KNJF61522,346,P  M DE  CAUCAIA -  SAUDE SEDE,Alugado,57813,1,2023-05-26 09:58:32,Alugado
118121,54176,MICRO CORE I5 8GB HD 1TB,4090,AS SISTEMAS,Devolução,524970,2,2024-12-19 11:06:09,Devolução
118750,54176,MICRO CORE I5 4GB HD 1TB,3686,INSTITUTO GERENCIAMENTO MEDICO IGM-UPA IRMA SILVEIRA CASCAVEL,Substituição Devolução,504086,3,2023-07-17 17:08:02,Substituição Devolução
117543,54191,"MONITOR LCD 18,5 "" LG S/N 907SPLC1E432",3967,ALUCOM LOCACOES,Alugado,508356,1,2023-10-25 11:37:51,Alugado
124756,54191,"MONITOR 18.5"" LG S/N 907SPLC1E432",3376,P.M DE CAUCAIA  - EDUCAÇÃO ESCOLA MARIA SIMONE SEDE,Substituição Alugado,509075,5,2023-11-09 08:49:26,Substituição Alugado
118138,54194,"MICRO CORE I 3 3.2 GHZ, 4 GB, HD 500 GB, GRAV. DE DVD",4029,MOREIA TECNOLOGIA - LOCACOES,Alugado,59181,1,2023-06-08 23:00:00,Alugado
118467,54194,"MICRO CORE I3 4 GB, HD 500 GB, GRAV. DE DVD",10406,MOREIA TECNOLOGIA,Alugado,502603,1,2023-06-07 09:40:24,Alugado
118469,54194,MICRO CORE I3 4GB HD 500,3992,P M CASCAVEL/ SECRETARIA DE SEGURANÇA PUBLICA E CIDADANIA,Alugado,502604,1,2023-06-07 09:42:18,Alugado
119016,54200,"MICRO CORE I7 3.40GHZ, MEMORIA 8GB, HD 1TB, GRAVADORA DVD",3622,ALUCOM LOCACOES,Devolução,531460,2,2025-04-27 17:30:35,Devolução
119070,54200,"MICRO CORE I7 3.40GHZ, MEMORIA 8GB, HD 1TB, GRAVADORA DVD",1958,P. M. DE ACOPIARA - SECRETARIA DE SAÚDE,Devolução,539483,2,2025-09-02 10:47:02,Devolução
122092,54208,"MICRO I7 3.40GHZ, MEMORIA 12GB, HD 1TB, PL VIDEO 1GB",,,,,,,Sem Movimento
135510,54208,"MICRO I7 3.40GHZ, MEMORIA 12GB, HD 1TB, PL VIDEO 1GB",3841,P M DE ARATUBA - SECRETARIA DE ASSISTENCIA SOCIAL,Substituição Devolução,531063,3,2025-04-16 10:14:59,Substituição Devolução
122094,54210,MICRO I3 8GB SSD 240GB,3038,P M DE CAUCAIA / AÇÃO SOCIAL - ABRIGO DOMICILIAR,Substituição Alugado,554648,5,2026-06-01 12:13:46,Substituição Alugado
122838,54210,"MICRO I3 8GB RAM, SSD 240",888,P M DE CAUCAIA - SECRETARIA DE EDUCAÇÃO,Substituição Devolução,543134,3,2025-11-05 09:09:28,Substituição Devolução
117559,54220,IMPRESSORA JATO DE TINTA CANON G4110 NS KLPF57473,3987,MOREIA LOCACOES,Alugado,502355,1,2023-05-19 13:49:25,Alugado
117560,54220,IMPRESSORA JATO DE TINTA CANON G4110 NS KLPF57473,11924,P M DE SAO LUIS - SEC MUNICIPAL DE SEGURANCA COM CIDADANIA - SEMUSC 2026,Alugado,551142,1,2026-03-25 10:43:03,Alugado
117728,54237,"MONITOR LED 15,4"" BLUECASE NS 518426005584",3622,ALUCOM LOCACOES,Devolução,531460,2,2025-04-27 17:30:35,Devolução
118148,54237,"MONITOR LED 15,4"" BLUECASE NS 518426005584",10486,P M DE BATURITE - SECRETARIA DO DESENVOLVIMENTO ECONÔMICO E SOCIAL,Alugado,57767,1,2023-05-24 10:47:05,Alugado
121940,54240,"MONITOR LCD 18,5"" POSITIVO S/N 5A168XR0G",,,,,,,Sem Movimento
130412,54240,"MONITOR LCD 18,5"" POSITIVO S/N 5A168XR0G",3500,BASE CAUCAIA - ANTONIO VIEIRA - ROTA LITORAL NORTE,Devolução,514797,2,2024-04-08 11:13:02,Devolução
123066,54253,"MONITOR 19"" TRONOS NS T190BB6231521NKT2095",,,,,,,Sem Movimento
129822,54253,"MONITOR 19"" TRONOS NS T190BB6231521NKT2095",3500,BASE CAUCAIA - ANTONIO VIEIRA - ROTA LITORAL NORTE,Devolução,519677,2,2024-07-22 16:44:16,Devolução
121918,54255,"MONITOR 19"" BLUECASE NS 2106447450320346",3500,BASE CAUCAIA - ANTONIO VIEIRA - ROTA LITORAL NORTE,Devolução,510869,2,2023-12-20 16:55:50,Devolução
129581,54255,"MONITOR 19"" BLUECASE NS 2106447450320346",10504,SINDICATO DAS EMPRESAS DE TRANSPORTES DE PASSAGEIROS DO ESTADO DO CEARÁ - ETUFOR,Substituição Devolução,527601,3,2025-02-14 08:56:40,Substituição Devolução
119475,54306,"MONITOR LED 17"" PC TOP NS CMP0036152JUN21136MLP170",3605,MOREIA TECNOLOGIA LOCACAO,Alugado,504484,1,2023-07-27 14:06:47,Alugado
121932,54306,"MONITOR 17"" PC TOP NS CMP0036152JUN21136MLP170",3163,MOREIA TECNOLOGIA -  MANUTENÇÃO DE EQUIPAMENTOS,Alugado,508723,1,2023-10-31 14:36:02,Alugado
118163,54316,"MONITOR LCD 18,5 ""  LG S/N 907SPPB1E328",3500,BASE CAUCAIA - ANTONIO VIEIRA - ROTA LITORAL NORTE,Alugado,57758,1,2023-05-23 13:26:12,Alugado
121968,54316,"MONITOR LCD 18,5",,,,,,,Sem Movimento
117551,54321,NOTEBOOK CORE I5 ASUS 8GB SSD 256 NS NAN0B601146341C,11715,P M AQUIRAZ/ SECRETARIA DE SERVIÇOS PUBLICOS-20252708.02,Alugado,543713,1,2025-11-11 11:05:59,Alugado
118166,54321,NOTEBOOK CORE I5 ASUS 8GB SSD 256 NS NAN0B601146341C,4366,P M DE CAUCAIA/SECRETARIA DE EDUCAÇÃO- ATA REG DE  PREÇOS 2021.09.02.01- NOTEBOOK,Substituição Devolução,528009,3,2025-02-18 15:39:16,Substituição Devolução
117553,54323,NOTEBOOK CORE I5 DELL 8GB SSD 256 NS H7KLKW3,3622,ALUCOM LOCACOES,Devolução,531460,2,2025-04-27 17:30:35,Devolução
119207,54323,NOTEBOOK CORE I5 DELL 8GB SSD 256 NS H7KLKW3,4366,P M DE CAUCAIA/SECRETARIA DE EDUCAÇÃO- ATA REG DE  PREÇOS 2021.09.02.01- NOTEBOOK,Substituição Devolução,552584,3,2026-04-20 15:05:24,Substituição Devolução
117572,54342,"MONITOR LED 19"" BLUECASE NS 35955061156",3624,SINDICATO DAS EMPRESAS DE TRANSPORTES DE PASSAGEIROS DO ESTADO DO CEARÁ,Devolução,502514,2,2023-05-30 16:33:08,Devolução
119210,54342,"MONITOR LED 19"" BLUECASE NS 35955061156",3088,P.M DE CAUCAIA - SAÚDE - UBS PEDRO GABRIEL DE OLIVEIRA PQUE LEBLON,Substituição Alugado,534312,5,2025-06-03 17:52:50,Substituição Alugado
122000,54349,MULTIFUNCIONAL LASER MONO,3619,P M AQUIRAZ / GABINETE DO PREFEITO,Devolução,519369,2,2024-07-10 09:36:03,Devolução
136916,54349,MULTIFUNCIONAL LASER MONO DCP 7065 S/N U62712F4N124512,2570,P M CAMOCIM / SECRETARIA DE CULTURA,Substituição Devolução,523294,3,2024-10-28 17:52:43,Substituição Devolução
121973,54352,"MONITOR LCD 18,5"" LG S/N 907SPED1E244",3622,ALUCOM LOCACOES,Devolução,531460,2,2025-04-27 17:30:35,Devolução
126833,54352,"MONITOR 18.5"" LG S/N 907SPED1E24",888,P M DE CAUCAIA - SECRETARIA DE EDUCAÇÃO,Alugado,511366,1,2024-01-04 12:36:50,Alugado
117665,54353,IMPRESSORA BROTHER LASER MONO HL 5452 DN S/N U63257J3N490394,,,,,,,Sem Movimento
122002,54353,IMPRESSORA LASER MONO HL 5452 DN S/N U63257J3N490394,,,,,,,Sem Movimento
117666,54354,IMPRESSORA BROTHER LASER MONO HL 5452 DN S/N U63257J3N490571,,,,,,,Sem Movimento
122003,54354,IMPRESSORA LASER MONO HL 5452 DN S/N U63257J3N490571,,,,,,,Sem Movimento
117667,54355,IMPRESSORA BROTHER LASER MONO HL 5452 DN S/N U63257J3N490522,,,,,,,Sem Movimento
123068,54355,IMPRESSORA LASER MONO BROTHER HL 5452 DN S/N U63257J3N490522,3500,BASE CAUCAIA - ANTONIO VIEIRA - ROTA LITORAL NORTE,Devolução,511483,2,2024-01-09 11:20:07,Devolução
117668,54356,IMPRESSORA BROTHER LASER MONO HL 5452 DN S/N U63257J3N490607,,,,,,,Sem Movimento
122006,54356,IMPRESSORA LASER MONO HL 5452 DN S/N U63257J3N490607,,,,,,,Sem Movimento
117672,54360,IMPRESSORA BROTHER LASER MONO HL 5452 DN S/N U63257J3N494828,,,,,,,Sem Movimento
122010,54360,IMPRESSORA LASER MONO HL 5452 DN S/N U63257J3N494828,3500,BASE CAUCAIA - ANTONIO VIEIRA - ROTA LITORAL NORTE,Devolução,509060,2,2023-11-08 17:33:21,Devolução
118167,54364,LEITOR BIOM…TRICO DIGITAL PERSONA U4500 S/N/S,888,P M DE CAUCAIA - SECRETARIA DE EDUCAÇÃO,Alugado,552874,1,2026-04-24 16:11:44,Alugado
135026,54364,LEITOR BIOMETRICO DIGITAL PERSONA U4500 S/N/S,,,,,,,Sem Movimento
117603,54393,MICRO CORE I5 8GB SSD 120,,,,,,,Sem Movimento
118186,54393,MICRO CORE I5 8GB SSD 120,4029,MOREIA TECNOLOGIA - LOCACOES,Alugado,520960,1,2024-08-20 12:35:46,Alugado
119427,54393,MICRO I5 8GB RAM SSD 120GB NS 08223011400802002552,10391,P M CRATO/ SECRETARIA DE SAÚDE,Alugado,520789,1,2024-08-19 14:20:56,Alugado
117604,54394,ESTABILIZADOR DE 300 ETERNITY,2342,SEC. DE EDUCAÇÃO DE CAUCAIA - ESCOLA JOSE NUNES DE MIRANDA EEEIEF - 2014,Substituição Alugado,530282,5,2025-04-03 16:43:11,Substituição Alugado
118187,54394,ESTABILIZADOR 300VA ETERNITY ,514,P M DE CAUCAIA / SECRETARIA DE ADMINISTRAÇÃO,Devolução,525450,2,2025-01-13 11:25:52,Devolução
117605,54395,MICRO CORE I5 8GB SSD 120,,,,,,,Sem Movimento
118188,54395,"MICRO I5, 4GB RAM, SSD 120GB NS 08223011400802001125",888,P M DE CAUCAIA - SECRETARIA DE EDUCAÇÃO,Alugado,505148,1,2023-08-17 08:39:35,Alugado
117619,54409,MICRO CORE I5 8GB SSD 120,,,,,,,Sem Movimento
118202,54409,MICRO CORE I5 8GB SSD 120,3792,P M DE IGUATU / SECRETARIA DE TRANSITO E MOBILIDADE URBANA,Alugado,510633,1,2023-12-15 12:10:38,Alugado
119054,54409,MICRO I5 8GB RAM SSD 120GB 3A GER. NS 08223011400802002417,3792,P M DE IGUATU / SECRETARIA DE TRANSITO E MOBILIDADE URBANA,Alugado,503731,1,2023-07-07 16:35:28,Alugado
117620,54410,MICRO CORE I5 8GB SSD 120,3967,ALUCOM LOCACOES,Alugado,507566,1,2023-10-11 10:29:17,Alugado
118203,54410,MICRO CORE I7 8GB SSD 120,,,,,,,Sem Movimento
124029,54410,MICRO CORE I7 24GB RAM SSD 512GB P/VIDEO 8GB 6* GERAÇÃO,3748,P M DE CASCAVEL - SECRETARIA DE OBRAS,Substituição Alugado,544766,5,2025-11-21 14:56:12,Substituição Alugado
117624,54414,NOTEBOOK CORE I5 SAMSUNG 8GB SSD256 NS 0A239QBW307039,4366,P M DE CAUCAIA/SECRETARIA DE EDUCAÇÃO- ATA REG DE  PREÇOS 2021.09.02.01- NOTEBOOK,Substituição Alugado,534152,5,2025-06-02 15:01:11,Substituição Alugado
118929,54414,NOTEBOOK CORE I5 SAMSUNG 8GB SSD256 NS 0A239QBW307039,10899,J SIQUEIRA DE MORAES E CIA LTDA,Devolução,532224,2,2025-05-09 11:59:14,Devolução
117638,54421,"MONITOR LED 19"" BLUECASE NS 35955061446",3987,MOREIA LOCACOES,Alugado,503790,1,2023-07-11 07:40:40,Alugado
119093,54421,"MONITOR 19"" BLUECASE, 35955061446",10530,P M JUAZEIRO DO NORTE/ SECRETARIA DE ADMINISTRAÇÃO - SEAD,Alugado,503789,1,2023-07-11 07:29:22,Alugado
117639,54422,"MONITOR LED 19"" BLUECASE NS 35955061438",,,,,,,Sem Movimento
119266,54422,"MONITOR 19"" LED BLUECASE NS 35955061438",3576,IZZI SOLUÇÕES EM COBRANÇAS E TELEATENDIMENTO LTDA,Substituição Devolução,524369,3,2024-11-29 08:54:05,Substituição Devolução
117640,54423,"MONITOR LED 19"" BLUECASE NS 35955061440",,,,,,,Sem Movimento
119056,54423,"MONITOR 19"" LED BLUECASE NS 35955061440",3792,P M DE IGUATU / SECRETARIA DE TRANSITO E MOBILIDADE URBANA,Alugado,503731,1,2023-07-07 16:35:28,Alugado
117648,54431,"MONITOR LED 19"" BLUECASE NS 35955060934",3987,MOREIA LOCACOES,Alugado,503790,1,2023-07-11 07:40:40,Alugado
119092,54431,"MONITOR LED 19"" BLUECASE, 35955060934",10530,P M JUAZEIRO DO NORTE/ SECRETARIA DE ADMINISTRAÇÃO - SEAD,Alugado,503789,1,2023-07-11 07:29:22,Alugado
117650,54433,"MONITOR LED 19"" BLUECASE NS 35955060931",,,,,,,Sem Movimento
119242,54433,"MONITOR LED 19"" BLUECASE NS 35955060931",4546,"FUNDACAO DE CIENCIA,TECNOLOGIA  E INOVACAO DE FORTALEZA - CITINOVA",Substituição Devolução,503969,3,2023-07-17 08:10:43,Substituição Devolução
117652,54435,"MONITOR LED 19"" BLUECASE NS 35955060132",3987,MOREIA LOCACOES,Alugado,503499,1,2023-07-03 09:29:32,Alugado
118913,54435,"MONITOR LED 19"" BLUECASE NS 35955060132",3576,IZZI SOLUÇÕES EM COBRANÇAS E TELEATENDIMENTO LTDA,Alugado,503500,1,2023-07-03 09:32:24,Alugado
117660,54443,"MONITOR LED 19"" BLUECASE NS 35955060336",,,,,,,Sem Movimento
119031,54443,"MONITOR 19"" LED BLUECASE NS 35955061440",618,P M DE CAUCAIA/ SECRETARIA DE  FINANÇAS,Alugado,503685,1,2023-07-07 10:30:12,Alugado
117663,54445,LEITOR CÓDIGO DE BARRAS BEMATECH BR400 S/N G220H504545,,,,,,,Sem Movimento
122101,54445,LEITOR CÓDIGO DE BARRAS BEMATECH BR400 S/N G220H504545,,,,,,,Sem Movimento
117662,54446,LEITOR CÓDIGO DE BARRAS BEMATECH BR400 S/N G220H504263,,,,,,,Sem Movimento
122100,54446,LEITOR CÓDIGO DE BARRAS BEMATECH BR400 S/N G220H504263,,,,,,,Sem Movimento
117664,54447,LEITOR CÓDIGO DE BARRAS BEMATECH BR400 S/N G220H510443,,,,,,,Sem Movimento
122102,54447,LEITOR CÓDIGO DE BARRAS BEMATECH BR400 S/N G220H510443,,,,,,,Sem Movimento
117632,54449,NOTEBOOK CORE I5 SAMSUNG 8GB SSD 256 NS 0A239QCW300411,3967,ALUCOM LOCACOES,Alugado,504290,1,2023-07-24 10:30:01,Alugado
119373,54449,NOTEBOOK CORE I5 SAMSUNG 8GB SSD 256 NS 0A239QCW300411,4469,ELEIÇOES 2022 - COMITÉ CAMILO / ESCRITÓRIO CAMILO SANTANA,Alugado,504291,1,2023-07-24 10:30:22,Alugado
117691,54479,ESTABILIZADOR 300 VA ETERNITY,3967,ALUCOM LOCACOES,Alugado,504178,1,2023-07-18 17:51:25,Alugado
119299,54479,ESTABILIZADOR  300 VA  ETERNITY,4045,ISGH - LEONARDO DA VINCI,Substituição Alugado,504180,5,2023-07-18 17:54:31,Substituição Alugado
117692,54480,ESTABILIZADOR 300 VA ETERNITY,3967,ALUCOM LOCACOES,Alugado,504205,1,2023-07-19 17:15:44,Alugado
119312,54480,ESTABILIZADOR 300 VA ETERNITY,3028,P M DE CAUCAIA / AÇÃO SOCIAL - CRAS METROPOLE,Substituição Alugado,505502,5,2023-08-23 13:08:55,Substituição Alugado
117697,54484,TRANSFORMADOR 2000VA SLIM PREMIUM,3967,ALUCOM LOCACOES,Devolução,543804,2,2025-11-11 15:27:38,Devolução
126992,54484,TRANSFORMADOR 2000VA SLIM PREMIUM,3500,BASE CAUCAIA - ANTONIO VIEIRA - ROTA LITORAL NORTE,Devolução,540874,2,2025-09-24 08:59:05,Devolução
117715,54502,TRANSFORMADOR 2000VA SLIM PREMIUM,3967,ALUCOM LOCACOES,Alugado,506896,1,2023-09-28 09:30:02,Alugado
119323,54502,TRANSFORMADOR SLIM PREMIUM 2000VA FORCELINE S/N,10532,BASE STA CATARINA,Devolução,505575,2,2023-08-24 08:18:49,Devolução
122976,54502,TRANSFORMADOR  2000VA FORCELINE S/N,10629,COLEGIO MILITAR DE FORTALEZA,Alugado,506899,1,2023-09-28 09:35:17,Alugado
119060,54512,IMPRESSORA MULTIF. LASER SAMSUNG SCX 3200 S/N Z5ZZBDAB303986Y,3839,P M DE ACOPIARA  - SECRETARIA DE EDUCACAO,Devolução,546891,2,2026-01-06 09:17:53,Devolução
122015,54512,IMPRESSORA LASER MONO SAMSUNG SCX 3200 S/N Z5ZZBDAB303986Y,1960,P. M. DE ACOPIARA - SEC. DE TRABALHO E DESENV. SOCIAL,Substituição Devolução,542179,3,2025-10-17 15:02:46,Substituição Devolução
123075,54519,ESTABILIZADOR 300VA FORCELINE,3425,P.M DE MARANGUAPE - SECRETARIA DE ASSISTÊNCIA SOCIAL,Substituição Devolução,544105,3,2025-11-12 16:56:28,Substituição Devolução
124735,54519,ESTABILIZADOR 300 VA  FORCELINE SN,3823,P M DE EUSEBIO/SECRETARIA DE CULTURA E TURISMO,Substituição Devolução,508445,3,2023-10-26 15:40:17,Substituição Devolução
117752,54530,"MONITOR LED 19"" BLUECASE NS 35955061364",,,,,,,Sem Movimento
121000,54530,"MONITOR 19"" LED BLUECASE NS 35955061364",4481,P M DE TAUA - GABINETE,Alugado,505624,1,2023-08-24 17:28:47,Alugado
121003,54530,"MONITOR 19"" LED BLUECASE NS 35955061364",3887,P M DE TAUA - GABINETE DO PREFEITO,Alugado,505625,1,2023-08-24 17:43:19,Alugado
117760,54543,"MONITOR LED 19"" BLUECASE NS 35955060506",,,,,,,Sem Movimento
119454,54543,"MONITOR LED 19"" BLUECASE NS 35955060506",3629,CARLOS OLIVEIRA - ROTA CARIRI - CRATO,Devolução,511195,2,2023-12-29 11:44:50,Devolução
117805,54559,ESTABILIZADOR 300VA ETERNITY,3987,MOREIA LOCACOES,Alugado,503963,1,2023-07-17 07:57:08,Alugado
119249,54559,ESTABILIZADOR 300VA ETERNITY,3589,P M DE ARACOIABA/SECRETARIA DE DESENV RURAL,Substituição Alugado,503965,5,2023-07-17 07:59:08,Substituição Alugado
117806,54560,ESTABILIZADOR 300VA ETERNITY,3967,ALUCOM LOCACOES,Alugado,504205,1,2023-07-19 17:15:44,Alugado
119315,54560,ESTABILIZADOR 300VA ETERNITY,888,P M DE CAUCAIA - SECRETARIA DE EDUCAÇÃO,Substituição Alugado,505078,5,2023-08-16 15:45:02,Substituição Alugado
117809,54563,ESTABILIZADOR 300VA ETERNITY,3987,MOREIA LOCACOES,Alugado,504083,1,2023-07-17 16:53:57,Alugado
119279,54563,ESTABILIZADOR 300VA ETERNITY,3723,P M DE CASCAVEL - SECRETARIA DE EDUCAÇÃO/ INFORMATICA,Alugado,504084,1,2023-07-17 16:55:32,Alugado
117810,54564,ESTABILIZADOR 300VA ETERNITY,3967,ALUCOM LOCACOES,Alugado,504205,1,2023-07-19 17:15:44,Alugado
119317,54564,ESTABILIZADOR 300VA ETERNITY,888,P M DE CAUCAIA - SECRETARIA DE EDUCAÇÃO,Substituição Alugado,506016,5,2023-09-04 14:45:20,Substituição Alugado
117811,54565,ESTABILIZADOR 300VA ETERNITY,3967,ALUCOM LOCACOES,Alugado,504205,1,2023-07-19 17:15:44,Alugado
119316,54565,ESTABILIZADOR 300VA ETERNITY,514,P M DE CAUCAIA / SECRETARIA DE ADMINISTRAÇÃO,Substituição Alugado,505094,5,2023-08-16 16:41:04,Substituição Alugado
117813,54567,ESTABILIZADOR 300VA,3967,ALUCOM LOCACOES,Alugado,504205,1,2023-07-19 17:15:44,Alugado
119313,54567,ESTABILIZADOR 300VA ETERNITY,2477,SEC. DE EDUCAÇÃO DE CAUCAIA - ESCOLA DANILO SA BENEVIDES - 2014,Substituição Alugado,505514,5,2023-08-23 15:19:30,Substituição Alugado
117815,54569,ESTABILIZADOR 300VA ETERNITY,3967,ALUCOM LOCACOES,Alugado,504205,1,2023-07-19 17:15:44,Alugado
119314,54569,ESTABILIZADOR 300VA ETERNITY,888,P M DE CAUCAIA - SECRETARIA DE EDUCAÇÃO,Substituição Alugado,505040,5,2023-08-16 13:31:48,Substituição Alugado
117818,54572,ESTABILIZADOR 300 VA FORCELINE,3500,BASE CAUCAIA - ANTONIO VIEIRA - ROTA LITORAL NORTE,Devolução,537048,2,2025-07-18 16:33:18,Devolução
119318,54572,ESTABILIZADOR 300 VA FORCELINE,2879,P.M DE CAUCAIA - SAÚDE SEDE,Alugado,537064,1,2025-07-21 10:26:20,Alugado
117773,54580,IMPRESSORA MULTIFUNCIONAL LASER KYOCERA ECOSYS M2040 NS VR92Y09028,3967,ALUCOM LOCACOES,Alugado,506889,1,2023-09-28 08:33:41,Alugado
122961,54580,MULTIFUNCIONAL LASER MONO KYOCERA ECOSYS M2040 NS VR92Y09028,10629,COLEGIO MILITAR DE FORTALEZA,Alugado,506893,1,2023-09-28 08:44:41,Alugado
118214,54610,NOTEBOOK CORE I5 DELL 8GB SSD 256 NS 8JKLKW3,4366,P M DE CAUCAIA/SECRETARIA DE EDUCAÇÃO- ATA REG DE  PREÇOS 2021.09.02.01- NOTEBOOK,Substituição Alugado,537099,5,2025-07-21 11:43:05,Substituição Alugado
133327,54610,NOTEBOOK CORE I5 DELL 8GB SSD 256 NS 8JKLKW3,3894,"P M DE TAUA - SECRETARIA DE CULTURA, TURISMO E LAZER",Devolução,526557,2,2025-01-31 10:20:47,Devolução
118229,54625,NOTEBOOK CORE I5 DELL 8GB SSD 256 NS 92MB7X3,3163,MOREIA TECNOLOGIA -  MANUTENÇÃO DE EQUIPAMENTOS,Alugado,508049,1,2023-10-19 16:51:52,Alugado
124732,54625,NOTEBOOK CORE I5 DELL 8GB SSD 256 NS 92MB7X3,3756,P M  AQUIRAZ / SECRETARIA DO TRABALHO E ASSISTENCIA SOCIAL  - SETAS,Substituição Alugado,508299,5,2023-10-24 14:44:26,Substituição Alugado
117793,54631,NOTEBOOK CORE I5 DELL 8GB SSD 256 NS CMQ5MW3,3607,P M DE CASCAVEL / SECRETARIA DE SAÚDE,Alugado,502443,1,2023-05-25 11:54:39,Alugado
118235,54631,NOTEBOOK CORE I5 DELL 8GB SSD 256 NS CMQ5MW3,4029,MOREIA TECNOLOGIA - LOCACOES,Alugado,59144,1,2023-05-26 23:00:00,Alugado
117825,54635,SWITCH 24 PORTAS D-LINK,3622,ALUCOM LOCACOES,Devolução,531460,2,2025-04-27 17:30:35,Devolução
118759,54635,SWITCH 24 PORTAS D-LINK,618,P M DE CAUCAIA/ SECRETARIA DE  FINANÇAS,Devolução,513024,2,2024-02-28 12:12:19,Devolução
118939,54677,ESTABILIZADOR 300 VA ETERNITY,3622,ALUCOM LOCACOES,Devolução,531460,2,2025-04-27 17:30:35,Devolução
127356,54677,ESTABILIZADOR 300VA ETERNITY,888,P M DE CAUCAIA - SECRETARIA DE EDUCAÇÃO,Substituição Alugado,511439,5,2024-01-08 09:28:46,Substituição Alugado
123674,54703,MULTIFUNCIONAL LASER MONO KYOCERA ECOSYS M2040DN VR92407908,3605,MOREIA TECNOLOGIA LOCACAO,Devolução,551155,2,2026-03-26 08:59:37,Devolução
123686,54703,MULTIFUNCIONAL LASER MONO KYOCERA ECOSYS M2040DN VR92407908,11927,P M DE SAO LUIS - PROCURADOR GERAL DO MUNICIPIO/PGM 2026,Alugado,551168,1,2026-03-26 10:01:26,Alugado
124673,54703,MULTIFUNCIONAL LASER MONO KYOCERA ECOSYS M2040DN VR92Y07908,10672,BASE ALUCOM - SÃO LUIS,Devolução,551157,2,2026-03-26 09:00:43,Devolução
123595,54707,MULTIFUNCIONAL LASER MONO KYOCERA ECOSYS M2040 NS VR92X07111,10633,P M CANINDÉ/ SECRETARIA DE DESENVOLVIMENTO ECONÔMICO E TURISMO,Substituição Devolução,518150,3,2024-06-11 10:54:20,Substituição Devolução
135430,54707,MULTIFUNCIONAL LASER MONO KYOCERA ECOSYS M2040 NS VR92X07111,3887,P M DE TAUA - GABINETE DO PREFEITO,Substituição Alugado,548253,5,2026-02-05 10:11:13,Substituição Alugado
123553,54709,MULTIFUNCIONAL LASER MONO KYOCERA ECOSYS M2040DN NS VR92X06554,2390,SEC. DE EDUCAÇÃO DE CAUCAIA - ESCOLA ANTONIO ALBUQUERQUE EEIEF - 2014,Substituição Alugado,552281,5,2026-04-15 08:32:48,Substituição Alugado
123673,54709,MULTIFUNCIONAL LASER MONO KYOCERA ECOSYS M2040DN VR92X08554,3605,MOREIA TECNOLOGIA LOCACAO,Alugado,507328,1,2023-10-09 12:27:45,Alugado
123671,54713,MULTIFUNCIONAL LASER MONO KYOCERA ECOSYS M2040DN VR92804859,3605,MOREIA TECNOLOGIA LOCACAO,Alugado,507328,1,2023-10-09 12:27:45,Alugado
123680,54713,MULTIFUNCIONAL LASER MONO KYOCERA ECOSYS M2040DN VR 92804859,10756,SECRETARIA MUNICIPAL DE INFORMACAO E TECNOLOGIA - SEMIT,Substituição Alugado,555662,5,2026-06-22 10:02:23,Substituição Alugado
124648,54713,MULTIFUNCIONAL LASER MONO KYOCERA ECOSYS M2040DN NS VR92804859,11382,ETUFOR - EMPRESA DE TRANSPORTE URBANO DE FORTALEZA - CONTRATO N° 04/2025,Substituição Devolução,555664,3,2026-06-22 10:12:43,Substituição Devolução
123670,54714,MULTIFUNCIONAL LASER MONO KYOCERA ECOSYS M2040DN VR92804314,11830,PM QUIXADA / SECRETARIA DE SAUDE 2026,Alugado,549540,1,2026-02-27 13:28:32,Alugado
123677,54714,MULTIFUNCIONAL LASER MONO KYOCERA ECOSYS M2040DN,10756,SECRETARIA MUNICIPAL DE INFORMACAO E TECNOLOGIA - SEMIT,Devolução,545679,2,2025-12-10 07:50:29,Devolução
124639,54714,MULTIFUNCIONAL LASER MONO KYOCERA ECOSYS M2040DN VR 92804314,11830,PM QUIXADA / SECRETARIA DE SAUDE 2026,Alugado,548890,1,2026-02-19 14:37:49,Alugado
120581,54744,"MICRO I5, 8GB RAM, SSD 128GB NS 08223011400802002418",3665,P M DE CASCAVEL - SAUDE/ESUS,Devolução,552211,2,2026-04-14 08:57:21,Devolução
143867,54744,"MICRO I5, 8GB RAM, SSD 128GB NS 08223011400802002418",2276,SEC. DE EDUCAÇÃO DE CAUCAIA - ESCOLA JOSÉ CRISOSTOMO BASILIO - EEIEF - 2014,Substituição Alugado,555690,5,2026-06-22 11:33:12,Substituição Alugado
117851,54787,NOTEBOOK CORE I5 DELL 8GB SSD 256 NS 37MB7X3,3967,ALUCOM LOCACOES,Alugado,502521,1,2023-05-31 09:16:38,Alugado
118247,54787,NOTEBOOK CORE I5 DELL 8GB SSD 256 NS 37MB7X3,4366,P M DE CAUCAIA/SECRETARIA DE EDUCAÇÃO- ATA REG DE  PREÇOS 2021.09.02.01- NOTEBOOK,Alugado,57895,1,2023-05-31 12:15:04,Alugado
117852,54788,NOTEBOOK CORE I5 ASUS 8GB SSD 256 NS MBN0B6034854487,3967,ALUCOM LOCACOES,Alugado,502521,1,2023-05-31 09:16:38,Alugado
118248,54788,NOTEBOOK CORE I5 ASUS 8GB SSD 256 NS MBN0B6034854487,4366,P M DE CAUCAIA/SECRETARIA DE EDUCAÇÃO- ATA REG DE  PREÇOS 2021.09.02.01- NOTEBOOK,Alugado,57895,1,2023-05-31 12:15:04,Alugado
117853,54789,NOTEBOOK CORE I5 DELL 8GB SSD 256 NS JX929X3,3967,ALUCOM LOCACOES,Alugado,502521,1,2023-05-31 09:16:38,Alugado
118249,54789,NOTEBOOK CORE I5 DELL 8GB SSD 256 NS JX929X3,4366,P M DE CAUCAIA/SECRETARIA DE EDUCAÇÃO- ATA REG DE  PREÇOS 2021.09.02.01- NOTEBOOK,Alugado,57895,1,2023-05-31 12:15:04,Alugado
117907,54790,NOTEBOOK CORE I5 DELL 8GB SSD 256 NS 8X929X3,3967,ALUCOM LOCACOES,Alugado,502521,1,2023-05-31 09:16:38,Alugado
118250,54790,NOTEBOOK CORE I5 DELL 8GB SSD 256 NS 8X929X3,4366,P M DE CAUCAIA/SECRETARIA DE EDUCAÇÃO- ATA REG DE  PREÇOS 2021.09.02.01- NOTEBOOK,Alugado,57895,1,2023-05-31 12:15:04,Alugado
122959,54807,MULTIFUNCIONAL LASER MONO KYOCERA ECOSYS M2040 NS VR92X06802,10480,P M DE CRATO - SECRETARIA MUNICIPAL DE EDUCACAO,Alugado,545398,1,2025-12-02 16:44:38,Alugado
133324,54807,MULTIFUNCIONAL LASER MONO KYOCERA ECOSYS M2040 NS VR92X06802,3880,P M DE TAUA - SECRETARIA DE ORCAMENTO E FINANCAS DO MUNICIPIO DE TAUA  - SEFIN,Substituição Alugado,536973,5,2025-07-17 11:18:32,Substituição Alugado
117908,54841,NOTEBOOK CORE I5 DELL 8GB SSD 256 NS BX929X3,3967,ALUCOM LOCACOES,Alugado,502521,1,2023-05-31 09:16:38,Alugado
118251,54841,NOTEBOOK CORE I5 DELL 8GB SSD 256 NS BX929X3,4366,P M DE CAUCAIA/SECRETARIA DE EDUCAÇÃO- ATA REG DE  PREÇOS 2021.09.02.01- NOTEBOOK,Alugado,57895,1,2023-05-31 12:15:04,Alugado
117909,54842,NOTEBOOK CORE I5 DELL 8GB SSD 256 NS BY929X3,3967,ALUCOM LOCACOES,Alugado,502521,1,2023-05-31 09:16:38,Alugado
118252,54842,NOTEBOOK CORE I5 DELL 8GB SSD 256 NS BY929X3,4366,P M DE CAUCAIA/SECRETARIA DE EDUCAÇÃO- ATA REG DE  PREÇOS 2021.09.02.01- NOTEBOOK,Alugado,57895,1,2023-05-31 12:15:04,Alugado
117878,54866,MICRO CORE I5 8GB SSD 120 NS 4675800016547,3622,ALUCOM LOCACOES,Devolução,531460,2,2025-04-27 17:30:35,Devolução
127943,54866,MICRO I5 8GB SSD 120 NS 4675800016547,1498,P M DE CAUCAIA / AÇÃO SOCIAL - SEDE,Substituição Alugado,511786,5,2024-01-16 08:17:51,Substituição Alugado
117880,54868,MICRO CORE I5 8GB SSD 120 NS 4675800016555,3605,MOREIA TECNOLOGIA LOCACAO,Alugado,507751,1,2023-10-17 09:26:07,Alugado
124524,54868,"MICRO CORE I7, 8GB RAM, SSD 512GB, PL DE VIDEO NS 4675800016555",10591,P M SÃO LUIS/SECRETARIA DE TRÂNSITO E TRANSPORTES-SMTT,Substituição Devolução,527109,3,2025-02-07 16:39:31,Substituição Devolução
117883,54871,"MONITOR LED 19"" BLUECASE NS 35955060642",3622,ALUCOM LOCACOES,Devolução,531460,2,2025-04-27 17:30:35,Devolução
126834,54871,"MONITOR 19"" BLUECASE NS 35955060642",346,P  M DE  CAUCAIA -  SAUDE SEDE,Substituição Devolução,522237,3,2024-09-23 16:08:38,Substituição Devolução
118255,54880,MICRO CORE I5 4GB HD 500 NS 4675800016656,4300,P M DE CAUCAIA - SAÚDE - UBS MARIA FIRMINO MENDES/RECEPCAO,Devolução,503142,2,2023-06-21 09:46:12,Devolução
119044,54880,MICRO I5 4GB RAM HD 500GB  3A GER. NS 4675800016656,2384,SEC. DE EDUCAÇÃO DE CAUCAIA - ESCOLA PEDRO PAULINO DA ROCHA  EEIEF - 2014,Substituição Alugado,536170,5,2025-07-02 17:07:29,Substituição Alugado
117914,54908,MICRO CORE I7 16GB SSD 240 NS 4675800016646,10524,P M DE FORTALEZA- SECRETARIA MUNICIPAL DE CONSERVAÇÃO E SERVIÇOS PÚBLICOS - SCSP,Substituição Alugado,503644,5,2023-07-06 11:52:40,Substituição Alugado
118283,54908,MICRO CORE I7 16GB SSD 240 NS 4675800016646,4029,MOREIA TECNOLOGIA - LOCACOES,Alugado,57876,1,2023-05-31 23:00:00,Alugado
117946,54989,ESTABILIZADOR 500 VA BEM LIGADO NS 06223160300801001153,3590,P M DE BEBERIBE/SECRETARIA DE SAÚDE,Devolução,502709,2,2023-06-13 10:29:56,Devolução
133609,54989,ESTABILIZADOR 500 VA BEM LIGADO NS 06223160300801001153,4045,ISGH - LEONARDO DA VINCI,Substituição Alugado,516774,5,2024-05-13 14:00:33,Substituição Alugado
117947,54990,ESTABILIZADOR 500 VA BEM LIGADO NS 12223160300801000241,3622,ALUCOM LOCACOES,Devolução,531460,2,2025-04-27 17:30:35,Devolução
121700,54990,ESTABILIZADOR 500 VA BEM LIGADO NS 12223160300801000241,3332,P. M. DE ARACATI - SECRETARIA DE SAÚDE,Substituição Alugado,506122,5,2023-09-06 09:55:06,Substituição Alugado
117948,54991,ESTABILIZADOR 500 VA BEM LIGADO NS 12223160300801000246,3622,ALUCOM LOCACOES,Devolução,531460,2,2025-04-27 17:30:35,Devolução
121699,54991,ESTABILIZADOR 500 VA BEM LIGADO NS 12223160300801000246,4094,CLEITON ROCHA - ROTA LITORAL LESTE - ARACATI,Devolução,508489,2,2023-10-27 11:33:05,Devolução
117950,54993,ESTABILIZADOR 500 VA BEM LIGADO NS 12223160300801000244,3590,P M DE BEBERIBE/SECRETARIA DE SAÚDE,Devolução,502709,2,2023-06-13 10:29:56,Devolução
119043,54993,ESTABILIZADOR 500 VA BEM LIGADO NS 12223160300801000244,3500,BASE CAUCAIA - ANTONIO VIEIRA - ROTA LITORAL NORTE,Alugado,503686,1,2023-07-07 10:38:29,Alugado
117956,54999,ESTABILIZADOR 500VA BEM LIGADO NS 12223160300801000462,3622,ALUCOM LOCACOES,Devolução,531460,2,2025-04-27 17:30:35,Devolução
121698,54999,ESTABILIZADOR 500VA BEM LIGADO NS 12223160300801000462,3332,P. M. DE ARACATI - SECRETARIA DE SAÚDE,Substituição Alugado,506127,5,2023-09-06 09:59:18,Substituição Alugado
117957,55000,ESTABILIZADOR 500VA BEM LIGADO NS 12223160300801000459,3590,P M DE BEBERIBE/SECRETARIA DE SAÚDE,Devolução,502709,2,2023-06-13 10:29:56,Devolução
121850,55000,ESTABILIZADOR 500VA BEM LIGADO NS 12223160300801000459,4463,P M DE FORTALEZA - SECRETARIA MUNICIPAL DA GESTAO REGIONAL - SEGER,Substituição Devolução,511870,3,2024-01-17 10:30:41,Substituição Devolução
117958,55001,ESTABILIZADOR 500VA BEM LIGADO NS 12223160300801000459,3036,P.M DE CAUCAIA / AÇÃO SOCIAL - CREAS SEDE,Substituição Alugado,544406,5,2025-11-17 08:04:30,Substituição Alugado
132052,55001,ESTABILIZADOR 500VA BEM LIGADO NS 12223160300801000459,11297,MULTINTEGRADA PINDORETAMA,Devolução,542866,2,2025-10-29 12:20:09,Devolução
117940,55014,MICRO CORE I5 8GB SSD 120 NS 4675800016657,3622,ALUCOM LOCACOES,Devolução,531460,2,2025-04-27 17:30:35,Devolução
118772,55014,MICRO CORE I5 8GB SSD 120 NS 4675800016657,2274,P M DE CAUCAIA / SEPLAN,Substituição Alugado,503342,5,2023-06-26 17:39:36,Substituição Alugado
117944,55018,MICRO CORE I5 8GB SSD 120,888,P M DE CAUCAIA - SECRETARIA DE EDUCAÇÃO,Substituição Alugado,536098,5,2025-07-02 09:56:11,Substituição Alugado
118773,55018,MICRO CORE I5 8GB SSD 120,2274,P M DE CAUCAIA / SEPLAN,Substituição Devolução,533386,3,2025-05-23 09:17:25,Substituição Devolução
118390,55023,ESTABILIZADOR 500VA BEM LIGADO NS 10223160300801002037,10508,P M DE SAO LUIS - SECRETARIA MUNICIPAL DE COMUNICACAO/SECOM,Alugado,502601,1,2023-06-07 08:42:02,Alugado
127750,55023,ESTABILIZADOR 500VA BEM LIGADO NS 10223160300801002037,888,P M DE CAUCAIA - SECRETARIA DE EDUCAÇÃO,Alugado,511734,1,2024-01-15 08:22:20,Alugado
118391,55024,ESTABILIZADOR 500VA BEM LIGADO NS 10223160300801002038,10673,BASE MOREIA - SÃO LUIS,Devolução,548877,2,2026-02-19 11:33:52,Devolução
124883,55024,ESTABILIZADOR 500 VA BEM LIGADO NS 10223160300801002038,11830,PM QUIXADA / SECRETARIA DE SAUDE 2026,Alugado,548890,1,2026-02-19 14:37:49,Alugado
118392,55025,ESTABILIZADOR 500VA BEM LIGADO NS 10223160300801002041,10508,P M DE SAO LUIS - SECRETARIA MUNICIPAL DE COMUNICACAO/SECOM,Devolução,520212,2,2024-08-06 10:53:11,Devolução
138856,55025,ESTABILIZADOR 500VA BEM LIGADO NS 10223160300801002041,2923,PEDRO ALMEIDA - ROTA CARIRI - ACOPIARA,Alugado,520186,1,2024-08-05 18:13:04,Alugado
118394,55027,ESTABILIZADOR 500VA BEM LIGADO NS 10223160300801002040,3798,P M DE BARBALHA / SECRETARIA DE EDUCAÇÃO,Alugado,535796,1,2025-06-26 11:17:44,Alugado
143727,55027,ESTABILIZADOR 500VA BEM LIGADO NS 10223160300801002040,3798,P M DE BARBALHA / SECRETARIA DE EDUCAÇÃO,Alugado,535796,1,2025-06-26 11:17:44,Alugado
118404,55037,MICRO CORE I5 8GB SSD 240 NS 08223011400802002451,10508,P M DE SAO LUIS - SECRETARIA MUNICIPAL DE COMUNICACAO/SECOM,Devolução,518413,2,2024-06-19 10:53:23,Devolução
125890,55037,"MICRO I5 8GB RAM, SSD 240GB NS 08223011400802002451",4463,P M DE FORTALEZA - SECRETARIA MUNICIPAL DA GESTAO REGIONAL - SEGER,Substituição Alugado,509444,5,2023-11-17 09:52:50,Substituição Alugado
130846,55054,MULTIFUNCIONAL JATO DE TINTA CANON G4110 NS,10636,P M CANINDÉ/ SECRETARIA DE SEGURANÇA PUBLICA E TRÂNSITO,Devolução,552458,2,2026-04-17 08:43:13,Devolução
133555,55054,MULTIFUNCIONAL JATO DE TINTA CANON G4110 NS KLPF57414M,10385,P M BARROQUINHA/ GABINETE DO PREFEITO,Devolução,518415,2,2024-06-19 10:55:57,Devolução
130847,55056,MULTIFUNCIONAL JATO DE TINTA CANON G4110 NS,3500,BASE CAUCAIA - ANTONIO VIEIRA - ROTA LITORAL NORTE,Devolução,514282,2,2024-03-26 11:47:54,Devolução
133385,55056,MULTIFUNCIONAL JATO DE TINTA CANON G4110 NS,,,,,,,Sem Movimento
124405,55110,MULTIFUNCIONAL LASER COLOR BROTHER MFC-L8610 CDW NS U64645L2F943646,4508,P M DE SAO LUIS - SECRETARIA MUNICIPAL DE INFORMACAO E TECNOLOGIA - SEMIT,Devolução,510472,2,2023-12-12 11:43:20,Devolução
127030,55110,IMPRESSORA MULTIFUNCIONAL LASER COLOR BROTHER MFC-L8610 CDW NS U64645L2F943646,2274,P M DE CAUCAIA / SEPLAN,Substituição Alugado,539552,5,2025-09-03 12:39:37,Substituição Alugado
118485,55166,MICRO CORE I5 4GB RAM,2879,P.M DE CAUCAIA - SAÚDE SEDE,Substituição Devolução,555879,3,2026-06-24 15:23:30,Substituição Devolução
133577,55166,MICRO I5 4GB RAM HD 500,3597,P M DE MONSENHOR TABOSA/SECRETARIA DE SAÚDE,Substituição Devolução,553765,3,2026-05-13 10:18:41,Substituição Devolução
118487,55172,"MONITOR LED 19"" BLUECASE NS 35955060984",4029,MOREIA TECNOLOGIA - LOCACOES,Alugado,502705,1,2023-06-13 09:58:48,Alugado
118619,55172,"MONITOR LED 19"" BLUECASE NS 35955060984",3576,IZZI SOLUÇÕES EM COBRANÇAS E TELEATENDIMENTO LTDA,Devolução,513231,2,2024-03-04 14:54:34,Devolução
118488,55173,"MONITOR LED 19"" BLUECASE NS 35955061331",4029,MOREIA TECNOLOGIA - LOCACOES,Alugado,502705,1,2023-06-13 09:58:48,Alugado
118623,55173,"MONITOR LED 19"" BLUECASE NS 35955061331",3576,IZZI SOLUÇÕES EM COBRANÇAS E TELEATENDIMENTO LTDA,Alugado,502977,1,2023-06-16 16:53:31,Alugado
118490,55175,"MONITOR LED 19"" BLUECASE NS 35955061335",4029,MOREIA TECNOLOGIA - LOCACOES,Devolução,540524,2,2025-09-18 17:01:49,Devolução
118624,55175,MONITOR LED 19,3820,P M DE ARATUBA / SECRETARIA DE ADMINISTRACAO,Devolução,539802,2,2025-09-05 12:43:45,Devolução
118491,55182,"MONITOR LED 19"" BLUECASE NS 35955061300",4029,MOREIA TECNOLOGIA - LOCACOES,Alugado,502705,1,2023-06-13 09:58:48,Alugado
118622,55182,"MONITOR LED 19"" BLUECASE NS 35955061300",3819,P M DE BARBALHA / SECRETARIA DE SAÚDE,Alugado,504404,1,2023-07-26 11:06:24,Alugado
120197,55203,"NOTEBOOK CORE I5 VAIO, 16GB RAM, SSD 512GB NS 87090153A",,,,,,,Sem Movimento
125901,55203,"NOTEBOOK CORE I5 VAIO, 16GB RAM, SSD 512GB NS 87090153A",618,P M DE CAUCAIA/ SECRETARIA DE  FINANÇAS,Substituição Devolução,527184,3,2025-02-10 17:18:52,Substituição Devolução
120193,55204,"NOTEBOOK CORE I5 VAIO, 16GB RAM, SSD 512GB NS 87090149R",10405,MOREIA TECNOLOGIA,Alugado,508620,1,2023-10-30 09:01:11,Alugado
124900,55204,"NOTEBOOK CORE I5 VAIO, 16GB RAM, SSD 512GB NS 87090149R",3858,P M DE BATURITE - GABINETE DO PREFEITO,Alugado,508621,1,2023-10-30 09:01:31,Alugado
120201,55206,"NOTEBOOK CORE I5 VAIO, 16GB RAM, SSD 512GB NS 87090160O",4366,P M DE CAUCAIA/SECRETARIA DE EDUCAÇÃO- ATA REG DE  PREÇOS 2021.09.02.01- NOTEBOOK,Substituição Alugado,536083,5,2025-07-02 09:47:24,Substituição Alugado
121837,55206,"NOTEBOOK I5 VAIO, 16GB RAM, SSD 512GB NS 87090160O",2644,P M DE CAUCAIA / IMAC,Devolução,533202,2,2025-05-22 10:10:08,Devolução
118601,55232,ESTABILIZADOR 300 VA ETERNITY,4376,P M DE CAUCAIA / SECRETARIA DE EDUCAÇÃO - CRECHE SONHO INFANTIL II,Substituição Alugado,554735,5,2026-06-02 08:43:01,Substituição Alugado
118602,55232,ESTABILIZADOR 300 VA ETERNITY,10507,SINDICATO DAS EMPRESAS DE TRANSPORTES DE PASSAGEIROS DO ESTADO DO CEARÁ/TERMINAL PAPICU,Devolução,545082,2,2025-11-27 17:16:35,Devolução
122112,55251,ESTABILIZADOR 300 VA ETERNITY,3622,ALUCOM LOCACOES,Devolução,531460,2,2025-04-27 17:30:35,Devolução
123721,55251,ESTABILIZADOR 300VA ETERNITY,2771,P.M DE CAUCAIA - SAÚDE - UBS MARIA DE JESUS FERREIRA,Substituição Alugado,520461,5,2024-08-12 13:04:20,Substituição Alugado
122116,55255,ESTABILIZADOR 300VA FORCELINE,4029,MOREIA TECNOLOGIA - LOCACOES,Alugado,507220,1,2023-10-05 09:30:56,Alugado
123496,55255,ESTABILIZADOR 300 VA FORCELINE,10672,BASE ALUCOM - SÃO LUIS,Devolução,547256,2,2026-01-14 08:21:57,Devolução
123076,55258,ESTABILIZADOR 300VA FORCELINE,3500,BASE CAUCAIA - ANTONIO VIEIRA - ROTA LITORAL NORTE,Alugado,536751,1,2025-07-15 12:02:18,Alugado
124567,55258,ESTABILIZADOR 300 VA FORCELINE,3576,IZZI SOLUÇÕES EM COBRANÇAS E TELEATENDIMENTO LTDA,Substituição Devolução,528593,3,2025-02-27 14:22:29,Substituição Devolução
120705,55259,ESTABILIZADOR 300 VA FORCELINE S/N,10663,ALUCOM - BASE SANTOS DUMONT,Alugado,508116,1,2023-10-23 08:57:41,Alugado
124759,55259,ESTABILIZADOR 300 VA FORCELINE S/N,3996,P.M DE CAUCAIA - EDUCAÇÃO ESCOLA TIO SIMPLICIO,Substituição Alugado,509051,5,2023-11-08 15:36:43,Substituição Alugado
123077,55271,ESTABILIZADOR 300VA ETERNIT,4029,MOREIA TECNOLOGIA - LOCACOES,Alugado,507939,1,2023-10-19 08:40:20,Alugado
124583,55271,ESTABILIZADOR 300VA ETERNIT,3762,P M DE TAUÁ / SECRETARIA DE EDUCAÇÃO,Substituição Alugado,507943,5,2023-10-19 08:45:00,Substituição Alugado
123078,55273,ESTABILIZADOR 300VA ETERNITY,4029,MOREIA TECNOLOGIA - LOCACOES,Alugado,509117,1,2023-11-09 11:46:52,Alugado
125526,55273,ESTABILIZADOR 300 VA ETERNITY SN,10389,BASE - ACARAPE / REDENÇÃO,Alugado,509118,1,2023-11-09 12:03:02,Alugado
123080,55275,ESTABILIZADOR 300VA FORCELINE,4029,MOREIA TECNOLOGIA - LOCACOES,Alugado,509117,1,2023-11-09 11:46:52,Alugado
125525,55275,ESTABILIZADOR 300 VA FORCELINE SN,10389,BASE - ACARAPE / REDENÇÃO,Devolução,520381,2,2024-08-09 11:51:07,Devolução
141312,55275,ESTABILIZADOR 300 VA FORCELINE SN,4539,P M DE SAO LUIS  - SECRETARIA MUNIC DA CRIANCA E ASSIST SOCIAL  - SEMCAS,Alugado,525442,1,2025-01-13 10:57:01,Alugado
123081,55276,ESTABILIZADOR 300VA ETERNITY,4029,MOREIA TECNOLOGIA - LOCACOES,Alugado,509117,1,2023-11-09 11:46:52,Alugado
125528,55276,ESTABILIZADOR 300 VA ETERNITY,10389,BASE - ACARAPE / REDENÇÃO,Alugado,509118,1,2023-11-09 12:03:02,Alugado
123084,55279,ESTABILIZADOR 300VA ETERNITY,4029,MOREIA TECNOLOGIA - LOCACOES,Alugado,509117,1,2023-11-09 11:46:52,Alugado
125527,55279,ESTABILIZADOR 300 VA ETERNITY SN,3918,P M DE REDENCAO - SECRETARIA MUNICIPAL DE EDUCACAO,Substituição Alugado,512994,5,2024-02-28 08:05:01,Substituição Alugado
123096,55282,ESTABILIZADOR 300VA ETERNITY,4029,MOREIA TECNOLOGIA - LOCACOES,Alugado,509823,1,2023-11-27 08:12:39,Alugado
126389,55282,ESTABILIZADOR 300 VA ETERNITY SN,11970,CENTRO DE EDUCAÇÃO ELITE LTDA - CEE MOSSORO,Alugado,553280,1,2026-05-05 15:12:56,Alugado
123328,55299,ESTABILIZADOR 300 VA CUBIC S/N 5718660387,,,,,,,Sem Movimento
124599,55299,ESTABILIZADOR 300 VA CUBIC NS 5718660387,3500,BASE CAUCAIA - ANTONIO VIEIRA - ROTA LITORAL NORTE,Devolução,521980,2,2024-09-17 10:59:44,Devolução
118470,55412,MICRO CORE I5 4GB HD 500 NS 04233011402101000070,3622,ALUCOM LOCACOES,Devolução,531460,2,2025-04-27 17:30:35,Devolução
121212,55412,MICRO I5 4GB HD 500 NS 04233011402101000070,346,P  M DE  CAUCAIA -  SAUDE SEDE,Alugado,505874,1,2023-08-30 17:46:11,Alugado
118678,55415,IMPRESSORA MULT. RICOH SP-377 SFNWX S/N Y937Q310516,10448,P M IGUATU/ PROCURADORIA GERAL,Alugado,540779,1,2025-09-22 16:59:08,Alugado
131979,55415,IMPRESSORA MULT. RICOH SP-377 SFNWX S/N Y937Q310516,2939,P. M. DE CAUCAIA - SEC. DE SAÚDE - ENDEMIAS E ZOONOSES 2017,Substituição Devolução,537603,3,2025-08-01 10:19:02,Substituição Devolução
118530,55416,MICRO CORE I5 4GB HD 500 NS 04233011402101001620,2406,SEC. DE EDUCAÇÃO DE CAUCAIA - ESCOLA AUGUSTO BEZERRA EEEIEF - 2014,Substituição Alugado,522712,5,2024-10-10 12:18:17,Substituição Alugado
142279,55416,MICRO CORE I5 4GB HD 500 NS 04233011402101001620,11296,MULTINTEGRADA,Substituição Alugado,529044,5,2024-09-16 17:04:37,Substituição Alugado
118533,55419,MICRO CORE I5 4GB HD 500 NS 04233011402101001638,888,P M DE CAUCAIA - SECRETARIA DE EDUCAÇÃO,Alugado,507323,1,2023-10-09 12:05:02,Alugado
118551,55419,MICRO CORE I5 4GB HD 500 NS 04233011402101001638,3622,ALUCOM LOCACOES,Devolução,531460,2,2025-04-27 17:30:35,Devolução
118534,55420,MICRO CORE I5 4GB HD 500 NS 04233011402101000173,3025,P M DE CAUCAIA / AÇÃO SOCIAL - CRAS GUADALAJARA,Substituição Alugado,533682,5,2025-05-27 11:42:08,Substituição Alugado
118673,55420,MICRO CORE I5 4GB HD 500,3500,BASE CAUCAIA - ANTONIO VIEIRA - ROTA LITORAL NORTE,Devolução,533680,2,2025-05-27 11:41:11,Devolução
122031,55435,MULTIFUNCIONAL LASER MONO BROTHER DCP B-7535DW NS U65526E9N625949,4029,MOREIA TECNOLOGIA - LOCACOES,Alugado,512179,1,2024-01-26 08:29:51,Alugado
128653,55435,MULTIFUNCIONAL LASER MONO BROTHER DCP B-7535DW NS U65526E9N625949,3714,P M DE CASCAVEL - SECRETARIA DE SAÚDE UBS CAPONGA,Devolução,551991,2,2026-04-09 08:00:53,Devolução
123333,55447,ESTABILIZADOR 300 VA CUBIC S/N 6823350235,3692,P M DE CASCAVEL - ADMINISTRAÇÃO,Substituição Devolução,531962,3,2025-05-07 08:57:18,Substituição Devolução
124600,55447,ESTABILIZADOR 300 VA CUBIC S/N 6823350235,3500,BASE CAUCAIA - ANTONIO VIEIRA - ROTA LITORAL NORTE,Alugado,554453,1,2026-05-26 10:52:00,Alugado
123337,55451,ESTABILIZADOR 300VA CUBIC S/N 5962440213,11970,CENTRO DE EDUCAÇÃO ELITE LTDA - CEE MOSSORO,Reserva,553288,7,2026-05-05 17:49:38,Reserva
140669,55451,ESTABILIZADOR 300VA CUBIC S/N 5962440213,10975,CAMPANHA CANINDE WALESCA 2024,Devolução,522665,2,2024-10-09 09:55:18,Devolução
123166,55466,TRANSFORMADOR DE 2000 W FORCELINE,10631,P M DE CANINDÉ/UNIDADE DE PRONTO ATENDIMENTO - UPA,Substituição Devolução,509043,3,2023-11-08 15:00:32,Substituição Devolução
125059,55466,TRANSFORMADOR DE 2000 W FORCELINE SN,,,,,,,Sem Movimento
123266,55469,ESTABILIZADOR 300 VA BMI S/N 071908301200107,3622,ALUCOM LOCACOES,Devolução,531460,2,2025-04-27 17:30:35,Devolução
123368,55469,ESTABILIZADOR 300 VA BMI S/N 071908301200107,3348,P. M. DE ARACATI - AÇÃO SOCIAL,Devolução,554887,2,2026-06-05 11:20:16,Devolução
119321,55521,NOBREAK DE TENSAO 1200 VA S/N 5691490097,10435,INSTITUTO DE GESTÃO E CIDADANIA - UPA HORIZONTE,Substituição Devolução,513061,3,2024-02-29 09:01:00,Substituição Devolução
143037,55521,NOBREAK DE TENSAO 1200 VA S/N 5691490097,4019,PAULO RUBENS DE ALMEIDA LEITAO,Devolução,522612,2,2024-10-07 09:24:58,Devolução
120653,55539,ESTABILIZADOR 300 VA RAGTECH,11939,CENTRO DE EDUCAÇÃO ELITE LTDA - CEE JOÃO PESSOA,Alugado,551686,1,2026-04-06 15:46:59,Alugado
130203,55539,ESTABILIZADOR 300 VA RAGTECH,10523,RODRIGUES/RENAN - ROTA LITORIAL LESTE,Devolução,516468,2,2024-05-07 12:33:56,Devolução
118625,55554,NOTEBOOK CORE I5 DELL 8GB SSD 256 NS GZPL7W3,10484,SAO LUIS ALUCOM LOCACOES,Alugado,502706,1,2023-06-13 10:05:21,Alugado
118626,55554,NOTEBOOK CORE I5 DELL 8GB SSD 256 NS GZPL7W3,10673,BASE MOREIA - SÃO LUIS,Devolução,522042,2,2024-09-18 14:31:48,Devolução
118643,55554,NOTEBOOK CORE I5 DELL 8GB SSD 256 NS GZPL7W3,2821,P.M DE CRATO - SECRETARIA DE ASSISTÊNCIA SOCIAL,Substituição Alugado,522044,5,2024-09-18 14:44:10,Substituição Alugado
118642,55557,NOTEBOOK CORE I5 DELL 8GB SSD 256 NS BWT9FT3,3622,ALUCOM LOCACOES,Devolução,531460,2,2025-04-27 17:30:35,Devolução
125599,55557,NOTEBOOK I5 DELL 8GB SSD 256 NS BWT9FT3,4366,P M DE CAUCAIA/SECRETARIA DE EDUCAÇÃO- ATA REG DE  PREÇOS 2021.09.02.01- NOTEBOOK,Substituição Alugado,509147,5,2023-11-09 17:34:53,Substituição Alugado
122134,55563,NOBREAK DE TENSÃO 1200 VA FORCELINE S/N 37K4M87KC15PFHOM,4029,MOREIA TECNOLOGIA - LOCACOES,Alugado,507836,1,2023-10-18 12:03:51,Alugado
124570,55563,NOBREAK 1200 VA FORCELINE NS 37K4M87KC15PFHOM,3594,P M DE ITAPIUNA/SECRETARIA DE SAÚDE,Devolução,531393,2,2025-04-25 08:47:34,Devolução
118680,55577,IMPRESSORA JATO DE TINTA CANON G3110 NS KNJF61512,3622,ALUCOM LOCACOES,Devolução,531460,2,2025-04-27 17:30:35,Devolução
118695,55577,IMPRESSORA JATO DE TINTA CANON G3110 NS KNJF61512,3547,SAO BENTO ANALISES CLINICAS LTDA,Devolução,512604,2,2024-02-09 16:42:01,Devolução
118850,55590,IMPRESSORA JATO DE TINTA CANON G3110 NS KNJF62045,3149,P M CAMOCIM / SECRETARIA DE SAÚDE,Substituição Devolução,550073,3,2026-03-06 15:42:07,Substituição Devolução
121201,55590,IMPRESSORA JATO DE TINTA CANON G3110 NS KNJF62045,2672,RAFAEL ONORIO - ROTA ZONA NORTE,Devolução,551320,2,2026-03-30 08:07:51,Devolução
118732,55603,MICRO CORE I5 4GB HD 500,3622,ALUCOM LOCACOES,Devolução,531460,2,2025-04-27 17:30:35,Devolução
126185,55603,"MICRO CORE I5 4GB RAM, HD 500GB",3149,P M CAMOCIM / SECRETARIA DE SAÚDE,Substituição Alugado,509638,5,2023-11-22 11:44:29,Substituição Alugado
118737,55646,MICRO CORE I7 8GB SSD 120 NS 04233011402101000136,4090,AS SISTEMAS,Devolução,524023,2,2024-11-14 16:07:06,Devolução
131077,55646,"MICRO I7 8GB RAM, SSD 120GB NS 04233011402101000136",7586,P M CRATO/ SECRETARIA DE SEGURANÇA PUBLICA / GESTÃO E MAN_ATIVIDADES DA SEC_SEGURANÇA PUBLICA,Substituição Alugado,530920,5,2025-04-14 15:33:50,Substituição Alugado
118739,55648,MICRO CORE I7 8GB SSD 120 NS 04233011402101001642,3576,IZZI SOLUÇÕES EM COBRANÇAS E TELEATENDIMENTO LTDA,Devolução,512738,2,2024-02-20 11:49:16,Devolução
130406,55648,"MICRO I7, 8GB RAM, SSD 240GB",514,P M DE CAUCAIA / SECRETARIA DE ADMINISTRAÇÃO,Substituição Alugado,513622,5,2024-03-11 14:00:04,Substituição Alugado
119037,55671,MICRO CORE I5 4GB SSD 120GB,4029,MOREIA TECNOLOGIA - LOCACOES,Alugado,505589,1,2023-08-24 10:43:45,Alugado
120982,55671,MICRO CORE I5 4GB SSD 120GB,3584,P M DE ARACOIABA/SECRETARIA DE PLANEJAMENTO,Substituição Alugado,505591,5,2023-08-24 10:44:14,Substituição Alugado
123087,55674,MICRO I5 8GB SSD 240,4029,MOREIA TECNOLOGIA - LOCACOES,Alugado,509240,1,2023-11-13 17:27:21,Alugado
125769,55674,MICRO I5 8GB SSD 240GB,3762,P M DE TAUÁ / SECRETARIA DE EDUCAÇÃO,Substituição Alugado,511934,5,2024-01-18 09:49:55,Substituição Alugado
118822,55720,TRANSFORMADOR DE 2000 VA,3622,ALUCOM LOCACOES,Devolução,531460,2,2025-04-27 17:30:35,Devolução
119319,55720,TRANSFORMADOR DE 2000 VA,888,P M DE CAUCAIA - SECRETARIA DE EDUCAÇÃO,Alugado,511364,1,2024-01-04 12:23:37,Alugado
118892,55766,MICRO CORE I7 8GB SSD 120GB NS 04233011402101000005,3576,IZZI SOLUÇÕES EM COBRANÇAS E TELEATENDIMENTO LTDA,Devolução,512738,2,2024-02-20 11:49:16,Devolução
130405,55766,"MICRO I7, 8GB RAM, SSD 240GB",514,P M DE CAUCAIA / SECRETARIA DE ADMINISTRAÇÃO,Substituição Alugado,513620,5,2024-03-11 13:59:46,Substituição Alugado
118938,55783,"MONITOR LED 19"" BLUECASE NS 337448063740184",4029,MOREIA TECNOLOGIA - LOCACOES,Alugado,508430,1,2023-10-26 13:14:14,Alugado
124832,55783,"MONITOR LED 19"" BLUECASE NS 337448063740184",3576,IZZI SOLUÇÕES EM COBRANÇAS E TELEATENDIMENTO LTDA,Substituição Alugado,508432,5,2023-10-26 13:19:12,Substituição Alugado
120685,55802,"MICRO I5, 4GB RAM, HD 500GB",4029,MOREIA TECNOLOGIA - LOCACOES,Alugado,505379,1,2023-08-22 07:55:10,Alugado
120713,55802,"MICRO I5, 4GB RAM, HD 500GB",3918,P M DE REDENCAO - SECRETARIA MUNICIPAL DE EDUCACAO,Substituição Alugado,510077,5,2023-11-30 16:57:25,Substituição Alugado
119533,55810,MICRO CORE I5 4GB SSD 120 PLACA DE REDE / 1000,4029,MOREIA TECNOLOGIA - LOCACOES,Devolução,547980,2,2026-01-29 14:44:10,Devolução
119534,55810,MICRO CORE I5 4GB SSD 120 PLACA DE REDE / 1000,3611,P M DE EUSEBIO - SECRETARIA MUNIC DE OBRAS E SERV PUBLICOS,Substituição Alugado,549925,5,2026-03-06 09:00:06,Substituição Alugado
119095,55888,"NOTEBOOK I5 DELL, I5, 8GB RAM, SSD 256GB, 6SGBJY3",4366,P M DE CAUCAIA/SECRETARIA DE EDUCAÇÃO- ATA REG DE  PREÇOS 2021.09.02.01- NOTEBOOK,Substituição Alugado,538869,5,2025-08-22 11:16:15,Substituição Alugado
126324,55888,"NOTEBOOK CORE I5 DELL 8GB RAM, SSD 256GB NS 6SGBJY3",10892,PM CEDRO/ GABINETE DO PREFEITO,Devolução,528548,2,2025-02-27 09:43:25,Devolução
123063,55977,MULTIFUNCIONAL LASER MONO KYOCERA ECOSYS M3655IDN NS R4P3327905,4029,MOREIA TECNOLOGIA - LOCACOES,Alugado,507293,1,2023-10-06 13:37:47,Alugado
123568,55977,MULTIFUNCIONAL LASER MONO KYOCERA ECOSYS M3655IDN NS R4P3327905,10648,CONSELHO REGIONAL DE ENFERMAGEM DO CEARÁ-COREN SOBRAL,Alugado,507303,1,2023-10-06 15:20:34,Alugado
119178,55984,"NOTEBOOK I5 DELL, 8GB RAM, SSD 256GB, 1CLMLY3",4366,P M DE CAUCAIA/SECRETARIA DE EDUCAÇÃO- ATA REG DE  PREÇOS 2021.09.02.01- NOTEBOOK,Substituição Devolução,534205,3,2025-06-02 15:28:05,Substituição Devolução
120309,55984,"NOTEBOOK CORE I5 DELL, 8GB RAM, SSD 256GB, NS 1CLMLY3",4366,P M DE CAUCAIA/SECRETARIA DE EDUCAÇÃO- ATA REG DE  PREÇOS 2021.09.02.01- NOTEBOOK,Substituição Devolução,555262,3,2026-06-11 17:10:18,Substituição Devolução
119195,56001,"NOTEBOOK I5 DELL, 8GB RAM, SSD 256GB, 3CLMLY3",4366,P M DE CAUCAIA/SECRETARIA DE EDUCAÇÃO- ATA REG DE  PREÇOS 2021.09.02.01- NOTEBOOK,Substituição Devolução,530780,3,2025-04-11 08:31:38,Substituição Devolução
120330,56001,"NOTEBOOK CORE I5 DELL, 8GB RAM, SSD 256GB, NS 3CLMLY3",4366,P M DE CAUCAIA/SECRETARIA DE EDUCAÇÃO- ATA REG DE  PREÇOS 2021.09.02.01- NOTEBOOK,Substituição Alugado,538203,5,2025-08-12 16:48:27,Substituição Alugado
119200,56006,"NOTEBOOK I5 DELL, 8GB RAM, SSD 256GB, NS CBLMLY3",4366,P M DE CAUCAIA/SECRETARIA DE EDUCAÇÃO- ATA REG DE  PREÇOS 2021.09.02.01- NOTEBOOK,Substituição Devolução,528533,3,2025-02-26 17:56:47,Substituição Devolução
120294,56006,"NOTEBOOK CORE I5 DELL, 8GB RAM, SSD 256GB, NS CBLMLY3",,,,,,,Sem Movimento
124395,56013,MULTIFUNCIONAL LASER MONO KYOCERA ECOSYS M3655IDN NS R4P3327828,11923,PM SÃO LUIS / SECRETARIA DE INFORMACAO E TECNOLOGIA - SEMIT 2026,Alugado,550787,1,2026-03-18 15:31:47,Alugado
127032,56013,IMPRESSORA MULTIFUNCIONAL LASER MONO KYOCERA ECOSYS M3655IDN NS R4P3327828,10444,P M DE SAO LUIS - SECRETARIA MUNICIPAL DE INFORMACAO E TECNOLOGIA - SEMIT,Devolução,550685,2,2026-03-17 14:42:07,Devolução
120684,56035,"MICRO I5, 4GB RAM, SSD 120GB",4029,MOREIA TECNOLOGIA - LOCACOES,Alugado,505378,1,2023-08-22 07:53:52,Alugado
120712,56035,"MICRO I5, 4GB RAM, SSD 120GB",3663,P M DE ACARAPE - SECRETARIA DE FINANCAS - SEFIN,Substituição Alugado,517018,5,2024-05-16 08:21:47,Substituição Alugado
124705,56048,"MICRO I5, 4GB RAM, HD 500 GB S/N",4029,MOREIA TECNOLOGIA - LOCACOES,Alugado,508408,1,2023-10-26 11:15:12,Alugado
124823,56048,"MICRO I5, 4GB RAM, HD 500 GB, PL DE SERIAL S/N",10504,SINDICATO DAS EMPRESAS DE TRANSPORTES DE PASSAGEIROS DO ESTADO DO CEARÁ - ETUFOR,Alugado,508400,1,2023-10-26 10:32:05,Alugado
119222,56054,"NOTEBOOK I5 DELL, 8GB RAM, SSD 256GB, 23V7JY3",10899,J SIQUEIRA DE MORAES E CIA LTDA,Devolução,532224,2,2025-05-09 11:59:14,Devolução
120341,56054,"NOTEBOOK CORE I5 DELL, 8GB RAM, SSD 256GB, NS 23V7JY3",4366,P M DE CAUCAIA/SECRETARIA DE EDUCAÇÃO- ATA REG DE  PREÇOS 2021.09.02.01- NOTEBOOK,Substituição Alugado,534985,5,2025-06-13 08:53:35,Substituição Alugado
119251,56068,IMPRESSORA JATO DE TINTA CANON G3110 NS KMVF39421,3500,BASE CAUCAIA - ANTONIO VIEIRA - ROTA LITORAL NORTE,Devolução,511086,2,2023-12-26 10:35:04,Devolução
119252,56068,IMPRESSORA JATO DE TINTA CANON G3110 NS KMVF39421,3934,P M DE AQUIRAZ/UBASF FACUNDES,Substituição Devolução,517215,3,2024-05-21 08:36:09,Substituição Devolução
80954,56071,IMPRESSORA MULT. RICOH SP-377 SFNWX S/N Y937Q310085,3826,P M DE GRANJA/SECRETARIA DE SAUDE,Substituição Devolução,501997,3,2023-04-26 18:24:30,Substituição Devolução
119236,56071,IMPRESSORA MULT. RICOH SP-377 SFNWX S/N Y937Q310085,2279,SEC. DE EDUCAÇÃO DE CAUCAIA - ESCOLA FAUSTO DARIO SALES - EEIE - 2014F,Substituição Alugado,554521,5,2026-05-28 08:42:20,Substituição Alugado
119235,56072,NOTEBOOK I7 LENOVO 12GB RAM SSD 256GB NS PE0A6BLK,4029,MOREIA TECNOLOGIA - LOCACOES,Alugado,508281,1,2023-10-24 12:57:13,Alugado
124726,56072,"NOTEBOOK I7 LENOVO 12GB RAM, SSD 256GB NS PE0A6BLK",3748,P M DE CASCAVEL - SECRETARIA DE OBRAS,Substituição Alugado,508230,5,2023-10-23 18:01:37,Substituição Alugado
119280,56085,"MICRO CORE I5 3.2GHZ, MEMORIA 4GB, SSD 120",3686,INSTITUTO GERENCIAMENTO MEDICO IGM-UPA IRMA SILVEIRA CASCAVEL,Substituição Devolução,521929,3,2024-09-16 15:12:14,Substituição Devolução
142773,56085,MICRO I5 4GB 500GB,2770,P.M DE CAUCAIA - SAÚDE - UBS EDUARDO RAMOS NOGUEIRA JUNIOR,Substituição Alugado,533519,5,2025-05-26 08:43:18,Substituição Alugado
124399,56205,MULTIFUNCIONAL LASER MONO KYOCERA ECOSYS M3655IDN NS R4P3327685,10706,SECRETARIA MUNICIPAL DE SEGURANÇA ALIMENTAR - SEMSA,Devolução,550771,2,2026-03-18 11:18:40,Devolução
127033,56205,IMPRESSORA MULTIFUNCIONAL LASER MONO KYOCERA ECOSYS M3655IDN NS R4P3327685,11923,PM SÃO LUIS / SECRETARIA DE INFORMACAO E TECNOLOGIA - SEMIT 2026,Alugado,550787,1,2026-03-18 15:31:47,Alugado
119519,56220,MULTIFUNCIONAL LASER MONO KYOCERA ECOSYS M3655IDN NS R4P2Z22629,11923,PM SÃO LUIS / SECRETARIA DE INFORMACAO E TECNOLOGIA - SEMIT 2026,Alugado,550787,1,2026-03-18 15:31:47,Alugado
124403,56220,MULTIFUNCIONAL LASER MONO KYOCERA ECOSYS M3655IDN NS R4P3327865,10707,FUNDAÇÃO NACIONAL DO PATRIMÔNIO HISTÓRICO DE SÃO LUIS - FUMPH,Alugado,510884,1,2023-12-20 17:54:56,Alugado
127037,56220,IMPRESSORA MULTIFUNCIONAL LASER MONO KYOCERA ECOSYS M3655IDN NS R4P3327865,10444,P M DE SAO LUIS - SECRETARIA MUNICIPAL DE INFORMACAO E TECNOLOGIA - SEMIT,Devolução,550685,2,2026-03-17 14:42:07,Devolução
125517,56233,"MICRO I3 4GB RAM, SSD 120 GB",3149,P M CAMOCIM / SECRETARIA DE SAÚDE,Substituição Devolução,532555,3,2025-05-14 17:23:07,Substituição Devolução
125518,56233,"MICRO I3 4GB RAM, SSD 120GB NS 4278800000337",10435,INSTITUTO DE GESTÃO E CIDADANIA - UPA HORIZONTE,Substituição Devolução,509679,3,2023-11-23 08:05:09,Substituição Devolução
119458,56426,IMPRESSORA JATO DE TINTA CANON G4111 NS KLWE13502,4029,MOREIA TECNOLOGIA - LOCACOES,Devolução,546307,2,2025-12-18 13:04:30,Devolução
119617,56426,IMPRESSORA JATO DE TINTA CANON G4111 NS KLWE13502,3656,P M DE JUAZEIRO -  MEIO AMBIENTE AUTARQUIA,Substituição Alugado,547072,5,2026-01-09 14:40:30,Substituição Alugado
119530,56427,IMPRESSORA JATO DE TINTA CANON G3110 NS KMVF39085,3622,ALUCOM LOCACOES,Devolução,531460,2,2025-04-27 17:30:35,Devolução
120126,56427,IMPRESSORA JATO DE TINTA CANON G3110 NS KMVF39085,409,PM DE CAUCAIA - SECRETARIA DE TURISMO,Substituição Devolução,553580,3,2026-05-08 16:16:52,Substituição Devolução
120440,56495,"MONITOR LED 21.5"" BLUECASE NS 44766740502",10405,MOREIA TECNOLOGIA,Alugado,507843,1,2023-10-18 12:36:33,Alugado
124573,56495,"MONITOR LED 21,5"" BLUECASE NS 44766740502",3762,P M DE TAUÁ / SECRETARIA DE EDUCAÇÃO,Substituição Alugado,507845,5,2023-10-18 12:43:05,Substituição Alugado
120443,56497,"MONITOR LED 21.5"" BLUECASE NS 44766740672",10405,MOREIA TECNOLOGIA,Devolução,533531,2,2025-05-26 10:30:28,Devolução
124572,56497,"MONITOR LED 21,5"" BLUECASE NS 44766740672",633,P M DE CAUCAIA/ SECRETARIA DESENVOLVIMENTO RURAL,Substituição Alugado,534298,5,2025-06-03 17:45:59,Substituição Alugado
120449,56501,"MONITOR LED 21.5"" BLUECASE NS 44766740855",10405,MOREIA TECNOLOGIA,Alugado,507843,1,2023-10-18 12:36:33,Alugado
124571,56501,"MONITOR LED 21,5"" BLUECASE NS 44766740855",3762,P M DE TAUÁ / SECRETARIA DE EDUCAÇÃO,Substituição Alugado,507845,5,2023-10-18 12:43:05,Substituição Alugado
120555,56519,"MONITOR LED 21.5"" BLUECASE NS 44766740519",,,,,,,Sem Movimento
120962,56519,"MONITOR LED 21,5"" BLUECASE NS 44766740498",3762,P M DE TAUÁ / SECRETARIA DE EDUCAÇÃO,Alugado,505573,1,2023-08-23 17:59:07,Alugado
120556,56520,"MONITOR LED 21.5"" BLUECASE NS 44766740498",,,,,,,Sem Movimento
120977,56520,"MONITOR LED 21,5"" BLUECASE NS 44766740498",10478,MATHEUS - ROTA INHAMUNS - TAUÁ,Devolução,515066,2,2024-04-11 15:19:42,Devolução
120344,56560,"MONITOR LED 23,6"" BLUECASE NS 44767970427",3762,P M DE TAUÁ / SECRETARIA DE EDUCAÇÃO,Substituição Alugado,532921,5,2025-05-20 12:34:10,Substituição Alugado
132853,56560,"MONITOR BLUECASE LED 23,6"" NS 44767970427",10473,P M DE ICÓ - SECRETARIA MUNICIPAL DE EDUCACAO,Substituição Devolução,530924,3,2025-04-14 15:43:10,Substituição Devolução
120348,56564,"MONITOR LED 23,6"" BLUECASE NS 44767970203",10431,ALUCOM LTDA,Alugado,509249,1,2023-11-13 17:46:08,Alugado
125771,56564,"MONITOR LED 23,6"" BLUECASE NS 44767970203",3762,P M DE TAUÁ / SECRETARIA DE EDUCAÇÃO,Substituição Alugado,509252,5,2023-11-13 17:47:45,Substituição Alugado
119770,56591,NOBREAK 700 VA FORCELINE S/N 00104000080000013221568760000000057,,,,,,,Sem Movimento
120552,56591,MONITOR LED 23,10577,ASSEMBLEIA LEGISLATIVA DO ESTADO DO MARANHÃO-ALEMA,Devolução,530729,2,2025-04-10 11:31:02,Devolução
120161,56619,"NOTEBOOK CORE I5 DELL, 8GB RAM, SSD 256GB NS DFFGSX3",,,,,,,Sem Movimento
121690,56619,"NOTEBOOK I5, 8GB RAM, SSD 256GB NS DFFGSX3",4029,MOREIA TECNOLOGIA - LOCACOES,Alugado,508886,1,2023-11-06 10:09:43,Alugado
125135,56619,"NOTEBOOK I5 DELL, 8GB RAM, SSD 256GB NS DFFGSX3",3983,P M DE BARROQUINHA - ADMINISTRAÇÃO E FINANÇAS,Alugado,508885,1,2023-11-06 10:09:17,Alugado
119590,56646,IMPRESSORA CANON JATO DE TINTA G4111 NS KLWE11083,4029,MOREIA TECNOLOGIA - LOCACOES,Alugado,504657,1,2023-08-01 11:22:49,Alugado
119594,56646,IMPRESSORA CANON JATO DE TINTA G4111 NS KLWE11083,11708,PM AQUIRAZ / MEIO AMBIENTE E DESENVOLVIMENTO URBANO-20252208.13,Alugado,543492,1,2025-11-10 12:13:25,Alugado
119538,56650,"MONITOR 19"" LED BLUECASE NS 44766731400",3762,P M DE TAUÁ / SECRETARIA DE EDUCAÇÃO,Substituição Alugado,555501,5,2026-06-17 14:45:38,Substituição Alugado
140463,56650,"MONITOR 19"" LED BLUECASE NS 44766731400",2325,SEC. DE EDUCAÇÃO DE CAUCAIA - ESCOLA MARIETA MOTA GOIS EEIEF - 2014,Substituição Devolução,553888,3,2026-05-15 11:14:54,Substituição Devolução
119578,56665,NOTEBOOK CORE I3 SAMSUNG 4GB HD 1TB NS 09VU9QBR501227,4029,MOREIA TECNOLOGIA - LOCACOES,Alugado,504736,1,2023-08-03 16:23:19,Alugado
119670,56665,NOTEBOOK CORE I3 SAMSUNG 4GB HD 1TB NS 09VU9QBR501227,3908,P M DE BARROQUINHA - SECRETARIA DE SAUDE,Alugado,504732,1,2023-08-03 16:19:45,Alugado
124839,56670,ESTABILIZADOR 300 VA ETERNITY S/N,3622,ALUCOM LOCACOES,Devolução,531460,2,2025-04-27 17:30:35,Devolução
126865,56670,ESTABILIZADOR 300VA ETERNITY S/N,3332,P. M. DE ARACATI - SECRETARIA DE SAÚDE,Substituição Alugado,510235,5,2023-12-05 11:45:49,Substituição Alugado
119611,56677,"MONITOR LED 18.5"" AOC S/N KCYJ8XA013118",3622,ALUCOM LOCACOES,Devolução,531460,2,2025-04-27 17:30:35,Devolução
126867,56677,"MONITOR 18.5"" AOC S/N KCYJ8XA013118",3340,P. M. DE ARACATI - INST. DE QUALIDADE DO MEIO AMBIENTE - IQUAMA,Substituição Alugado,510242,5,2023-12-05 11:55:05,Substituição Alugado
119783,56690,ESTABILIZADOR 300 VA ETERNITY FORCELINE S/N,,,,,,,Sem Movimento
123590,56690,MULTIFUNCIONAL LASER MONO KYOCERA ECOSYS M2040 NS VR92407911,,,,,,,Sem Movimento
137353,56690,ESTABILIZADOR ETERNITY 300VA S/N,3882,"P M DE TAUA - SECRETARIA DE DESENVOVIMENTO RURAL, RECURSOS HIDRICOS, MEIO AMBIENTE E SUSTENTABILIDAD",Alugado,519642,1,2024-07-18 16:55:57,Alugado
119798,56705,ESTABILIZADOR 300 VA ETERNITY,,,,,,,Sem Movimento
122307,56705,ESTABILIZADOR 300 VA ETERNITY S/N,11928,P M SÃO LUIS - SECRETARIA DE TRÂNSITO E TRANSPORTES-SMTT 2026,Alugado,550871,1,2026-03-20 09:46:34,Alugado
122281,56737,ESTABILIZADOR 300 VA ETERNITY S/N,10591,P M SÃO LUIS/SECRETARIA DE TRÂNSITO E TRANSPORTES-SMTT,Alugado,506697,1,2023-09-21 16:32:05,Alugado
122567,56737,TRANSFORMADOR 2000 VA SLIM PREMIUM,,,,,,,Sem Movimento
119843,56750,ESTABILIZADOR 300 VA ETERNITY,,,,,,,Sem Movimento
122270,56750,ESTABILIZADOR 300 VA ETERNITY S/N,10591,P M SÃO LUIS/SECRETARIA DE TRÂNSITO E TRANSPORTES-SMTT,Substituição Devolução,509331,3,2023-11-14 17:24:22,Substituição Devolução
119857,56764,ESTABILIZADOR 300 VA ETERNITY,11928,P M SÃO LUIS - SECRETARIA DE TRÂNSITO E TRANSPORTES-SMTT 2026,Alugado,550871,1,2026-03-20 09:46:34,Alugado
122366,56764,ESTABILIZADOR 300 VA ETERNITY,10591,P M SÃO LUIS/SECRETARIA DE TRÂNSITO E TRANSPORTES-SMTT,Devolução,528487,2,2025-02-26 09:59:18,Devolução
119644,56885,"MONITOR 19"" LED BLUECASE NS 44766731344",3622,ALUCOM LOCACOES,Devolução,531460,2,2025-04-27 17:30:35,Devolução
126989,56885,"MONITOR 19"" LED BLUECASE NS 44766731344",3500,BASE CAUCAIA - ANTONIO VIEIRA - ROTA LITORAL NORTE,Devolução,512440,2,2024-02-01 14:42:55,Devolução
119747,56938,"MICRO I7 4GB RAM, SSD 120 NS 04233011402101000186",3576,IZZI SOLUÇÕES EM COBRANÇAS E TELEATENDIMENTO LTDA,Devolução,512738,2,2024-02-20 11:49:16,Devolução
130404,56938,"MICRO I7, 8GB RAM, SSD 240GB",514,P M DE CAUCAIA / SECRETARIA DE ADMINISTRAÇÃO,Substituição Alugado,513618,5,2024-03-11 13:59:31,Substituição Alugado
120099,56949,IMPRESSORA JATO DE TINTA CANON G3110 NS KLPJ94161,3622,ALUCOM LOCACOES,Devolução,531460,2,2025-04-27 17:30:35,Devolução
123319,56949,IMPRESSORA JATO DE TINTA CANON G3110 NS KLPJ94161,4094,CLEITON ROCHA - ROTA LITORAL LESTE - ARACATI,Devolução,511817,2,2024-01-16 14:36:22,Devolução
121869,57004,"MICRO I5 8GB RAM, SSD 240GB NS 04233011402101001613",11928,P M SÃO LUIS - SECRETARIA DE TRÂNSITO E TRANSPORTES-SMTT 2026,Alugado,550871,1,2026-03-20 09:46:34,Alugado
143777,57004,"MICRO I5 8GB RAM, SSD 240GB NS 04233011402101001613",2574,P M CAMOCIM / SECRETARIA DE SAÚDE,Substituição Devolução,538964,3,2025-08-22 16:20:02,Substituição Devolução
120105,57059,NOBREAK DE TENSÃO 1200 VA NEW OFFICE NS 00108000130000006231786610000000656,,,,,,,Sem Movimento
121087,57059,NOBREAK DE TENSAO 1200 VA NEW OFFICE NS 00108000130000006231786610000000656,,,,,,,Sem Movimento
120114,57068,NOBREAK DE TENSÃO 1200 VA NEW OFFICE NS 00108000130000006231786610000000638,,,,,,,Sem Movimento
121084,57068,NOBREAK DE TENSAO 1200 VA NEW OFFICE NS 00108000130000006231786610000000638,,,,,,,Sem Movimento
120118,57072,NOBREAK DE TENSÃO 1200 VA NEW OFFICE NS 00108000130000006231786610000000640,3762,P M DE TAUÁ / SECRETARIA DE EDUCAÇÃO,Substituição Alugado,532921,5,2025-05-20 12:34:10,Substituição Alugado
121088,57072,NOBREAK DE TENSAO 1200 VA NEW OFFICE NS 00108000130000006231786610000000640,10684,CLEITON - ROTA INHAMUNS,Devolução,531080,2,2025-04-16 16:01:22,Devolução
120121,57075,NOBREAK DE TENSAO 1200 VA NEW OFFICE NS 00108000130000006231786610000000618,3762,P M DE TAUÁ / SECRETARIA DE EDUCAÇÃO,Substituição Devolução,530831,3,2025-04-12 11:03:06,Substituição Devolução
121113,57075,NOBREAK DE TENSAO 1200 VA NEW OFFICE NS 00108000130000006231786610000000618,3762,P M DE TAUÁ / SECRETARIA DE EDUCAÇÃO,Devolução,526963,2,2025-02-06 09:28:05,Devolução
121895,57088,"MONITOR 19"" BLUECASE NS 44766731468",3638,P M IGUATU / FUNDAÇÃO DE SAÚDE - FUSPI,Devolução,521240,2,2024-08-27 17:06:39,Devolução
140146,57088,"MONITOR 19"" BLUECASE NS 44766731468",11297,MULTINTEGRADA PINDORETAMA,Substituição Devolução,529281,3,2025-01-29 11:59:42,Substituição Devolução
119935,57100,"MICRO I7 8GB RAM, SSD 120GB NS 04233011402101000046",3576,IZZI SOLUÇÕES EM COBRANÇAS E TELEATENDIMENTO LTDA,Substituição Alugado,541322,5,2025-10-02 13:01:27,Substituição Alugado
143866,57100,"MICRO I7 8GB RAM, SSD 120GB NS 04233011402101000046",10662,ALUCOM - BASE SANTOS DUMONT,Devolução,539409,2,2025-09-01 12:31:49,Devolução
119936,57101,"MICRO I7 8GB RAM, SSD 120GB NS 04233011402101000343",3576,IZZI SOLUÇÕES EM COBRANÇAS E TELEATENDIMENTO LTDA,Devolução,512738,2,2024-02-20 11:49:16,Devolução
130407,57101,"MICRO I7, 8GB RAM, SSD 240GB",514,P M DE CAUCAIA / SECRETARIA DE ADMINISTRAÇÃO,Substituição Alugado,513624,5,2024-03-11 14:00:21,Substituição Alugado
119944,57107,"MICRO I7 8GB RAM, SSD 120GB NS 04233011402101000021",3576,IZZI SOLUÇÕES EM COBRANÇAS E TELEATENDIMENTO LTDA,Devolução,512738,2,2024-02-20 11:49:16,Devolução
131877,57107,"MICRO I7 8GB RAM, SSD 120GB NS 04233011402101000021",11924,P M DE SAO LUIS - SEC MUNICIPAL DE SEGURANCA COM CIDADANIA - SEMUSC 2026,Alugado,551142,1,2026-03-25 10:43:03,Alugado
120170,57122,NOBREAK DE TENSÃO 1200 VA NEW OFFICE NS 00108000130000006231786610000000614,4508,P M DE SAO LUIS - SECRETARIA MUNICIPAL DE INFORMACAO E TECNOLOGIA - SEMIT,Substituição Devolução,526674,3,2025-02-03 11:48:49,Substituição Devolução
121100,57122,NOBREAK DE TENSAO 1200 VA NEW OFFICE NS 00108000130000006231786610000000614,,,,,,,Sem Movimento
120134,57151,"MONITOR LED 18.5"" AOC S/N HND58IA009175",3500,BASE CAUCAIA - ANTONIO VIEIRA - ROTA LITORAL NORTE,Devolução,512588,2,2024-02-08 09:48:50,Devolução
129779,57151,"MONITOR LED 18,5"" AOC S/N HND58IA009175",3594,P M DE ITAPIUNA/SECRETARIA DE SAÚDE,Substituição Devolução,523724,3,2024-11-06 12:02:41,Substituição Devolução
120662,57278,"MONITOR 19"" BLUECASE NS 44766731478",4029,MOREIA TECNOLOGIA - LOCACOES,Alugado,505174,1,2023-08-17 11:49:28,Alugado
120666,57278,"MONITOR 19"" BLUECASE NS 44766731478",888,P M DE CAUCAIA - SECRETARIA DE EDUCAÇÃO,Substituição Alugado,536503,5,2025-07-10 09:00:31,Substituição Alugado
120638,57417,ROTEADOR WIRELESS GOLDENTEC GIGABIT AC1200 NS 1100262120302347,3163,MOREIA TECNOLOGIA -  MANUTENÇÃO DE EQUIPAMENTOS,Devolução,507579,2,2023-10-11 15:45:11,Devolução
140258,57417,ROTEADOR WIRELESS GOLDENTEC GIGABIT AC1200 NS 1100262120302347,10941,CAMPANHA EVANDRO PT 2024,Devolução,523269,2,2024-10-28 08:42:01,Devolução
120717,57479,"MICRO I5 3.2GHZ, 4GB RAM, SSD 480GB",4029,MOREIA TECNOLOGIA - LOCACOES,Alugado,515909,1,2024-04-29 11:22:52,Alugado
131041,57479,"MICRO I5 3.2GHZ 4GB RAM, SSD 120GB",3083,P.M DE CAUCAIA - SAÚDE - UBS ERNANDO PIRES DE SOUSA,Substituição Alugado,554582,5,2026-05-28 10:54:10,Substituição Alugado
120781,57489,MULTIFUNCIONAL JATO DE TINTA CANON G3110 NS KNJF62038,888,P M DE CAUCAIA - SECRETARIA DE EDUCAÇÃO,Substituição Devolução,513880,3,2024-03-14 12:01:58,Substituição Devolução
130513,57489,MULTIFUNCIONAL JATO DE TINTA CANON G3110 NS KNJF62038,3587,P M INDEPENDÊNCIA/FUNDO MUNICIPAL DE SAÚDE,Substituição Devolução,516177,3,2024-05-02 16:33:16,Substituição Devolução
120794,57492,ESTABILIZADOR 500VA BEM LIGADO NS 12223160300801000083,4029,MOREIA TECNOLOGIA - LOCACOES,Alugado,509816,1,2023-11-27 08:00:07,Alugado
126382,57492,IMPRESSORA JATO DE TINTA CANON G4111 NS KLWE11573,10523,RODRIGUES/RENAN - ROTA LITORIAL LESTE,Devolução,513470,2,2024-03-07 11:33:25,Devolução
120897,57567,ESTABILIZADOR 1050 VA COLETEC ES NS 09223160500801000103,3762,P M DE TAUÁ / SECRETARIA DE EDUCAÇÃO,Alugado,505873,1,2023-08-30 17:35:09,Alugado
120990,57567,"MONITOR 19"" BLUECASE NS 44766730887",,,,,,,Sem Movimento
121001,57706,ESTABILIZADOR 500VA BEM LIGADO NS 12223160300801000043,4481,P M DE TAUA - GABINETE,Alugado,505624,1,2023-08-24 17:28:47,Alugado
121002,57706,ESTABILIZADOR 500 VA BEM LIGADO NS 35955061364,3887,P M DE TAUA - GABINETE DO PREFEITO,Alugado,505625,1,2023-08-24 17:43:19,Alugado
121029,57742,"THINKCENTRE CORE I5 8GB RAM, SSD 256GB NS 2UA622259N",10577,ASSEMBLEIA LEGISLATIVA DO ESTADO DO MARANHÃO-ALEMA,Devolução,520211,2,2024-08-06 10:14:24,Devolução
143176,57742,"THINKCENTRE I5 8GB RAM, SSD 256GB NS 2UA622259N",3576,IZZI SOLUÇÕES EM COBRANÇAS E TELEATENDIMENTO LTDA,Substituição Alugado,545629,5,2025-12-09 09:04:15,Substituição Alugado
121404,57768,ESTABILIZADOR 500VA BEM LIGADO NS 10223160300801002783,,,,,,,Sem Movimento
123649,57768,ESTABILIZADOR 500VA BEM LIGADO NS 10223160300801002783,3500,BASE CAUCAIA - ANTONIO VIEIRA - ROTA LITORAL NORTE,Devolução,508994,2,2023-11-08 08:31:45,Devolução
121410,57771,ESTABILIZADOR 500VA BEM LIGADO NS 12223160300801000193,3500,BASE CAUCAIA - ANTONIO VIEIRA - ROTA LITORAL NORTE,Devolução,546678,2,2025-12-30 07:53:42,Devolução
123652,57771,ESTABILIZADOR 500VA BEM LIGADO NS 12223160300801000193,888,P M DE CAUCAIA - SECRETARIA DE EDUCAÇÃO,Substituição Devolução,529295,3,2025-03-13 11:06:11,Substituição Devolução
121428,57782,ESTABILIZADOR 500VA BEM LIGADO NS 12223160300801000132,4539,P M DE SAO LUIS  - SECRETARIA MUNIC DA CRIANCA E ASSIST SOCIAL  - SEMCAS,Alugado,539779,1,2025-09-05 08:34:07,Alugado
123663,57782,ESTABILIZADOR 500VA BEM LIGADO NS 12223160300801000132,888,P M DE CAUCAIA - SECRETARIA DE EDUCAÇÃO,Substituição Devolução,533657,3,2025-05-27 09:37:12,Substituição Devolução
121442,57795,ESTABILIZADOR 500VA BEM LIGADO NS 12223160300801000162,,,,,,,Sem Movimento
126818,57795,ESTABILIZADOR 500 VA BEM LIGADO NS 12223160300801000162,10693,PM TAUÁ - SERVIÇO AUTÔNOMO DE SANEAMENTO AMBIENTAL RURAL - SESAR,Alugado,510133,1,2023-12-04 09:46:49,Alugado
121457,57811,ESTABILIZADOR 500VA BEM LIGADO NS 12223160300801000197,10405,MOREIA TECNOLOGIA,Alugado,508098,1,2023-10-20 14:24:51,Alugado
124679,57811,ESTABILIZADOR 500 VA BEM LIGADO NS 12223160300801000197,3576,IZZI SOLUÇÕES EM COBRANÇAS E TELEATENDIMENTO LTDA,Substituição Alugado,508100,5,2023-10-20 14:27:04,Substituição Alugado
121458,57812,ESTABILIZADOR 500VA BEM LIGADO NS 12223160300801000180,,,,,,,Sem Movimento
129791,57812,ESTABILIZADOR 500 VA BEM LIGADO NS 12223160300801000180,3657,P M DE JUAZEIRO - GUARDA CIVIL,Substituição Devolução,522344,3,2024-09-25 15:05:22,Substituição Devolução
121460,57813,ESTABILIZADOR 500VA BEM LIGADO NS 12223160300801000111,10431,ALUCOM LTDA,Alugado,512665,1,2024-02-16 08:35:51,Alugado
129246,57813,ESTABILIZADOR 500VA BEM LIGADO NS 12223160300801000111,4427,P M DE CAUCAIA - SECRETARIA DO GOVERNO - SEGOV,Substituição Alugado,512876,5,2024-02-26 15:08:56,Substituição Alugado
121470,57814,ESTABILIZADOR 500VA BEM LIGADO NS 10223160300801002785,10431,ALUCOM LTDA,Alugado,508002,1,2023-10-19 13:40:01,Alugado
124619,57814,ESTABILIZADOR 500VA BEM LIGADO NS 10223160300801002785,3500,BASE CAUCAIA - ANTONIO VIEIRA - ROTA LITORAL NORTE,Devolução,523734,2,2024-11-06 14:32:43,Devolução
121482,57819,ESTABILIZADOR 500VA BEM LIGADO NS 12223160300801000112,,,,,,,Sem Movimento
127563,57819,ESTABILIZADOR 500VA BEM LIGADO NS 12223160300801000112,11380,ISV - UPA JUREMA,Substituição Devolução,531195,3,2024-09-05 15:28:31,Substituição Devolução
121490,57824,ESTABILIZADOR 500VA BEM LIGADO NS 10223160300801002803,888,P M DE CAUCAIA - SECRETARIA DE EDUCAÇÃO,Substituição Alugado,554858,5,2026-06-03 08:38:13,Substituição Alugado
131197,57824,ESTABILIZADOR 500VA BEM LIGADO NS 10223160300801002803,10841,P M TIANGUÁ/ SECRETARIA DE SAÚDE,Substituição Devolução,532313,3,2025-05-12 12:01:49,Substituição Devolução
121768,57845,ESTABILIZADOR 500VA BEM LIGADO NS 12223160300801000222,4448,P M CAUCAIA - SAUDE SEDE UBS 2022,Substituição Alugado,545641,5,2025-12-09 10:05:31,Substituição Alugado
127548,57845,ESTABILIZADOR 500VA BEM LIGADO NS 07233160300801001182,11380,ISV - UPA JUREMA,Substituição Devolução,539258,3,2025-08-28 10:20:11,Substituição Devolução
121786,57852,ESTABILIZADOR 500VA BEM LIGADO NS 12223160300801000063,,,,,,,Sem Movimento
131714,57852,ESTABILIZADOR 500VA BEM LIGADO NS 12223160300801000063,10841,P M TIANGUÁ/ SECRETARIA DE SAÚDE,Devolução,524756,2,2024-12-13 14:48:28,Devolução
121800,57858,ESTABILIZADOR 500VA BEM LIGADO NS 12223160300801000093,,,,,,,Sem Movimento
127558,57858,ESTABILIZADOR 500VA BEM LIGADO NS 12223160300801000093,3500,BASE CAUCAIA - ANTONIO VIEIRA - ROTA LITORAL NORTE,Devolução,520395,2,2024-08-09 14:13:55,Devolução
121197,57921,"MONITOR 19"" BLUECASE NS 44766730844",3622,ALUCOM LOCACOES,Devolução,531460,2,2025-04-27 17:30:35,Devolução
129871,57921,"MONITOR 19"" BLUECASE NS 44766730844",10662,ALUCOM - BASE SANTOS DUMONT,Alugado,513149,1,2024-02-29 16:33:57,Alugado
121198,57922,"MONITOR 19"" BLUECASE NS 44766731416",3576,IZZI SOLUÇÕES EM COBRANÇAS E TELEATENDIMENTO LTDA,Alugado,505876,1,2023-08-30 17:54:16,Alugado
135132,57922,"MONITOR 19"" LED BLUECASE NS 44766731416",888,P M DE CAUCAIA - SECRETARIA DE EDUCAÇÃO,Substituição Alugado,518265,5,2024-06-13 08:07:56,Substituição Alugado
121365,58023,ESTABILIZADOR 500VA BEM LIGADO NS 07233160300801001345,888,P M DE CAUCAIA - SECRETARIA DE EDUCAÇÃO,Substituição Devolução,537309,3,2025-07-24 16:14:31,Substituição Devolução
126827,58023,ESTABILIZADOR 500 VA BEM LIGADO NS 07233160300801001345,3500,BASE CAUCAIA - ANTONIO VIEIRA - ROTA LITORAL NORTE,Devolução,536523,2,2025-07-10 11:14:38,Devolução
121375,58033,ESTABILIZADOR 500VA BEM LIGADO NS 07233160300801001185,236,P M DE CAUCAIA / PROCURADORIA,Substituição Alugado,544224,5,2025-11-14 09:02:57,Substituição Alugado
127561,58033,ESTABILIZADOR 500VA BEM LIGADO NS 07233160300801001185,346,P  M DE  CAUCAIA -  SAUDE SEDE,Devolução,529643,2,2025-03-20 10:08:33,Devolução
121382,58040,ESTABILIZADOR 500VA BEM LIGADO NS 07233160300801001214,,,,,,,Sem Movimento
130511,58040,ESTABILIZADOR 500 VA BEM LIGADO NS 07233160300801001214,3576,IZZI SOLUÇÕES EM COBRANÇAS E TELEATENDIMENTO LTDA,Substituição Devolução,529824,3,2025-03-24 15:03:54,Substituição Devolução
121389,58047,ESTABILIZADOR 500VA BEM LIGADO NS 07233160300801001297,,,,,,,Sem Movimento
127764,58047,ESTABILIZADOR 500VA BEM LIGADO NS 07233160300801001297,3997,P.M DE CAMOCIM - ADMINISTRAÇÃO,Substituição Devolução,525529,3,2025-01-13 17:13:25,Substituição Devolução
121665,58144,ESTABILIZADOR 500VA BEM LIGADO NS 07233160300801000887,,,,,,,Sem Movimento
129790,58144,ESTABILIZADOR 500 VA BEM LIGADO NS 07233160300801000887,3657,P M DE JUAZEIRO - GUARDA CIVIL,Substituição Devolução,522344,3,2024-09-25 15:05:22,Substituição Devolução
121839,58370,IMPRESSORA JATO DE TINTA CANON G4111 NS KLWE14621,3622,ALUCOM LOCACOES,Devolução,531460,2,2025-04-27 17:30:35,Devolução
124787,58370,IMPRESSORA JATO DE TINTA CANON G4111 NS KLWE14621,3500,BASE CAUCAIA - ANTONIO VIEIRA - ROTA LITORAL NORTE,Devolução,510869,2,2023-12-20 16:55:50,Devolução
121841,58371,IMPRESSORA JATO DE TINTA CANON G3110 NS KLTP59834,10523,RODRIGUES/RENAN - ROTA LITORIAL LESTE,Devolução,511377,2,2024-01-04 16:35:04,Devolução
127772,58371,IMPRESSORA JATO DE TINTA CANON G3110 NS KLTP59834,2672,RAFAEL ONORIO - ROTA ZONA NORTE,Devolução,516580,2,2024-05-08 17:39:55,Devolução
121842,58376,MULTIFUNCIONAL LASER MONO RICOH SP 3510 SF S/N T336QC10582,11875,PM ACOPIARA/ SECRETARIA DE TRABALHO E DES.SOCIAL 2026,Alugado,549845,1,2026-03-05 08:28:05,Alugado
138838,58376,MULTIFUNCIONAL LASER MONO RICOH SP 3510 SF S/N T336QC10582,2081,P. M. DE ACOPIARA- LICITAÇÃO - ADM E  FINANÇAAS,Devolução,549817,2,2026-03-05 07:50:54,Devolução
122164,58432,"MICRO CORE I5, 8GB RAM, SSD 256GB NS 49370370079",11928,P M SÃO LUIS - SECRETARIA DE TRÂNSITO E TRANSPORTES-SMTT 2026,Alugado,550871,1,2026-03-20 09:46:34,Alugado
122919,58432,NOBREAK 700 VA NEW OFFICE SECURITY NS 00104000080000032231903380000000188,,,,,,,Sem Movimento
122166,58434,"MICRO CORE I5, 8GB RAM, SSD 256GB NS 49370370095",10432,ALUCOM LTDA,Alugado,509521,1,2023-11-20 11:05:18,Alugado
122921,58434,NOBREAK 700 VA NEW OFFICE SECURITY NS 00104000080000028231886980000000082,10431,ALUCOM LTDA,Devolução,509520,2,2023-11-20 11:04:45,Devolução
125972,58434,"MICRO I5 8GB RAM, SSD 256GB, 4* GERAÇÃO NS 49370370095",4463,P M DE FORTALEZA - SECRETARIA MUNICIPAL DA GESTAO REGIONAL - SEGER,Substituição Alugado,550913,5,2026-03-23 07:53:53,Substituição Alugado
122167,58435,"MICRO CORE I5, 8GB RAM, SSD 256GB NS 49370370078",10591,P M SÃO LUIS/SECRETARIA DE TRÂNSITO E TRANSPORTES-SMTT,Alugado,506692,1,2023-09-21 15:54:58,Alugado
122922,58435,NOBREAK 700 VA NEW OFFICE SECURITY NS 00104000080000028231886980000000081,,,,,,,Sem Movimento
122213,58558,"MICRO I7 8GB RAM, SSD 128GB NS 49370370740",4029,MOREIA TECNOLOGIA - LOCACOES,Alugado,506497,1,2023-09-15 11:57:07,Alugado
122217,58558,"MICRO I7 8GB RAM, SSD 128GB NS 49370370740",3576,IZZI SOLUÇÕES EM COBRANÇAS E TELEATENDIMENTO LTDA,Substituição Alugado,506499,5,2023-09-15 11:59:07,Substituição Alugado
122517,58685,TRANSFORMADOR 2000 VA SLIM PREMIUM,3628,P M DE JUAZEIRO  - FINANCAS,Alugado,533002,1,2025-05-20 17:38:37,Alugado
129020,58685,TRANSFORMADOR 2000VA FORCELINE SN,3628,P M DE JUAZEIRO  - FINANCAS,Alugado,533002,1,2025-05-20 17:38:37,Alugado
122560,58728,TRANSFORMADOR 2000 VA SLIM PREMIUM,888,P M DE CAUCAIA - SECRETARIA DE EDUCAÇÃO,Substituição Alugado,527125,5,2025-02-10 10:44:58,Substituição Alugado
143111,58728,TRANSFORMADOR 2000 VA SLIM PREMIUM	S/N,3500,BASE CAUCAIA - ANTONIO VIEIRA - ROTA LITORAL NORTE,Alugado,522698,1,2024-10-10 08:05:22,Alugado
122566,58736,TRANSFORMADOR 2000 VA SLIM PREMIUM,,,,,,,Sem Movimento
122859,58736,WEBCAM BLUECASE ULTRA HD BWEBUHD-01 S/N,3692,P M DE CASCAVEL - ADMINISTRAÇÃO,Devolução,546781,2,2026-01-02 08:55:11,Devolução
123003,59335,"MICRO I5 3.2GHZ, MEMORIA 4GB, HD 500GB, GRAV DVD",,,,,,,Sem Movimento
124775,59335,SCANNER DE MESA BROTHER ADS 3600W NS U64279A7G152765,10587,FUNDO MUNICIPAL DE SAÚDE - FMS,Alugado,508372,1,2023-10-25 16:56:44,Alugado
122996,59393,MICRO I3 4GB HD 500,3622,ALUCOM LOCACOES,Devolução,531460,2,2025-04-27 17:30:35,Devolução
124717,59393,MICRO I3 4GB HD 500,4322,P M DE ARACATI - CRAS,Alugado,530887,1,2025-04-14 08:24:37,Alugado
123691,59700,TRANSFORMADOR 2000VA SLIM PREMIUM,10645,CONSELHO REGIONAL DE ENFERMAGEM DO CEARÁ-COREN FORTALEZA,Alugado,507329,1,2023-10-09 12:44:17,Alugado
124439,59700,TRANSFORMADOR SLIM PREMIUM 2000VA SN,10622,FUNDO MUNICIPAL DE SAÚDE-UPA CRUZ DAS ARMAS,Alugado,507755,1,2023-10-17 10:15:54,Alugado
123472,59755,MULTIFUNCIONAL LASER MONO KYOCERA ECOSYS M2040 NS VR92804351,10475,ALUCOM SAO LUIS,Devolução,546341,2,2025-12-18 16:37:25,Devolução
124650,59755,MULTIFUNCIONAL LASER MONO KYOCERA ECOSYS M2040,888,P M DE CAUCAIA - SECRETARIA DE EDUCAÇÃO,Substituição Alugado,546832,5,2026-01-05 08:46:15,Substituição Alugado
123474,59757,MULTIFUNCIONAL LASER MONO KYOCERA ECOSYS M2040 NS VR92X06706,2492,SEC. DE EDUCAÇÃO DE CAUCAIA - ESCOLA FRANCISCO NUNES DE MIRANDA,Substituição Alugado,552545,5,2026-04-20 14:51:22,Substituição Alugado
124655,59757,MULTIFUNCIONAL LASER MONO  KYOCERA ECOSYS M2040 NS VR92X06706,4508,P M DE SAO LUIS - SECRETARIA MUNICIPAL DE INFORMACAO E TECNOLOGIA - SEMIT,Devolução,530673,2,2025-04-09 12:46:11,Devolução
123475,59758,MULTIFUNCIONAL LASER MONO KYOCERA ECOSYS M2040 NS VR92804344,10756,SECRETARIA MUNICIPAL DE INFORMACAO E TECNOLOGIA - SEMIT,Devolução,551299,2,2026-03-27 15:03:30,Devolução
124654,59758,MULTIFUNCIONAL LASER MONO  KYOCERA ECOSYS M2040 NS VR92804344,11933,INSTITUTO DE PREVIDENCIA E ASSISTENCIA DO MUNICIPIO - IPAM 2026,Alugado,551289,1,2026-03-27 12:09:17,Alugado
123479,59762,MULTIFUNCIONAL LASER MONO KYOCERA ECOSYS M2040 NS VR92X06553,11923,PM SÃO LUIS / SECRETARIA DE INFORMACAO E TECNOLOGIA - SEMIT 2026,Alugado,550787,1,2026-03-18 15:31:47,Alugado
126192,59762,MULTIFUNCIONAL LASER MONO KYOCERA ECOSYS M2040 NS VR92X06553,10437,P M ICÓ/ SECRETARIA DE ADMINISTRAÇÃO E FINANÇAS/TESOURARIA,Substituição Devolução,519680,3,2024-07-22 16:59:37,Substituição Devolução
123450,59766,MULTIFUNCIONAL LASER MONO KYOCERA M3655IDN NSR4P3327828,10639,P M CANINDÉ/ SECRETARIA DE EDUCAÇÃO,Devolução,508494,2,2023-10-27 12:14:28,Devolução
127111,59766,MULTIFUNCIONAL LASER MONO KYOCERA ECOSYS NS R4P3327828,10701,CARTORIO DO 2 OFICIO DE TAUÁ,Alugado,510643,1,2023-12-15 15:45:55,Alugado
123395,59785,TRANSFORMADOR 2000VA SLIM PREMIUM SN,10639,P M CANINDÉ/ SECRETARIA DE EDUCAÇÃO,Devolução,552455,2,2026-04-17 08:41:05,Devolução
124645,59785,TRANSFORMADOR 2000 VA SLIM PREMIUM S/N,10654,AGÊNCIA DA RECEITA FEDERAL DO BRASIL DE CHAPECÓ - RESERVA,Alugado,508091,1,2023-10-20 12:12:26,Alugado
123642,59989,"MONITOR 19"" LED BLUECASE NS 48366731301",11297,MULTINTEGRADA PINDORETAMA,Devolução,532645,2,2025-05-15 17:02:32,Devolução
129778,59989,"MONITOR 19"" BLUECASE NS 48366731301",3594,P M DE ITAPIUNA/SECRETARIA DE SAÚDE,Substituição Devolução,521759,3,2024-09-11 08:35:52,Substituição Devolução
124407,60452,MULTIFUNCIONAL LASER MONO KYOCERA ECOSYS M3655IDN NS R4P3327566,10629,COLEGIO MILITAR DE FORTALEZA,Substituição Devolução,550542,3,2026-03-16 08:31:47,Substituição Devolução
127040,60452,IMPRESSORA MULTIFUNCIONAL LASER MONO KYOCERA ECOSYS M3655IDN NS R4P3327566,11923,PM SÃO LUIS / SECRETARIA DE INFORMACAO E TECNOLOGIA - SEMIT 2026,Substituição Alugado,551018,5,2026-03-23 16:18:16,Substituição Alugado
124408,60453,MULTIFUNCIONAL LASER MONO KYOCERA ECOSYS M3655IDN NS R4P3327819,10469,CONSELHO REGIONAL DE ENFERMAGEM DO DISTRITO FEDERAL - COREN-DF,Devolução,545587,2,2025-12-08 14:00:27,Devolução
127041,60453,IMPRESSORA MULTIFUNCIONAL LASER MONO KYOCERA ECOSYS M3655IDN NS R4P3327819,10672,BASE ALUCOM - SÃO LUIS,Devolução,553677,2,2026-05-11 10:10:16,Devolução
124415,60457,MULTIFUNCIONAL LASER MONO KYOCERA ECOSYS M3655IDN NSR4P3327568,10706,SECRETARIA MUNICIPAL DE SEGURANÇA ALIMENTAR - SEMSA,Devolução,550771,2,2026-03-18 11:18:40,Devolução
127045,60457,IMPRESSORA MULTIFUNCIONAL LASER MONO KYOCERA ECOSYS M3655IDN NSR4P3327568,11923,PM SÃO LUIS / SECRETARIA DE INFORMACAO E TECNOLOGIA - SEMIT 2026,Alugado,550787,1,2026-03-18 15:31:47,Alugado
124414,60458,MULTIFUNCIONAL LASER MONO KYOCERA ECOSYS M3655IDN NS R4P3327883,10707,FUNDAÇÃO NACIONAL DO PATRIMÔNIO HISTÓRICO DE SÃO LUIS - FUMPH,Devolução,550772,2,2026-03-18 11:23:24,Devolução
127046,60458,IMPRESSORA MULTIFUNCIONAL LASER MONO KYOCERA ECOSYS M3655IDN NS R4P3327883,11923,PM SÃO LUIS / SECRETARIA DE INFORMACAO E TECNOLOGIA - SEMIT 2026,Alugado,550787,1,2026-03-18 15:31:47,Alugado
125117,60583,"MONITOR LED 23"" BLUECASE NS 48367970364",,,,,,,Sem Movimento
135887,60583,"MONITOR 23,6"" LED BLUECASE NS 48367970364",3892,"P M DE TAUA - SECRETARIA DO TRABALHO , DESENVOLVIMENTO ECONOMICO, TECNOLOGICO,CIENTIFICO E EMPREEDED",Alugado,518812,1,2024-06-26 12:47:30,Alugado
125118,60584,"MONITOR LED 23"" BLUECASE NS 48367970362",,,,,,,Sem Movimento
135891,60584,"MONITOR 23,6"" LED BLUECASE NS 48367970364",3892,"P M DE TAUA - SECRETARIA DO TRABALHO , DESENVOLVIMENTO ECONOMICO, TECNOLOGICO,CIENTIFICO E EMPREEDED",Alugado,518812,1,2024-06-26 12:47:30,Alugado
125126,60592,"MONITOR LED 23"" BLUECASE NS 48367970094",,,,,,,Sem Movimento
127116,60592,"MONITOR 23,6"" LED BLUECASE NS 48367970094",3605,MOREIA TECNOLOGIA LOCACAO,Devolução,549379,2,2026-02-26 14:26:23,Devolução
127118,60592,"MONITOR LED 23,6"" BLUECASE NS 48367970094",10714,P M SÃO LUIS - SECRETARIA DE TRÂNSITO E TRANSPORTES-SMTT - RESERVA,Devolução,534756,2,2025-06-10 13:01:20,Devolução
125127,60593,"MONITOR LED 23"" BLUECASE NS 48367970113",,,,,,,Sem Movimento
128010,60593,"MONITOR 23"" BLUECASE NS 48367970113",3500,BASE CAUCAIA - ANTONIO VIEIRA - ROTA LITORAL NORTE,Devolução,518894,2,2024-06-28 11:19:09,Devolução
125130,60596,"MONITOR LED 23"" BLUECASE NS 48367970227",,,,,,,Sem Movimento
136114,60596,"MONITOR BLUECASE LED 23,6"" NS 48367970227",3892,"P M DE TAUA - SECRETARIA DO TRABALHO , DESENVOLVIMENTO ECONOMICO, TECNOLOGICO,CIENTIFICO E EMPREEDED",Alugado,518812,1,2024-06-26 12:47:30,Alugado
125131,60597,"MONITOR LED 23"" BLUECASE NS 48367970136",,,,,,,Sem Movimento
136115,60597,"MONITOR BLUECASE LED 23,6"" NS 48367970227",3892,"P M DE TAUA - SECRETARIA DO TRABALHO , DESENVOLVIMENTO ECONOMICO, TECNOLOGICO,CIENTIFICO E EMPREEDED",Alugado,518812,1,2024-06-26 12:47:30,Alugado
124633,60641,MULTIFUNCIONAL LASER MONO KYOCERA M3655IDN NS R4P3327907,,,,,,,Sem Movimento
124993,60641,"MONITOR LED 19"" BLUECASE NS 48366730471",10577,ASSEMBLEIA LEGISLATIVA DO ESTADO DO MARANHÃO-ALEMA,Alugado,508879,1,2023-11-06 09:25:18,Alugado
124634,60642,MULTIFUNCIONAL LASER MONO KYOCERA ECOSYS M3655IDN NS R4P3327674,,,,,,,Sem Movimento
124994,60642,"MONITOR LED 19"" BLUECASE NS 48366730445",10577,ASSEMBLEIA LEGISLATIVA DO ESTADO DO MARANHÃO-ALEMA,Alugado,508879,1,2023-11-06 09:25:18,Alugado
124535,60790,MULTIFUNCIONAL JATO DE TINTA CANON G3110 NS KMVF40241,4029,MOREIA TECNOLOGIA - LOCACOES,Alugado,507766,1,2023-10-17 10:59:37,Alugado
124536,60790,MULTIFUNCIONAL JATO DE TINTA CANON G3110 NS KMVF40241,3875,P M DE BARROQUINHA - SECRETARIA MUNICIPAL DE EDUCACAO,Substituição Devolução,556214,3,2026-06-30 16:03:06,Substituição Devolução
125732,60806,ESTABILIZADOR 300VA RAGTECH SN,4029,MOREIA TECNOLOGIA - LOCACOES,Devolução,542858,2,2025-10-29 09:24:23,Devolução
125733,60806,ESTABILIZADOR 300 VA RAGTECH SN,10684,CLEITON - ROTA INHAMUNS,Alugado,509223,1,2023-11-13 11:59:43,Alugado
124612,61011,"MICRO I5 8GB RAM, SSD 120 GB NS 49370371034",,,,,,,Sem Movimento
128937,61011,TRANSFORMADOR 2000VA SLIM PREMIUM FORCELINE SN,10736,CONSÓRCIO INTERFEDERATIVO DE SAÚDE DO NORDESTE DE SANTA CATARINA - CISNORDESTE,Alugado,512254,1,2024-01-29 09:52:54,Alugado
128017,61199,TRANSFORMADOR 200VA SLIM PREMIUM S/N,10715,COMANDO DA 10ª REGIÃO MILITAR - FORTALEZA,Devolução,513303,2,2024-03-05 16:27:37,Devolução
138404,61199,TRANSFORMADOR 200VA SLIM PREMIUM S/N,10906,CAMPANHA RERIUTABA 2024,Devolução,527695,2,2025-02-14 16:54:56,Devolução
124711,61229,MULTIFUNCIONAL LASER MONO RICOH SP-377 SFNWX NS Y937ZC12518,,,,,,,Sem Movimento
125331,61229,NOBREAK 700 VA MAX SECURITY NS 00104000080000032231903380000000084,10577,ASSEMBLEIA LEGISLATIVA DO ESTADO DO MARANHÃO-ALEMA,Alugado,509321,1,2023-11-14 11:45:53,Alugado
124690,61294,"MICRO CORE I5 8GB RAM, SSD 240GB NS 49370370035",11928,P M SÃO LUIS - SECRETARIA DE TRÂNSITO E TRANSPORTES-SMTT 2026,Alugado,550871,1,2026-03-20 09:46:34,Alugado
124692,61294,"MICRO CORE I5 8GB RAM, SSD 240GB NS 49370370035",10591,P M SÃO LUIS/SECRETARIA DE TRÂNSITO E TRANSPORTES-SMTT,Devolução,550794,2,2026-03-19 08:04:21,Devolução
124691,61295,"MICRO CORE I5 8GB RAM, SSD 240GB NS 49370370056",3149,P M CAMOCIM / SECRETARIA DE SAÚDE,Substituição Alugado,555085,5,2026-06-09 16:26:36,Substituição Alugado
124693,61295,"MICRO CORE I5 8GB RAM, SSD 240GB NS 49370370056",10591,P M SÃO LUIS/SECRETARIA DE TRÂNSITO E TRANSPORTES-SMTT,Devolução,550794,2,2026-03-19 08:04:21,Devolução
128830,62225,TRANSFORMADOR SLIM PREMIUM 2000VA S/N,10826,POLÍCIA CIVIL DO ESTADO DA PARAÍBA,Devolução,539843,2,2025-09-08 10:26:25,Devolução
132858,62225,TRANSFORMADOR SLIM PREMIUM S/N,10735,UNIVERSIDADE FEDERAL DO CEARÁ - CAMPUS PORANGABUSSU,Substituição Devolução,539884,3,2025-09-09 08:44:51,Substituição Devolução
125862,62649,"THINKCENTRE CORE I5 LENOVO, 8GB RAM, 256GB NS MJ040CCH",10577,ASSEMBLEIA LEGISLATIVA DO ESTADO DO MARANHÃO-ALEMA,Alugado,509333,1,2023-11-14 18:08:25,Alugado
126104,62649,"MICRO CORE I5 3.2GHZ, MEM 4GB, HD 500GB, GRAV DVD, LEITOR CARTAO",3397,P.M DE MARANGUAPE - ADMINISTRAÇÃO E  FINANÇAAS,Substituição Alugado,509558,5,2023-11-21 08:45:05,Substituição Alugado
125863,62650,"THINKCENTRE CORE I5 LENOVO, 8GB RAM, 256GB NS MJ04E3V9",10577,ASSEMBLEIA LEGISLATIVA DO ESTADO DO MARANHÃO-ALEMA,Alugado,509333,1,2023-11-14 18:08:25,Alugado
125892,62650,ESTABILIZADOR 300 VA FORCELINE,698,SILVANETE DANTAS,Devolução,536709,2,2025-07-14 15:39:56,Devolução
129001,64678,"MICRO I5, 8GB RAM, SSD 240GB SN",3622,ALUCOM LOCACOES,Devolução,531460,2,2025-04-27 17:30:35,Devolução
129002,64678,"MICRO I5, 8GB RAM, SSD 240GB SN",618,P M DE CAUCAIA/ SECRETARIA DE  FINANÇAS,Alugado,512354,1,2024-01-31 09:32:14,Alugado
128502,65232,MULTIFUNCIONAL LASER MONO KYOCERA ECOSYS MA4500IX NS,,,Transferência,528365,6,2025-02-24 10:08:59,Transferência
129467,65232,"MONITOR 19"" LED BLUECASE NS 52666731033",11174,DEPARTAMENTO ESTADUAL DE TRANSITO - CIRETRAN/MA - BARRA DO CORDA,Substituição Devolução,530262,3,2025-04-03 16:09:57,Substituição Devolução
128504,65234,MULTIFUNCIONAL LASER MONO KYOCERA ECOSYS MA4500IX NS,10826,POLÍCIA CIVIL DO ESTADO DA PARAÍBA,Substituição Devolução,525559,3,2025-01-14 11:55:52,Substituição Devolução
129471,65234,"MONITOR 19"" LED BLUECASE NS 52666730221",888,P M DE CAUCAIA - SECRETARIA DE EDUCAÇÃO,Substituição Alugado,528104,5,2025-02-19 08:28:00,Substituição Alugado
128517,65247,MULTIFUNCIONAL LASER MONO KYOCERA ECOSYS MA4500IX NS,10826,POLÍCIA CIVIL DO ESTADO DA PARAÍBA,Alugado,515804,1,2024-04-26 12:55:54,Alugado
129129,65247,MULTIFUNCIONAL LASER MONO KYOCERA  ECOSYS MA5500IFX NS WDS3910782,10662,ALUCOM - BASE SANTOS DUMONT,Alugado,512589,1,2024-02-08 10:06:49,Alugado
128760,65365,"NOTEBOOK ACER I5, 8GB RAM, SSD 256GB NS NXKNFAL001340003BF9Z00",3631,P M DE JUAZEIRO  - SECRETARIA DE AGRICULTURA - SEAGRI,Alugado,512229,1,2024-01-26 16:01:25,Alugado
128890,65365,TRANSFORMADOR SLIM PREMIUM 2000VA S/N,2672,RAFAEL ONORIO - ROTA ZONA NORTE,Alugado,531876,1,2025-05-06 15:33:46,Alugado
129045,65669,CELULAR SAMSUNG GALAXY A03 CORE 32GB NS 350589196364077,1460,ALUCOM - JOÃO PESSOA,Alugado,513962,1,2024-03-18 09:46:05,Alugado
130594,65669,CELULAR SAMSUNG GALAXY A03 CORE 32GB NS 350589196364077,10871,LEANDRO SILVA - ROTA JOÃO PESSOA,Alugado,518604,1,2024-06-21 15:35:56,Alugado
129687,66150,ESTABILIZADOR 500 VA BEM LIGADO NS 12223160300801000202,3798,P M DE BARBALHA / SECRETARIA DE EDUCAÇÃO,Alugado,535796,1,2025-06-26 11:17:44,Alugado
143675,66150,ESTABILIZADOR 500 VA BEM LIGADO NS 12223160300801000202,3798,P M DE BARBALHA / SECRETARIA DE EDUCAÇÃO,Alugado,535796,1,2025-06-26 11:17:44,Alugado
129689,66152,ESTABILIZADOR 500 VA BEM LIGADO NS 12223160300801000091,11939,CENTRO DE EDUCAÇÃO ELITE LTDA - CEE JOÃO PESSOA,Alugado,551686,1,2026-04-06 15:46:59,Alugado
143055,66152,ESTABILIZADOR 500 VA BEM LIGADO NS 12223160300801000091,10662,ALUCOM - BASE SANTOS DUMONT,Devolução,546278,2,2025-12-18 10:03:47,Devolução
129694,66157,ESTABILIZADOR 500 VA BEM LIGADO NS 12223160300801000265,10652,P M CEDRO/ SECRETARIA DE SAÚDE,Alugado,532512,1,2025-05-13 17:18:42,Alugado
143678,66157,ESTABILIZADOR 500 VA BEM LIGADO NS 12223160300801000265,10652,P M CEDRO/ SECRETARIA DE SAÚDE,Alugado,532512,1,2025-05-13 17:18:42,Alugado
129954,66381,ESTABILIZADOR 300VA ETERNITY,11939,CENTRO DE EDUCAÇÃO ELITE LTDA - CEE JOÃO PESSOA,Alugado,551686,1,2026-04-06 15:46:59,Alugado
142454,66381,ESTABILIZADOR 300VA ETERNITY,10389,BASE - ACARAPE / REDENÇÃO,Devolução,530007,2,2025-03-28 10:39:26,Devolução
132972,68799,"MICRO I5 4GB RAM, HD 500GB",2108,P. M. DE CAUCAIA - SAÚDE - UBS FRANCISCO FERREIRA DA SILVA,Substituição Alugado,538107,5,2025-08-11 16:21:26,Substituição Alugado
133766,68799,TRANSFORMADOR SLIM PREMIUM 2000VA S/N,10821,MINISTÉRIO DOS TRANSPORTES - DF,Alugado,516914,1,2024-05-15 10:43:29,Alugado
133042,68947,MULTIFUNCIONAL LASER COLOR KYOCERA ECOSYS MA3500CIX NS H7Q3Y00248,,,,,,,Sem Movimento
133046,68947,MULTIFUNCIONAL LASER COLOR KYOCERA ECOSYS MA3500CIX NS H7Q3Y00248,10846,FUNDAÇÃO CULTURAL PALMARES - DF,Devolução,531194,2,2025-04-22 11:10:00,Devolução
133264,71113,"MICRO I5, 8GB RAM, SSD 128GB NS 4673900052665",10841,P M TIANGUÁ/ SECRETARIA DE SAÚDE,Alugado,516004,1,2024-04-30 16:53:15,Alugado
143734,71113,MULTIFUNCIONAL LASER MONO KYOCERA ECOSYS MA5500IFX NS WDS3X13350,11017,UFSC FLORIANOPOLIS CENTRO DE CIÊNCIAS BIOLÓGICAS - CCB,Alugado,523028,1,2024-10-21 11:21:29,Alugado
133546,71296,SWITCH 48 PORTAS INTELBRAS NS UFAM0900189Q1,10841,P M TIANGUÁ/ SECRETARIA DE SAÚDE,Alugado,516571,1,2024-05-08 15:45:26,Alugado
141587,71296,TRANSFORMADOR SLIM PREMIUM 2000VA S/N,10979,UFSC - FLORIANÓPOLIS - CCE - CENTRO DE COMUNICAÇÃO E EXPRESSÃO,Alugado,521849,1,2024-09-12 17:33:25,Alugado
134660,73493,"MONITOR 19"" LED BLUECASE NS 35955060441",3696,P M DE CASCAVEL-SECRETARIA DE SAÚDE UBS JACARECOARA/ RECEPÇÃO,Substituição Devolução,520806,3,2024-08-19 15:17:59,Substituição Devolução
139942,73493,"MONITOR 19"" BLUECASE NS 35955060441",2417,SEC. DE EDUCAÇÃO DE CAUCAIA - ESCOLA ROBERTO BASTOS MACAMBIRA - 2014,Substituição Alugado,521184,5,2024-08-26 15:37:04,Substituição Alugado
134220,73625,MICRO I5 4GB SSD 120,888,P M DE CAUCAIA - SECRETARIA DE EDUCAÇÃO,Substituição Alugado,523340,5,2024-10-29 16:17:36,Substituição Alugado
142455,73625,MICRO I5 4GB SSD 120,3691,P M DE MARANGUAPE - SECRETARIA DE ADMINISTRACAO E FINANCAS,Substituição Alugado,522097,5,2024-09-20 08:42:29,Substituição Alugado
134743,73679,ESTABILIZADOR 300VA SEDWAY,11938,CENTRO DE EDUCAÇÃO ELITE LTDA - CEE ARACATI,Alugado,552117,1,2026-04-10 15:55:25,Alugado
139536,73679,ESTABILIZADOR 300VA SEDWAY,3721,P M DE CASCAVEL - SECRETARIA DE EDUCAÇÃO,Substituição Devolução,531910,3,2025-05-06 17:52:26,Substituição Devolução
134632,73785,MULTIFUNCIONAL LASER COLOR ECOSYS MA3500CIX NS,,,,,,,Sem Movimento
134736,73785,ESTABILIZADOR 300VA,4377,P M DE CAUCAIA / SECRETARIA DE SAÚDE - CLINICA DO HOMEM,Substituição Alugado,518092,5,2024-06-10 12:02:31,Substituição Alugado
134646,73786,MULTIFUNCIONAL LASER COLOR ECOSYS MA3500CIX NS,,,,,,,Sem Movimento
134742,73786,"MICRO I5 4GB RAM, HD 500GB",3039,P M DE CAUCAIA / AÇÃO SOCIAL - CADASTRO ÚNICO,Substituição Devolução,551391,3,2026-03-31 08:31:26,Substituição Devolução
135098,73923,CELULAR TCL 305I 64GB NS 355843262335320,11297,MULTINTEGRADA PINDORETAMA,Devolução,541057,2,2025-09-29 16:22:31,Devolução
142955,73923,TRANSFORMADOR SLIM PREMIUM 2000VA S/N,11021,UFSC - FLORIANÓPOLIS -  CENTRO DE CIENCIAS AGRARIAS - CCA,Alugado,522563,1,2024-10-04 08:36:13,Alugado
137197,74042,ESTABILIZADOR 500VA COLETEK NS 03243160300801002645,3798,P M DE BARBALHA / SECRETARIA DE EDUCAÇÃO,Alugado,535796,1,2025-06-26 11:17:44,Alugado
137432,74042,ESTABILIZADOR COLETEK 500VA NS 03243160300801002645,3798,P M DE BARBALHA / SECRETARIA DE EDUCAÇÃO,Alugado,535796,1,2025-06-26 11:17:44,Alugado
137199,74045,ESTABILIZADOR 500VA COLETEK NS 03243160300801002646,3798,P M DE BARBALHA / SECRETARIA DE EDUCAÇÃO,Alugado,535796,1,2025-06-26 11:17:44,Alugado
137434,74045,ESTABILIZADOR COLETEK 500VA NS 03243160300801002646,3798,P M DE BARBALHA / SECRETARIA DE EDUCAÇÃO,Alugado,535796,1,2025-06-26 11:17:44,Alugado
137196,74046,ESTABILIZADOR 500VA COLETEK NS 03243160300801002643,4427,P M DE CAUCAIA - SECRETARIA DO GOVERNO - SEGOV,Alugado,528002,1,2025-02-18 14:53:40,Alugado
137433,74046,ESTABILIZADOR COLETEK 500VA NS 03243160300801002647,10891,CAMPANHA PDT 2024,Devolução,522655,2,2024-10-08 15:44:53,Devolução
137195,74047,ESTABILIZADOR 500VA COLETEK NS 03243160300801002648,888,P M DE CAUCAIA - SECRETARIA DE EDUCAÇÃO,Substituição Devolução,548408,3,2026-02-09 14:38:19,Substituição Devolução
137436,74047,ESTABILIZADOR COLETEK 500VA NS 03243160300801002648,888,P M DE CAUCAIA - SECRETARIA DE EDUCAÇÃO,Alugado,534835,1,2025-06-11 09:21:31,Alugado
137200,74048,ESTABILIZADOR 500VA COLETEK NS 03243160300801001097,11970,CENTRO DE EDUCAÇÃO ELITE LTDA - CEE MOSSORO,Alugado,553280,1,2026-05-05 15:12:56,Alugado
137426,74048,ESTABILIZADOR COLETEK 500VA NS 03243160300801001097,3976,COMITE BARBALHA,Devolução,524238,2,2024-11-25 17:50:09,Devolução
137204,74050,ESTABILIZADOR 500VA COLETEK NS 03243160300801001099,11939,CENTRO DE EDUCAÇÃO ELITE LTDA - CEE JOÃO PESSOA,Alugado,551686,1,2026-04-06 15:46:59,Alugado
137430,74050,ESTABILIZADOR COLETEK 500VA NS 03243160300801001099,3976,COMITE BARBALHA,Devolução,524183,2,2024-11-25 12:12:39,Devolução
137893,74060,ESTABILIZADOR COLETEK 500VA NS 74060,10894,JOAQUIM  - CRATO,Devolução,524182,2,2024-11-25 12:02:11,Devolução
140174,74060,ESTABILIZADOR 500VA COLETEK NS 03243160300801001163,,,Transferência,526762,6,2025-02-04 08:34:52,Transferência
137894,74061,ESTABILIZADOR COLETEK 500VA NS 03243160300801001164,10894,JOAQUIM  - CRATO,Devolução,524182,2,2024-11-25 12:02:11,Devolução
140175,74061,ESTABILIZADOR 500VA COLETEK NS 03243160300801001164,10689,PM DE IGUATU - SECRETARIA DE CONTROLADORIA E OUVIDORIA,Alugado,526328,1,2025-01-28 17:57:11,Alugado
137895,74062,ESTABILIZADOR COLETEK 500VA NS 03243160300801001165,,,Transferência,526763,6,2025-02-04 08:34:52,Transferência
140176,74062,ESTABILIZADOR 500VA COLETEK NS 03243160300801001165,10431,ALUCOM LTDA,Alugado,521267,1,2024-08-28 14:58:11,Alugado
137897,74064,ESTABILIZADOR COLETEK 500VA NS 03243160300801001166,3598,P M DE ARACOIABA - SECRETARIA DE FINANÇAS,Alugado,526607,1,2025-01-31 15:22:23,Alugado
140179,74064,ESTABILIZADOR 500VA COLETEK NS 03243160300801001166,10431,ALUCOM LTDA,Devolução,524202,2,2024-11-25 15:56:24,Devolução
137898,74065,ESTABILIZADOR COLETEK 500VA NS 03243160300801001168,3696,P M DE CASCAVEL-SECRETARIA DE SAÚDE UBS JACARECOARA/ RECEPÇÃO,Substituição Alugado,527438,5,2025-02-11 15:38:39,Substituição Alugado
140177,74065,ESTABILIZADOR 500VA COLETEK NS 03243160300801001168,10431,ALUCOM LTDA,Devolução,524202,2,2024-11-25 15:56:24,Devolução
138234,74097,ESTABILIZADOR COLETEK 500VA NS 03243160300801001149,3648,P M DE JUAZEIRO - SECRETARIA DE INFRA ESTRUTURA - SEINFRA,Alugado,519968,1,2024-07-31 14:41:12,Alugado
140210,74097,ESTABILIZADOR 500VA COLETEK NS 03243160300801001149,10431,ALUCOM LTDA,Alugado,521267,1,2024-08-28 14:58:11,Alugado
138807,74098,ESTABILIZADOR COLETEK 500VA NS 03243160300801001148,4463,P M DE FORTALEZA - SECRETARIA MUNICIPAL DA GESTAO REGIONAL - SEGER,Alugado,520123,1,2024-08-05 10:31:21,Alugado
140211,74098,ESTABILIZADOR 500VA COLETEK NS 03243160300801001148,10431,ALUCOM LTDA,Alugado,521267,1,2024-08-28 14:58:11,Alugado
138236,74119,ESTABILIZADOR COLETEK 500VA NS 03243160300801001985,3648,P M DE JUAZEIRO - SECRETARIA DE INFRA ESTRUTURA - SEINFRA,Alugado,519968,1,2024-07-31 14:41:12,Alugado
140215,74119,ESTABILIZADOR 500VA COLETEK NS 03243160300801001985,10431,ALUCOM LTDA,Alugado,521267,1,2024-08-28 14:58:11,Alugado
138238,74123,ESTABILIZADOR COLETEK 500VA NS 03243160300801001989,3648,P M DE JUAZEIRO - SECRETARIA DE INFRA ESTRUTURA - SEINFRA,Alugado,519968,1,2024-07-31 14:41:12,Alugado
140212,74123,ESTABILIZADOR 500VA COLETEK NS 03243160300801001989,10431,ALUCOM LTDA,Alugado,521267,1,2024-08-28 14:58:11,Alugado
138240,74124,ESTABILIZADOR COLETEK 500VA NS 03243160300801001988,3648,P M DE JUAZEIRO - SECRETARIA DE INFRA ESTRUTURA - SEINFRA,Alugado,519968,1,2024-07-31 14:41:12,Alugado
140214,74124,ESTABILIZADOR 500VA COLETEK NS 03243160300801001988,10431,ALUCOM LTDA,Alugado,521267,1,2024-08-28 14:58:11,Alugado
137954,74498,ESTABILIZADOR COLETEK 500VA NS 03243160300801001104,3819,P M DE BARBALHA / SECRETARIA DE SAÚDE,Substituição Devolução,536470,3,2025-07-09 16:40:07,Substituição Devolução
140155,74498,ESTABILIZADOR 500VA COLETEK NS 03243160300801001104,11099,P M CAUCAIA / DESENVOLVIMENTO SOCIAL,Alugado,539585,1,2025-09-03 13:07:23,Alugado
137955,74499,ESTABILIZADOR COLETEK 500VA NS 03243160300801001105,3819,P M DE BARBALHA / SECRETARIA DE SAÚDE,Substituição Devolução,523360,3,2024-10-29 16:33:15,Substituição Devolução
140156,74499,ESTABILIZADOR 500VA COLETEK NS 03243160300801001105,10431,ALUCOM LTDA,Alugado,521267,1,2024-08-28 14:58:11,Alugado
137953,74500,ESTABILIZADOR COLETEK 500VA NS 03243160300801001103,3819,P M DE BARBALHA / SECRETARIA DE SAÚDE,Alugado,519853,1,2024-07-27 15:24:47,Alugado
140157,74500,ESTABILIZADOR 500VA COLETEK NS 03243160300801001103,10431,ALUCOM LTDA,Alugado,521267,1,2024-08-28 14:58:11,Alugado
137956,74501,ESTABILIZADOR COLETEK 500VA NS 03243160300801001106,3819,P M DE BARBALHA / SECRETARIA DE SAÚDE,Alugado,519853,1,2024-07-27 15:24:47,Alugado
140158,74501,ESTABILIZADOR 500VA COLETEK NS 03243160300801001106,10431,ALUCOM LTDA,Alugado,521267,1,2024-08-28 14:58:11,Alugado
138911,74502,ESTABILIZADOR 500VA COLETEK NS 03243160300801001107,3862,P M DE BARBALHA/SECRETARIA DE PLANEJAMENTO E GESTAO,Alugado,524532,1,2024-12-05 11:40:29,Alugado
140160,74502,ESTABILIZADOR 500VA COLETEK NS 03243160300801001107,10431,ALUCOM LTDA,Alugado,521267,1,2024-08-28 14:58:11,Alugado
138167,74503,ESTABILIZADOR COLETEK 500VA NS 03243160300801001108,3576,IZZI SOLUÇÕES EM COBRANÇAS E TELEATENDIMENTO LTDA,Alugado,519923,1,2024-07-30 13:45:54,Alugado
140161,74503,ESTABILIZADOR 500VA COLETEK NS 03243160300801001108,10431,ALUCOM LTDA,Alugado,521267,1,2024-08-28 14:58:11,Alugado
138070,74674,ESTABILIZADOR 500VA COLETEK NS 03243160300801001058,11297,MULTINTEGRADA PINDORETAMA,Substituição Devolução,527786,3,2025-01-09 10:10:56,Substituição Devolução
140196,74674,ESTABILIZADOR 500VA COLETEK NS 03243160300801001058,10431,ALUCOM LTDA,Alugado,521267,1,2024-08-28 14:58:11,Alugado
137190,74747,ESTABILIZADOR 500VA COLETEK NS 03243160300801001259,888,P M DE CAUCAIA - SECRETARIA DE EDUCAÇÃO,Alugado,534835,1,2025-06-11 09:21:31,Alugado
137449,74747,ESTABILIZADOR COLETEK 500VA NS 03243160300801001259,888,P M DE CAUCAIA - SECRETARIA DE EDUCAÇÃO,Alugado,534835,1,2025-06-11 09:21:31,Alugado
137191,74748,ESTABILIZADOR 500VA COLETEK NS 03243160300801001260,11433,FAMA SOLUCOES EM RECUPERACAO DE CREDITO LTDA,Alugado,534646,1,2025-06-09 11:26:21,Alugado
137444,74748,ESTABILIZADOR COLETEK 500VA NS 03243160300801001260,10891,CAMPANHA PDT 2024,Devolução,522655,2,2024-10-08 15:44:53,Devolução
137192,74749,ESTABILIZADOR 500VA COLETEK NS 03243160300801001261,3867,"P M DE IGUATU - SECRETARIA DA EDUCAÇÃO, CULTURA E ENSINO SUPERIOR",Alugado,535735,1,2025-06-25 16:33:17,Alugado
137445,74749,ESTABILIZADOR COLETEK 500VA NS 03243160300801001261,3867,"P M DE IGUATU - SECRETARIA DA EDUCAÇÃO, CULTURA E ENSINO SUPERIOR",Alugado,535735,1,2025-06-25 16:33:17,Alugado
137179,74756,ESTABILIZADOR 500VA COLETEK NS 03243160300801001214,3078,P.M DE CAUCAIA  - SAÚDE - UBS MARIA FERREIRA DO NASCIMENTO,Substituição Alugado,536266,5,2025-07-07 08:26:41,Substituição Alugado
137300,74756,ESTABILIZADOR COLETEK 500VA NS 03243160300801001214,3500,BASE CAUCAIA - ANTONIO VIEIRA - ROTA LITORAL NORTE,Devolução,536242,2,2025-07-04 08:43:37,Devolução
138304,74759,ESTABILIZADOR COLETEK 500VA NS 03243160300801001033,3723,P M DE CASCAVEL - SECRETARIA DE EDUCAÇÃO/ INFORMATICA,Devolução,549630,2,2026-03-02 14:40:27,Devolução
140228,74759,ESTABILIZADOR 500VA COLETEK NS 03243160300801001033,10504,SINDICATO DAS EMPRESAS DE TRANSPORTES DE PASSAGEIROS DO ESTADO DO CEARÁ - ETUFOR,Alugado,551707,1,2026-04-07 08:39:03,Alugado
137154,74760,ESTABILIZADOR 500VA COLETEK NS 03243160300801001032,10431,ALUCOM LTDA,Devolução,523839,2,2024-11-07 16:11:56,Devolução
138303,74760,ESTABILIZADOR COLETEK 500VA NS 03243160300801001032,888,P M DE CAUCAIA - SECRETARIA DE EDUCAÇÃO,Alugado,526910,1,2025-02-05 14:17:04,Alugado
138307,74761,ESTABILIZADOR COLETEK 500VA NS 03243160300801001031,10700,JOSÉ MAURICIO - ROTA ZONA NORTE_GRANJA,Alugado,527902,1,2025-02-17 17:39:56,Alugado
140230,74761,ESTABILIZADOR 500VA COLETEK NS 03243160300801001031,10431,ALUCOM LTDA,Devolução,523839,2,2024-11-07 16:11:56,Devolução
138306,74762,ESTABILIZADOR COLETEK 500VA NS 03243160300801001036,3904,P M DE ACARAPE -SECRETARIA  MUNICIPAL  DE EDUCAÇÃO  DO MUNICIPIO,Alugado,527568,1,2025-02-13 16:56:32,Alugado
140229,74762,ESTABILIZADOR 500VA COLETEK NS 03243160300801001036,10431,ALUCOM LTDA,Devolução,523839,2,2024-11-07 16:11:56,Devolução
138308,74763,ESTABILIZADOR COLETEK 500VA NS 03243160300801001035,11939,CENTRO DE EDUCAÇÃO ELITE LTDA - CEE JOÃO PESSOA,Alugado,551686,1,2026-04-06 15:46:59,Alugado
140231,74763,ESTABILIZADOR 500VA COLETEK NS 03243160300801001035,10431,ALUCOM LTDA,Devolução,523839,2,2024-11-07 16:11:56,Devolução
138305,74764,ESTABILIZADOR COLETEK 500VA NS 03243160300801001034,10524,P M DE FORTALEZA- SECRETARIA MUNICIPAL DE CONSERVAÇÃO E SERVIÇOS PÚBLICOS - SCSP,Substituição Devolução,542637,3,2025-10-24 08:47:45,Substituição Devolução
140232,74764,ESTABILIZADOR 500VA COLETEK NS 03243160300801001034,11321,P.M DE CAUCAIA - EDUCAÇÃO - CEMFA,Substituição Alugado,548069,5,2026-02-02 17:20:22,Substituição Alugado
138310,74765,ESTABILIZADOR COLETEK 500VA NS 03243160300801001117,3904,P M DE ACARAPE -SECRETARIA  MUNICIPAL  DE EDUCAÇÃO  DO MUNICIPIO,Alugado,527568,1,2025-02-13 16:56:32,Alugado
140233,74765,ESTABILIZADOR 500VA COLETEK NS 03243160300801001117,10431,ALUCOM LTDA,Devolução,523839,2,2024-11-07 16:11:56,Devolução
138309,74766,ESTABILIZADOR COLETEK 500VA NS 03243160300801001116,4045,ISGH - LEONARDO DA VINCI,Substituição Alugado,528586,5,2025-02-27 13:25:56,Substituição Alugado
140234,74766,ESTABILIZADOR 500VA COLETEK NS 03243160300801001116,10431,ALUCOM LTDA,Devolução,523839,2,2024-11-07 16:11:56,Devolução
138314,74768,ESTABILIZADOR COLETEK 500VA NS 03243160300801001120,3348,P. M. DE ARACATI - AÇÃO SOCIAL,Substituição Alugado,554561,5,2026-05-28 09:43:36,Substituição Alugado
140236,74768,ESTABILIZADOR 500VA COLETEK NS 03243160300801001120,10431,ALUCOM LTDA,Devolução,523839,2,2024-11-07 16:11:56,Devolução
137163,74769,ESTABILIZADOR 500VA COLETEK NS 03243160300801001119,10431,ALUCOM LTDA,Alugado,521267,1,2024-08-28 14:58:11,Alugado
138312,74769,ESTABILIZADOR COLETEK 500VA NS 03243160300801001119,3904,P M DE ACARAPE -SECRETARIA  MUNICIPAL  DE EDUCAÇÃO  DO MUNICIPIO,Alugado,527568,1,2025-02-13 16:56:32,Alugado
138313,74770,ESTABILIZADOR COLETEK 500VA NS 03243160300801001118,10700,JOSÉ MAURICIO - ROTA ZONA NORTE_GRANJA,Alugado,527902,1,2025-02-17 17:39:56,Alugado
140237,74770,ESTABILIZADOR 500VA COLETEK NS 03243160300801001118,10431,ALUCOM LTDA,Devolução,523839,2,2024-11-07 16:11:56,Devolução
138315,75093,ESTABILIZADOR COLETEK 500VA NS 03243160300801001127,3904,P M DE ACARAPE -SECRETARIA  MUNICIPAL  DE EDUCAÇÃO  DO MUNICIPIO,Alugado,527568,1,2025-02-13 16:56:32,Alugado
140240,75093,ESTABILIZADOR 500VA COLETEK NS 03243160300801001127,10431,ALUCOM LTDA,Devolução,523839,2,2024-11-07 16:11:56,Devolução
138318,75096,ESTABILIZADOR COLETEK 500VA NS 03243160300801001132,10504,SINDICATO DAS EMPRESAS DE TRANSPORTES DE PASSAGEIROS DO ESTADO DO CEARÁ - ETUFOR,Alugado,526100,1,2025-01-24 09:06:25,Alugado
140243,75096,ESTABILIZADOR 500VA COLETEK NS 03243160300801001132,10431,ALUCOM LTDA,Devolução,523839,2,2024-11-07 16:11:56,Devolução
137818,75115,ESTABILIZADOR COLETEK 500VA NS 03243160300801001981,3960,COMITE PACATUBA 2024,Alugado,519848,1,2024-07-27 13:21:18,Alugado
140198,75115,ESTABILIZADOR 500VA COLETEK NS 03243160300801001981,10431,ALUCOM LTDA,Alugado,521267,1,2024-08-28 14:58:11,Alugado
137819,75116,ESTABILIZADOR COLETEK 500VA NS 03243160300801001980,3860,P M DE CASCAVEL/GABINETE DO PREFEITO,Alugado,528430,1,2025-02-24 17:42:34,Alugado
140199,75116,ESTABILIZADOR 500VA COLETEK NS 03243160300801001980,10431,ALUCOM LTDA,Alugado,521267,1,2024-08-28 14:58:11,Alugado
137816,75117,ESTABILIZADOR COLETEK 500VA NS 03243160300801001979,11056,"P M REDENÇÃO - SECRETARIA DE AGRICULTURA, MEIO AMBIENTE E DESENVOLVIMENTO URBANO",Alugado,523605,1,2024-11-04 17:28:09,Alugado
140200,75117,ESTABILIZADOR 500VA COLETEK NS 03243160300801001979,10431,ALUCOM LTDA,Alugado,521267,1,2024-08-28 14:58:11,Alugado
137817,75118,ESTABILIZADOR COLETEK 500VA NS 03243160300801001984,11233,CAMARA MUNICIPAL DE ARACATI,Alugado,527528,1,2025-02-12 17:20:50,Alugado
140201,75118,ESTABILIZADOR 500VA COLETEK NS 03243160300801001984,10431,ALUCOM LTDA,Alugado,521267,1,2024-08-28 14:58:11,Alugado
137806,75120,ESTABILIZADOR COLETEK 500VA NS 03243160300801001982,3967,ALUCOM LOCACOES,Alugado,522684,1,2024-10-09 16:00:34,Alugado
140203,75120,ESTABILIZADOR 500VA COLETEK NS 03243160300801001982,10431,ALUCOM LTDA,Alugado,521267,1,2024-08-28 14:58:11,Alugado
143155,75120,ESTABILIZADOR COLETEK 500VA NS 03243160300801001982,3576,IZZI SOLUÇÕES EM COBRANÇAS E TELEATENDIMENTO LTDA,Substituição Alugado,522686,5,2024-10-09 16:11:56,Substituição Alugado
138369,75121,ESTABILIZADOR COLETEK 500VA NS 03243160300801001189,888,P M DE CAUCAIA - SECRETARIA DE EDUCAÇÃO,Alugado,527675,1,2025-02-14 14:42:14,Alugado
140204,75121,ESTABILIZADOR 500VA COLETEK NS 03243160300801001189,10431,ALUCOM LTDA,Alugado,521267,1,2024-08-28 14:58:11,Alugado
138348,75122,ESTABILIZADOR COLETEK 500VA NS 03243160300801001188,3598,P M DE ARACOIABA - SECRETARIA DE FINANÇAS,Alugado,526607,1,2025-01-31 15:22:23,Alugado
140205,75122,ESTABILIZADOR 500VA COLETEK NS 03243160300801001188,10431,ALUCOM LTDA,Alugado,521267,1,2024-08-28 14:58:11,Alugado
138357,75124,ESTABILIZADOR COLETEK 500VA NS 04243160300801000890,10891,CAMPANHA PDT 2024,Devolução,522655,2,2024-10-08 15:44:53,Devolução
140207,75124,ESTABILIZADOR 500VA COLETEK NS 03243160300801001192,10431,ALUCOM LTDA,Alugado,521267,1,2024-08-28 14:58:11,Alugado
138356,75135,ESTABILIZADOR COLETEK 500VA NS 04243160300801000889,11233,CAMARA MUNICIPAL DE ARACATI,Alugado,527528,1,2025-02-12 17:20:50,Alugado
140227,75135,ESTABILIZADOR 500VA COLETEK NS 04243160300801000889,10431,ALUCOM LTDA,Alugado,521267,1,2024-08-28 14:58:11,Alugado
137530,76185,"MICRO I5, 8GB RAM, SSD 120GB, NS 60674463740",11294,MULTINTEGRADA AQUIRAZ,Substituição Devolução,528856,3,2024-08-19 16:03:47,Substituição Devolução
139930,76185,"MICRO I5, 8GB RAM, SSD 120GB, NS 60674463740",10530,P M JUAZEIRO DO NORTE/ SECRETARIA DE ADMINISTRAÇÃO - SEAD,Substituição Alugado,550142,5,2026-03-10 14:45:24,Substituição Alugado
138769,76540,ESTABILIZADOR 300 VA,3032,P M DE CAUCAIA / AÇÃO SOCIAL - CRAS SEDE,Devolução,542479,2,2025-10-21 14:15:39,Devolução
143107,76540,ESTABILIZADOR 300 VA,3500,BASE CAUCAIA - ANTONIO VIEIRA - ROTA LITORAL NORTE,Devolução,523432,2,2024-10-30 10:37:15,Devolução
141644,78457,ACCESS POINT EQUIPAMENTO PARA TESTE,11000,CLIENTE TESTE ALUCOM,Alugado,532210,1,2025-05-09 11:11:26,Alugado
141995,78457,ESTABILIZADOR COLETEK 500VA NS 06243160300801002352,10974,DEPARTAMENTO ESTADUAL DE TRANSITO - DETRAN/MA,Alugado,521866,1,2024-09-13 10:34:57,Alugado
143553,79897,SWITCH PIX-LINK LV-SW08 8 PORTAS S/N,2155,P. M. DE ARACATI - SECRETARIA DE EDUCAÇÃO,Substituição Alugado,539292,5,2025-08-28 11:36:17,Substituição Alugado
143639,79897,SWITCH PIX-LINK LV-SW08 8 PORTAS SN,11346,IGOR GABRIEL SOUSA DA MAIA - TECNICO BRASILIA,Alugado,535788,1,2025-06-26 09:54:20,Alugado
